2025-05-29T10:32:09.054064,2.5260000000000002,2.5419375,19.806800000000184,0.9120813397129178,0
2025-05-29T10:32:09.075257,2.90025,2.6743125,304.91045000000014,3.791050456720315,0
2025-05-29T10:32:09.095955,2.441625,2.453625,-44.47007499999988,-1.008590691605042,0
2025-05-29T10:32:09.116999,2.205,2.353125,-224.73099999999994,-3.194323618964769,0
2025-05-29T10:32:09.138001,2.6848125,2.580375,140.79016250000004,1.748042627229232,0
2025-05-29T10:32:09.158857,2.8828125,2.6653125,291.6265625,3.5953131796433273,0
2025-05-29T10:32:09.179612,2.4001875,2.4345,-76.03716250000005,-1.424532405393652,0
2025-05-29T10:32:09.200826,2.2183125,2.3737500000000002,-214.5895374999999,-2.7457590256633266,0
2025-05-29T10:32:09.221540,2.7511875,2.6098125,191.3546374999999,2.388266637668549,0
2025-05-29T10:32:09.242622,2.868,2.6589375,280.3423999999999,3.4566659417137875,0
2025-05-29T10:32:09.263623,2.316375,2.3956875,-139.88552500000011,-2.2686494127881645,0
2025-05-29T10:32:09.284478,2.273625,2.3874375,-172.452475,-2.4480752501087455,0
2025-05-29T10:32:09.305737,2.7954375000000002,2.6293125,225.06428750000018,2.8123640713353666,0
2025-05-29T10:32:09.327083,2.785875,2.618625,217.7795749999999,2.579926054806442,0
2025-05-29T10:32:09.351572,2.22525,2.3555625,-209.30455000000003,-3.1413114397564157,0
2025-05-29T10:32:09.375581,2.8351875,2.664,255.34583749999996,3.5667681600695986,0
2025-05-29T10:32:09.399656,2.3394375,2.3977500000000003,-122.31651250000012,-2.223792953458019,0
2025-05-29T10:32:09.423342,2.6116875,2.5693125,85.08353749999995,1.5074488908220989,0
2025-05-29T10:32:09.447663,2.6615625,2.542125,123.07831250000004,0.916159199652022,0
2025-05-29T10:32:09.471341,2.4005625,2.448375,-75.75148750000005,-1.1227707698999572,0
2025-05-29T10:32:09.495734,2.8695,2.6529375,281.48509999999993,3.3261744236624655,0
2025-05-29T10:32:09.519470,2.2021875,2.358,-226.87356250000002,-3.0882992605480624,0
2025-05-29T10:32:09.543509,2.90775,2.683875,310.62395000000004,3.999021313614615,0
2025-05-29T10:32:09.567017,2.243625,2.3656875,-195.30647499999984,-2.921107003044803,0
2025-05-29T10:32:09.590575,2.7285,2.6075625000000002,174.07129999999992,2.339332318399309,0
2025-05-29T10:32:09.614163,2.569125,2.527875,52.65942500000008,0.606241844280119,0
2025-05-29T10:32:09.637518,2.3473125,2.42475,-116.3173374999999,-1.636581122227056,0
2025-05-29T10:32:09.661024,2.8831875,2.6593125,291.9122375,3.464821661591996,0
2025-05-29T10:32:09.685031,2.191875,2.3443125,-234.72962499999997,-3.385983036102653,0
2025-05-29T10:32:09.708813,2.8468125,2.6655,264.2017625,3.5993910395824313,0
2025-05-29T10:32:09.732676,2.364375,2.4045,-103.31912500000007,-2.076989995650281,0
2025-05-29T10:32:09.756197,2.5957500000000002,2.541375,72.94235000000016,0.8998477598956055,0
2025-05-29T10:32:09.780000,2.626125,2.5456875,96.08202500000003,0.9936385384950001,0
2025-05-29T10:32:09.803529,2.307375,2.3986875,-146.74172500000003,-2.2034036537625084,0
2025-05-29T10:32:09.827025,2.9128125000000002,2.6754375,314.4805625000002,3.81551761635494,0
2025-05-29T10:32:09.850282,2.2258125,2.355375,-208.8760375,-3.1453892996955197,0
2025-05-29T10:32:09.873748,2.7275625,2.6008125,173.35711249999991,2.192529360591561,0
2025-05-29T10:32:09.897233,2.5565625,2.503875,43.08931250000005,0.08427577207481189,0
2025-05-29T10:32:09.920516,2.3341875,2.4260625,-126.31596249999993,-1.6080361026533272,0
2025-05-29T10:32:09.943939,2.8918125,2.675625,298.4827624999999,3.819595476294044,0
2025-05-29T10:32:09.967102,2.2070625,2.3503125000000002,-223.15978749999988,-3.255491518051321,0
2025-05-29T10:32:09.990257,2.7526875,2.6124375,192.49733749999996,2.445356676816006,0
2025-05-29T10:32:10.013350,2.5955625,2.5280625,72.79951250000016,0.6103197042192231,0
2025-05-29T10:32:10.036487,2.2936875,2.39475,-157.16886250000007,-2.289038712483685,0
2025-05-29T10:32:10.059637,2.9175,2.683875,318.0515,3.999021313614615,0
2025-05-29T10:32:10.083908,2.2605,2.3536875,-182.45110000000003,-3.182090039147457,0
2025-05-29T10:32:10.107329,2.7740625,2.6311875000000002,208.78081249999988,2.853142670726408,0
2025-05-29T10:32:10.131052,2.5029375000000003,2.4735,2.237787500000197,-0.5763375380600254,0
2025-05-29T10:32:10.154244,2.404125,2.4526875,-73.03757499999995,-1.0289799913005626,0
2025-05-29T10:32:10.177485,2.8775625000000002,2.6596875,287.6271125000002,3.472977381470204,0
2025-05-29T10:32:10.201828,2.161125,2.3431875,-258.15497499999987,-3.4104501957372775,0
2025-05-29T10:32:10.225871,2.8854375,2.683125,293.62628750000005,3.982709873858199,0
2025-05-29T10:32:10.248906,2.2963125,2.3923125,-155.1691375,-2.342050891692039,0
2025-05-29T10:32:10.272060,2.578875,2.5280625,60.08697500000002,0.6103197042192231,0
2025-05-29T10:32:10.295618,2.7729375000000003,2.6083125000000003,207.9237875000002,2.3556437581557255,0
2025-05-29T10:32:10.319460,2.2220625,2.3664375,-211.73278750000011,-2.904795563288387,0
2025-05-29T10:32:10.343788,2.9101875,2.674125,312.4808375000001,3.786972596781211,0
2025-05-29T10:32:10.366943,2.204625,2.3476875,-225.01667499999994,-3.312581557198779,0
2025-05-29T10:32:10.390296,2.7600000000000002,2.6199375000000003,198.06800000000015,2.6084710743801707,0
2025-05-29T10:32:10.413417,2.55975,2.5115625,45.51755000000014,0.2514680295780805,0
2025-05-29T10:32:10.436580,2.317125,2.4061875,-139.3141750000001,-2.040289256198344,0
2025-05-29T10:32:10.459671,2.9135625000000003,2.680875,315.0519125000002,3.9337755545889497,0
2025-05-29T10:32:10.482858,2.2430625,2.367375,-195.73498749999985,-2.8844062635928664,0
2025-05-29T10:32:10.505905,2.6739375,2.5745625,132.50558750000005,1.6216289691170045,0
2025-05-29T10:32:10.529493,2.5970625000000003,2.54175,73.94221250000021,0.9080034797738137,0
2025-05-29T10:32:10.552559,2.261625,2.3814375,-181.594075,-2.5785667681600675,0
2025-05-29T10:32:10.575747,2.9195625,2.6836875,319.62271250000003,3.994943453675511,0
2025-05-29T10:32:10.599088,2.2875,2.3803125,-161.88249999999994,-2.603033927794692,0
2025-05-29T10:32:10.622479,2.6330625,2.5651875,101.36701249999989,1.4177359721618086,0
2025-05-29T10:32:10.645628,2.6985,2.5726875000000002,151.21730000000008,1.580850369725973,0
2025-05-29T10:32:10.669516,2.2785,2.3870625,-168.73869999999985,-2.4562309699869536,0
2025-05-29T10:32:10.693046,2.9109375,2.679375,313.0521875000001,3.9011526750761165,0
2025-05-29T10:32:10.717606,2.187375,2.3491875,-238.1577250000001,-3.2799586776859457,0
2025-05-29T10:32:10.741755,2.89425,2.675625,300.33964999999995,3.819595476294044,0
2025-05-29T10:32:10.765379,2.3041875,2.3986875,-149.1699625000001,-2.2034036537625084,0
2025-05-29T10:32:10.788913,2.625,2.5513125,95.225,1.1159743366681139,0
2025-05-29T10:32:10.812264,2.6895000000000002,2.572125,144.36110000000016,1.5686167899086607,0
2025-05-29T10:32:10.835657,2.2327500000000002,2.3715,-203.5910499999998,-2.794693344932576,0
2025-05-29T10:32:10.858978,2.9130000000000003,2.683875,314.6234000000002,3.999021313614615,0
2025-05-29T10:32:10.882212,2.28225,2.3844375,-165.88195000000007,-2.5133210091344016,0
2025-05-29T10:32:10.905334,2.6195625000000002,2.5496250000000003,91.08271250000017,1.0792735972161864,0
2025-05-29T10:32:10.928808,2.7354375,2.5914375,179.35628750000012,1.9886363636363649,0
2025-05-29T10:32:10.953388,2.2275,2.4069375,-207.59049999999996,-2.0239778164419273,0
2025-05-29T10:32:10.976790,2.893875,2.6670000000000003,300.053975,3.6320139190952645,0
2025-05-29T10:32:10.999931,2.2063125,2.348625,-223.7311374999999,-3.2921922575032583,0
2025-05-29T10:32:11.023229,2.756625,2.61525,195.49692500000006,2.506524575902568,0
2025-05-29T10:32:11.046395,2.568375,2.5153125,52.08807500000005,0.33302522836015314,0
2025-05-29T10:32:11.069621,2.310375,2.404125,-144.45632499999994,-2.085145715528489,0
2025-05-29T10:32:11.092660,2.9000625,2.6805,304.76761250000015,3.925619834710741,0
2025-05-29T10:32:11.115828,2.2434375,2.367,-195.44931249999985,-2.8925619834710745,0
2025-05-29T10:32:11.139818,2.715375,2.5935,164.0726749999999,2.0334928229665103,0
2025-05-29T10:32:11.163791,2.5550625,2.481375,41.94661250000001,-0.4050674206176623,0
2025-05-29T10:32:11.187289,2.3923125,2.461125,-82.03633749999995,-0.8454762940408872,0
2025-05-29T10:32:11.210901,2.8545000000000003,2.651625,270.0581000000002,3.297629404088737,0
2025-05-29T10:32:11.234337,2.19225,2.344875,-234.44394999999997,-3.3737494562853407,0
2025-05-29T10:32:11.257468,2.8753125,2.6653125,285.9130625000001,3.5953131796433273,0
2025-05-29T10:32:11.280688,2.4285,2.44725,-54.46869999999992,-1.1472379295345818,0
2025-05-29T10:32:11.303870,2.4375,2.4669375000000002,-47.6125,-0.7190626359286597,0
2025-05-29T10:32:11.327017,2.862,2.65425,275.77160000000003,3.3547194432361946,0
2025-05-29T10:32:11.350268,2.19375,2.34375,-233.30124999999992,-3.3982166159199654,0
2025-05-29T10:32:11.373917,2.8216875,2.649,245.0615374999999,3.2405393649412795,0
2025-05-29T10:32:11.397846,2.4105,2.429625,-68.1811000000001,-1.5305567638103492,0
2025-05-29T10:32:11.421376,2.5194375,2.5250625,14.807487499999997,0.545073945193567,0
2025-05-29T10:32:11.444595,2.7736875,2.6105625,208.49513749999988,2.404578077424965,0
2025-05-29T10:32:11.467899,2.2006875,2.3503125000000002,-228.01626250000007,-3.255491518051321,0
2025-05-29T10:32:11.491100,2.893125,2.674125,299.4826249999999,3.786972596781211,0
2025-05-29T10:32:11.514238,2.3775,2.4256875,-93.32050000000004,-1.6161918225315355,0
2025-05-29T10:32:11.537355,2.48775,2.4868125,-9.332049999999901,-0.28680948238364307,0
2025-05-29T10:32:11.560721,2.8363125,2.6416875,256.2028625,3.0815028273162284,0
2025-05-29T10:32:11.584114,2.188875,2.344125,-237.01502500000007,-3.390060896041757,0
2025-05-29T10:32:11.607732,2.862,2.6698125,275.77160000000003,3.6931818181818166,0
2025-05-29T10:32:11.631094,2.3686875,2.4185625,-100.03386249999996,-1.771150500217482,0
2025-05-29T10:32:11.654344,2.5325625,2.5085625,24.806112500000037,0.18622227055241472,0
2025-05-29T10:32:11.678310,2.74575,2.5858125,187.2123500000001,1.8663005654632416,0
2025-05-29T10:32:11.701483,2.2254375,2.364,-209.16171250000002,-2.9578077424967404,0
2025-05-29T10:32:11.725259,2.9019375000000003,2.679375,306.1959875000002,3.9011526750761165,0
2025-05-29T10:32:11.748766,2.265,2.3671875,-179.02299999999988,-2.8884841235319705,0
2025-05-29T10:32:11.772180,2.6938125,2.5841250000000002,147.64636249999995,1.8295998260113142,0
2025-05-29T10:32:11.796204,2.5858125,2.5168125,65.37196249999988,0.365648107872986,0
2025-05-29T10:32:11.820306,2.3270625000000003,2.4343125,-131.7437874999998,-1.428610265332756,0
2025-05-29T10:32:11.844606,2.821875,2.6270625,245.2043749999999,2.7634297520661173,0
2025-05-29T10:32:11.868983,2.2005,2.372625,-228.15910000000005,-2.7702261852979513,0
2025-05-29T10:32:11.892932,2.9195625,2.673,319.62271250000003,3.7625054371465865,0
2025-05-29T10:32:11.916388,2.2100625000000003,2.3501250000000002,-220.87438749999978,-3.2595693779904256,0
2025-05-29T10:32:11.939526,2.79825,2.6293125,227.20684999999992,2.8123640713353666,0
2025-05-29T10:32:11.962726,2.5479375,2.5074375,36.518787500000144,0.16175511091779005,0
2025-05-29T10:32:11.986541,2.332125,2.4260625,-127.88717499999998,-1.6080361026533272,0
2025-05-29T10:32:12.010458,2.8651875,2.6529375,278.19983750000017,3.3261744236624655,0
2025-05-29T10:32:12.033601,2.1931875,2.34525,-233.72976249999994,-3.365593736407132,0
2025-05-29T10:32:12.056895,2.856,2.6563125,271.2007999999999,3.39957590256633,0
2025-05-29T10:32:12.080343,2.4204375000000002,2.445,-60.61071249999981,-1.1961722488038313,0
2025-05-29T10:32:12.103959,2.5145625000000003,2.5006875,11.093712500000194,0.014952153110051634,0
2025-05-29T10:32:12.127338,2.7928125,2.622,223.0645625000001,2.653327533710306,0
2025-05-29T10:32:12.150720,2.202,2.3514375,-227.01640000000003,-3.231024358416706,0
2025-05-29T10:32:12.174248,2.899125,2.67675,304.0534250000001,3.8440626359286685,0
2025-05-29T10:32:12.197839,2.3285625,2.4020625,-130.6010875000001,-2.1300021748586344,0
2025-05-29T10:32:12.221809,2.6188125,2.566125,90.51136250000016,1.438125271857329,0
2025-05-29T10:32:12.245736,2.6236875,2.5305,94.22513749999996,0.6633318834275765,0
2025-05-29T10:32:12.269601,2.354625,2.435625,-110.74667500000002,-1.4000652457590272,0
2025-05-29T10:32:12.292799,2.8850625,2.6634375,293.3406125,3.5545345802522865,0
2025-05-29T10:32:12.316188,2.1975000000000002,2.346375,-230.4444999999998,-3.3411265767725076,0
2025-05-29T10:32:12.339373,2.794875,2.632875,224.63577500000017,2.8898434101783352,0
2025-05-29T10:32:12.362553,2.539875,2.5020000000000002,30.37677499999991,0.04349717268378042,0
2025-05-29T10:32:12.385942,2.3353125,2.4318750000000002,-125.45893749999989,-1.4816224445410997,0
2025-05-29T10:32:12.409139,2.8963125,2.6715,301.9108625,3.7298825576337533,0
2025-05-29T10:32:12.433212,2.20425,2.3506875000000003,-225.30234999999996,-3.247335798173113,0
2025-05-29T10:32:12.456759,2.8471875,2.6615625,264.4874375,3.5137559808612453,0
2025-05-29T10:32:12.479968,2.4326250000000003,2.4495,-51.3262749999998,-1.0983036102653325,0
2025-05-29T10:32:12.503558,2.473125,2.4849375,-20.473374999999987,-0.3275880817746842,0
2025-05-29T10:32:12.527365,2.829,2.63775,250.63220000000013,2.9958677685950423,0
2025-05-29T10:32:12.550544,2.2048125,2.3521875,-224.87383749999995,-3.2147129186602896,0
2025-05-29T10:32:12.573810,2.8785000000000003,2.67375,288.3413000000002,3.778816876903003,0
2025-05-29T10:32:12.596959,2.3724375,2.42325,-97.17711249999984,-1.669204001739889,0
2025-05-29T10:32:12.620087,2.4950625,2.4883125,-3.7613875000000294,-0.25418660287081013,0
2025-05-29T10:32:12.643905,2.8235625,2.6317500000000003,246.48991249999997,2.8653762505437204,0
2025-05-29T10:32:12.668461,2.193375,2.35275,-233.58692499999992,-3.2024793388429775,0
2025-05-29T10:32:12.691973,2.9133750000000003,2.67975,314.9090750000002,3.9093083949543246,0
2025-05-29T10:32:12.715261,2.2258125,2.359125,-208.8760375,-3.0638321009134377,0
2025-05-29T10:32:12.738619,2.72325,2.5985625,170.07185000000013,2.1435950413223117,0
2025-05-29T10:32:12.762492,2.5951875,2.517,72.51383750000015,0.3697259678120901,0
2025-05-29T10:32:12.786313,2.3623125000000003,2.433375,-104.8903374999998,-1.4489995650282765,0
2025-05-29T10:32:12.810305,2.851125,2.6461875,267.4870250000001,3.1793714658547176,0
2025-05-29T10:32:12.833826,2.2006875,2.35575,-228.01626250000007,-3.1372335798173117,0
2025-05-29T10:32:12.857890,2.899875,2.681625,304.6247750000001,3.950086994345366,0
2025-05-29T10:32:12.881180,2.26575,2.3780625,-178.4516499999999,-2.6519682470639414,0
2025-05-29T10:32:12.904474,2.6430000000000002,2.563875,108.93740000000018,1.3891909525880797,0
2025-05-29T10:32:12.927696,2.697,2.5749375,150.07460000000003,1.6297846889952128,0
2025-05-29T10:32:12.951486,2.2374375,2.3683125,-200.0201125,-2.864016963897346,0
2025-05-29T10:32:12.974731,2.919375,2.6835,319.47987500000005,3.990865593736407,0
2025-05-29T10:32:12.998009,2.251125,2.3728125,-189.59297499999997,-2.7661483253588472,0
2025-05-29T10:32:13.021262,2.67375,2.577,132.36275000000003,1.6746411483253578,0
2025-05-29T10:32:13.044754,2.661375,2.5453125,122.93547500000003,0.9854828186167919,0
2025-05-29T10:32:13.069072,2.275875,2.3953125,-170.73842499999992,-2.276805132666373,0
2025-05-29T10:32:13.092965,2.8715625,2.647125,283.0563125,3.1997607655502383,0
2025-05-29T10:32:13.116760,2.2055625,2.3508750000000003,-224.30248749999993,-3.243257938234009,0
2025-05-29T10:32:13.140202,2.8888125000000002,2.6745,296.19736250000017,3.795128316659419,0
2025-05-29T10:32:13.163639,2.34225,2.4086250000000002,-120.17395000000003,-1.9872770769899906,0
2025-05-29T10:32:13.187101,2.5786875,2.529375,59.94413750000001,0.6388647237929519,0
2025-05-29T10:32:13.210588,2.73825,2.5921875,181.49884999999986,2.0049478033927812,0
2025-05-29T10:32:13.234608,2.2329375000000002,2.367375,-203.4482124999998,-2.8844062635928664,0
2025-05-29T10:32:13.258592,2.9165625,2.6743125,317.33731249999994,3.791050456720315,0
2025-05-29T10:32:13.283188,2.1825,2.3480625,-241.8714999999999,-3.304425837320571,0
2025-05-29T10:32:13.307270,2.9025,2.6786250000000003,306.6244999999999,3.8848412353197097,0
2025-05-29T10:32:13.330690,2.30775,2.3889375,-146.45605,-2.415452370595913,0
2025-05-29T10:32:13.353908,2.61375,2.545875,86.65475,0.9977163984341042,0
2025-05-29T10:32:13.377180,2.7298125,2.58825,175.07116249999996,1.919312744671595,0
2025-05-29T10:32:13.400463,2.2211250000000002,2.3621250000000003,-212.4469749999998,-2.998586341887772,0
2025-05-29T10:32:13.423732,2.91,2.6803125,312.3380000000001,3.921541974771637,0
2025-05-29T10:32:13.446955,2.325375,2.4013125,-133.02932499999986,-2.146313614615051,0
2025-05-29T10:32:13.470154,2.5621875,2.5235625,47.37443749999988,0.5124510656807341,0
2025-05-29T10:32:13.494232,2.7549375,2.5880625,194.21138750000003,1.915234884732491,0
2025-05-29T10:32:13.517577,2.25975,2.3795625,-183.02245000000005,-2.6193453675511087,0
2025-05-29T10:32:13.540833,2.916375,2.6833125,317.19447499999995,3.986787733797303,0
2025-05-29T10:32:13.564219,2.2723125,2.3754375,-173.45233750000003,-2.709058286211399,0
2025-05-29T10:32:13.587481,2.650875,2.56575,114.93657500000006,1.429969551979121,0
2025-05-29T10:32:13.610765,2.6898750000000002,2.56725,144.64677500000016,1.4625924314919536,0
2025-05-29T10:32:13.633969,2.243625,2.371125,-195.30647499999984,-2.802849064810784,0
2025-05-29T10:32:13.657188,2.9150625,2.683125,316.1946124999999,3.982709873858199,0
2025-05-29T10:32:13.680594,2.295,2.3833125,-156.16900000000004,-2.5377881687690262,0
2025-05-29T10:32:13.704307,2.625,2.574,95.225,1.6093953892996922,0
2025-05-29T10:32:13.727829,2.6416875,2.5608750000000002,107.93753750000013,1.3239451935624236,0
2025-05-29T10:32:13.751063,2.284125,2.3904375,-164.45357500000003,-2.3828294910830796,0
2025-05-29T10:32:13.774367,2.9180625,2.68275,318.4800125,3.9745541539799905,0
2025-05-29T10:32:13.798389,2.241375,2.35875,-197.0205249999999,-3.071987820791646,0
2025-05-29T10:32:13.822200,2.7875625,2.6435625000000003,219.06511249999994,3.1222814267072696,0
2025-05-29T10:32:13.845431,2.48625,2.4765,-10.474749999999945,-0.5110917790343597,0
2025-05-29T10:32:13.868672,2.39025,2.4459375,-83.60755,-1.1757829491083107,0
2025-05-29T10:32:13.892261,2.88225,2.6664375000000002,291.19804999999997,3.619780339277952,0
2025-05-29T10:32:13.916443,2.1815625,2.34525,-242.58568749999992,-3.365593736407132,0
2025-05-29T10:32:13.939527,2.8875,2.6698125,295.1975000000001,3.6931818181818166,0
2025-05-29T10:32:13.962934,2.393625,2.4322500000000002,-81.03647499999991,-1.4734667246628916,0
2025-05-29T10:32:13.986410,2.5089375,2.4995625,6.808587500000032,-0.009515006524573044,0
2025-05-29T10:32:14.009670,2.7905625,2.618625,221.35051250000004,2.579926054806442,0
2025-05-29T10:32:14.036096,2.202375,2.35125,-226.730725,-3.2351022183558102,0
2025-05-29T10:32:14.065745,2.7088125,2.4665625,159.07336250000003,-0.7272183558068679,0
2025-05-29T10:32:14.097149,2.9122500000000002,2.6608125,314.0520500000002,3.4974445411048287,0
2025-05-29T10:32:14.128563,2.8738125,2.67975,284.7703625000001,3.9093083949543246,0
2025-05-29T10:32:14.156247,2.5190625,2.586375,14.521812499999985,1.878534145280554,0
2025-05-29T10:32:14.183745,2.297625,2.3611875,-154.16927499999997,-3.0189756415832925,0
2025-05-29T10:32:14.210434,2.9176875,2.663625,318.19433749999996,3.5586124401913906,0
2025-05-29T10:32:14.237673,2.31,2.4442500000000003,-144.74199999999996,-1.212483688560238,0
2025-05-29T10:32:14.266728,2.49975,2.386875,-0.19044999999989443,-2.460308829926058,0
2025-05-29T10:32:14.295080,2.9191875,2.6338125,319.3370375,2.910232709873856,0
2025-05-29T10:32:14.322998,2.475,2.5513125,-19.04499999999993,1.1159743366681139,0
2025-05-29T10:32:14.351751,2.236875,2.3450625,-200.44862500000002,-3.3696715963462363,0
2025-05-29T10:32:14.378554,2.8340625,2.59725,254.48881249999994,2.1150500217485826,0
2025-05-29T10:32:14.405242,2.4928125,2.5381875000000003,-5.475437500000094,0.8305241409308453,0
2025-05-29T10:32:14.431914,2.3926875,2.3919375,-81.75066249999993,-2.350206611570247,0
2025-05-29T10:32:14.459452,2.8835625,2.6818125,292.19791250000003,3.95416485428447,0
2025-05-29T10:32:14.486193,2.2389375,2.3979375,-198.87741249999996,-2.219715093518925,0
2025-05-29T10:32:14.512832,2.7099375,2.5306875,159.93038750000008,0.6674097433666807,0
2025-05-29T10:32:14.541757,2.6371875,2.64225,104.5094375,3.093736407133541,0
2025-05-29T10:32:14.570239,2.220375,2.3964375,-213.01832499999983,-2.2523379730317483,0
2025-05-29T10:32:14.598511,2.5805625,2.464875,61.37251250000007,-0.763919095258805,0
2025-05-29T10:32:14.627647,2.896125,2.6746875,301.768025,3.799206176598523,0
2025-05-29T10:32:14.655052,2.4099375,2.535375,-68.60961250000011,0.7693562418442835,0
2025-05-29T10:32:14.681941,2.4054375,2.391,-72.03771249999991,-2.3705959112657675,0
2025-05-29T10:32:14.708706,2.893125,2.6835,299.4826249999999,3.990865593736407,0
2025-05-29T10:32:14.736260,2.2066875,2.3720625,-223.44546249999988,-2.7824597651152634,0
2025-05-29T10:32:14.763817,2.6660625000000002,2.4834375,126.50641250000017,-0.36021096128751706,0
2025-05-29T10:32:14.791035,2.78175,2.665875,214.6371500000001,3.60754675946064,0
2025-05-29T10:32:14.818518,2.193375,2.3574375,-233.58692499999992,-3.1005328403653745,0
2025-05-29T10:32:14.846894,2.7943125,2.5531875,224.20726250000013,1.1567529360591549,0
2025-05-29T10:32:14.875935,2.7680625,2.677125,204.21001250000006,3.852218355806877,0
2025-05-29T10:32:14.905012,2.253,2.4635625,-188.1645999999999,-0.7924641148325338,0
2025-05-29T10:32:14.934120,2.367375,2.354625,-101.03372499999999,-3.1617007394519363,0
2025-05-29T10:32:14.960968,2.8725,2.625,283.7705,2.718573292735972,0
2025-05-29T10:32:14.988237,2.4075,2.5055625,-70.46649999999984,0.1209765115267489,0
2025-05-29T10:32:15.016698,2.3821875,2.352,-89.7495624999999,-3.218790778599394,0
2025-05-29T10:32:15.044091,2.9145,2.6600625,315.7660999999999,3.481133101348412,0
2025-05-29T10:32:15.073327,2.4135,2.5621875,-65.89570000000002,1.3524902131361427,0
2025-05-29T10:32:15.102543,2.2141875,2.3559375,-217.7319625,-3.1331557198782076,0
2025-05-29T10:32:15.131604,2.686125,2.4568125,141.79002500000007,-0.9392670726402818,0
2025-05-29T10:32:15.158846,2.8951875,2.6833125,301.0538375,3.986787733797303,0
2025-05-29T10:32:15.185572,2.2224375,2.3863125,-211.44711250000012,-2.47254240974337,0
2025-05-29T10:32:15.212527,2.7185625,2.5396875,166.5009125,0.8631470204436684,0
2025-05-29T10:32:15.240532,2.6544375000000002,2.6323125,117.65048750000017,2.8776098303610227,0
2025-05-29T10:32:15.268790,2.1954375,2.349,-232.01571249999986,-3.28403653762505,0
2025-05-29T10:32:15.297974,2.7163125,2.4774375,164.78686249999993,-0.49070247933883904,0
2025-05-29T10:32:15.326374,2.8884375,2.6784375000000002,295.91168750000014,3.8807633753806057,0
2025-05-29T10:32:15.353912,2.319,2.471625,-137.88580000000002,-0.6171161374510665,0
2025-05-29T10:32:15.380737,2.4920625,2.4301875,-6.046787500000116,-1.518323183993037,0
2025-05-29T10:32:15.407441,2.8314375000000003,2.6716875,252.48908750000018,3.733960417572858,0
2025-05-29T10:32:15.435264,2.1866250000000003,2.3754375,-238.7290749999998,-2.709058286211399,0
2025-05-29T10:32:15.463601,2.692875,2.4984375,146.93217499999992,-0.03398216615919772,0
2025-05-29T10:32:15.490452,2.7975,2.661375,226.6354999999999,3.5096781209221413,0
2025-05-29T10:32:15.517410,2.2003125,2.3469375,-228.30193750000007,-3.3288929969551955,0
2025-05-29T10:32:15.545623,2.8614375,2.6184375,275.3430875,2.575848194867338,0
2025-05-29T10:32:15.574782,2.6656875,2.6559375,126.22073750000015,3.3914201826881216,0
2025-05-29T10:32:15.603849,2.2070625,2.4163125,-223.15978749999988,-1.8200848194867314,0
2025-05-29T10:32:15.632890,2.464875,2.379375,-26.758224999999886,-2.6234232274902127,0
2025-05-29T10:32:15.660279,2.897625,2.64975,302.91072500000007,3.2568508046976956,0
2025-05-29T10:32:15.688277,2.4106875,2.5269375,-68.03826250000009,0.5858525445845985,0
2025-05-29T10:32:15.715177,2.3484375,2.3709375,-115.46031249999986,-2.806926924749888,0
2025-05-29T10:32:15.742250,2.9133750000000003,2.6829375,314.9090750000002,3.978632013919095,0
2025-05-29T10:32:15.771476,2.2680000000000002,2.476125,-176.73759999999982,-0.5192474989125678,0
2025-05-29T10:32:15.800537,2.3405625,2.3499375000000002,-121.45948750000008,-3.2636472379295296,0
2025-05-29T10:32:15.829005,2.8528125,2.5608750000000002,268.7725625000001,1.3239451935624236,0
2025-05-29T10:32:15.856535,2.6814375,2.6398125,138.21908749999994,3.0407242279251876,0
2025-05-29T10:32:15.883745,2.205375,2.345625,-224.4453249999999,-3.357438016528924,0
2025-05-29T10:32:15.910935,2.86275,2.6161875,276.3429500000001,2.5269138755980887,0
2025-05-29T10:32:15.938256,2.51925,2.5606875000000002,14.664649999999991,1.3198673336233195,0
2025-05-29T10:32:15.964985,2.3345625,2.3724375,-126.03028749999991,-2.7743040452370553,0
2025-05-29T10:32:15.991761,2.9105625,2.683125,312.7665125000001,3.982709873858199,0
2025-05-29T10:32:16.018465,2.224875,2.3881875,-209.59022500000003,-2.431763810352329,0
2025-05-29T10:32:16.045582,2.7405,2.5464375,183.21289999999993,1.0099499782514165,0
2025-05-29T10:32:16.074932,2.6953125,2.663625,148.7890625,3.5586124401913906,0
2025-05-29T10:32:16.104389,2.226375,2.4798750000000003,-208.44752499999998,-0.43769030013048554,0
2025-05-29T10:32:16.133511,2.3518125,2.3484375,-112.88923750000009,-3.2962701174423623,0
2025-05-29T10:32:16.161435,2.8515,2.577,267.7727000000001,1.6746411483253578,0
2025-05-29T10:32:16.188221,2.5695,2.5730625000000003,52.94510000000009,1.589006089604181,0
2025-05-29T10:32:16.214962,2.328,2.371125,-131.0296000000001,-2.802849064810784,0
2025-05-29T10:32:16.241684,2.9101875,2.682375,312.4808375000001,3.9663984341017824,0
2025-05-29T10:32:16.270666,2.2331250000000002,2.443125,-203.3053749999998,-1.2369508481948628,0
2025-05-29T10:32:16.299819,2.40075,2.3617500000000002,-75.60865000000004,-3.00674206176598,0
2025-05-29T10:32:16.328491,2.8790625,2.6281875,288.7698124999999,2.787896911700742,0
2025-05-29T10:32:16.356950,2.7151875,2.668875,163.92983749999988,3.672792518486296,0
2025-05-29T10:32:16.384286,2.1958125,2.35275,-231.73003749999987,-3.2024793388429775,0
2025-05-29T10:32:16.411463,2.798625,2.559375,227.49252499999992,1.2913223140495906,0
2025-05-29T10:32:16.438259,2.5903125,2.58075,68.80006250000001,1.7561983471074403,0
2025-05-29T10:32:16.465019,2.308875,2.3638125,-145.59902499999998,-2.9618856024358444,0
2025-05-29T10:32:16.491807,2.9188125,2.6810625,319.0513625,3.9378534145280537,0
2025-05-29T10:32:16.518563,2.244,2.4028125,-195.0207999999998,-2.113690735102218,0
2025-05-29T10:32:16.546734,2.694375,2.478375,148.07487499999996,-0.4703131796433185,0
2025-05-29T10:32:16.575635,2.845125,2.677125,262.9162249999999,3.852218355806877,0
2025-05-29T10:32:16.604798,2.3075625,2.50125,-146.59888750000002,0.02718573292736397,0
2025-05-29T10:32:16.634206,2.2916250000000002,2.3445,-158.7400749999998,-3.381905176163549,0
2025-05-29T10:32:16.663079,2.78625,2.4495,218.0652499999999,-1.0983036102653325,0
2025-05-29T10:32:16.690137,2.7976875,2.668875,226.7783374999999,3.672792518486296,0
2025-05-29T10:32:16.716942,2.1946875,2.3503125000000002,-232.5870624999999,-3.255491518051321,0
2025-05-29T10:32:16.743732,2.85075,2.6098125,267.20135000000005,2.388266637668549,0
2025-05-29T10:32:16.770837,2.4551250000000002,2.521125,-34.18577499999983,0.4594388864723806,0
2025-05-29T10:32:16.798823,2.32125,2.362875,-136.17174999999997,-2.982274902131365,0
2025-05-29T10:32:16.825628,2.919375,2.6679375,319.47987500000005,3.6524032187907753,0
2025-05-29T10:32:16.853224,2.301375,2.4442500000000003,-151.31252499999985,-1.212483688560238,0
2025-05-29T10:32:16.881901,2.451375,2.41275,-37.042524999999934,-1.8975641583297096,0
2025-05-29T10:32:16.910392,2.916375,2.6615625,317.19447499999995,3.5137559808612453,0
2025-05-29T10:32:16.939737,2.4920625,2.593875,-6.046787500000116,2.0416485428447184,0
2025-05-29T10:32:16.968882,2.197125,2.3731875000000002,-230.73017499999983,-2.7579926054806387,0
2025-05-29T10:32:16.997568,2.5828125,2.4706875,63.086562500000134,-0.6375054371465871,0
2025-05-29T10:32:17.026428,2.904,2.679375,307.7671999999999,3.9011526750761165,0
2025-05-29T10:32:17.056263,2.4181875,2.5663125,-62.32476249999988,1.4422031317964332,0
2025-05-29T10:32:17.086177,2.193,2.3818125,-233.87259999999995,-2.5704110482818594,0
2025-05-29T10:32:17.115995,2.4751875,2.376,-18.902162499999925,-2.6968247063940867,0
2025-05-29T10:32:17.145729,2.880375,2.5779375,289.7696749999999,1.6950304480208784,0
2025-05-29T10:32:17.173449,2.8044375,2.6745,231.9204875000001,3.795128316659419,0
2025-05-29T10:32:17.201045,2.1939375,2.355375,-233.1584124999999,-3.1453892996955197,0
2025-05-29T10:32:17.230330,2.630625,2.4211875000000003,99.51012500000016,-1.7140604610700245,0
2025-05-29T10:32:17.258509,2.8783125000000003,2.6814375,288.1984625000002,3.9460091344062618,0
2025-05-29T10:32:17.286764,2.293125,2.43825,-157.59737500000008,-1.3429752066115697,0
2025-05-29T10:32:17.316036,2.406,2.3600625,-71.60919999999989,-3.043442801217917,0
2025-05-29T10:32:17.345540,2.882625,2.5674375,291.483725,1.4666702914310579,0
2025-05-29T10:32:17.373381,2.7646875,2.6675625,201.63893749999997,3.6442474989125673,0
2025-05-29T10:32:17.400690,2.1939375,2.3581875,-233.1584124999999,-3.0842214006089583,0
2025-05-29T10:32:17.428503,2.7605625000000003,2.562,198.4965125000002,1.3484123531970384,0
2025-05-29T10:32:17.456364,2.75175,2.6615625,191.78314999999992,3.5137559808612453,0
2025-05-29T10:32:17.483165,2.1978750000000002,2.3508750000000003,-230.1588249999998,-3.243257938234009,0
2025-05-29T10:32:17.509902,2.8591875,2.616375,273.6290375,2.5309917355371927,0
2025-05-29T10:32:17.536764,2.450625,2.518125,-37.61387499999996,0.3941931274467148,0
2025-05-29T10:32:17.563582,2.4163125,2.399625,-63.75313749999993,-2.1830143540669877,0
2025-05-29T10:32:17.590426,2.8798125,2.6814375,289.3411624999999,3.9460091344062618,0
2025-05-29T10:32:17.617203,2.2021875,2.3685,-226.87356250000002,-2.859939103958242,0
2025-05-29T10:32:17.644387,2.7834375000000002,2.5681875,215.92268750000017,1.4829817311874742,0
2025-05-29T10:32:17.672697,2.6865,2.6385,142.07570000000007,3.0121792083514585,0
2025-05-29T10:32:17.699696,2.1976875000000002,2.3497500000000002,-230.3016624999998,-3.2677250978686336,0
2025-05-29T10:32:17.726558,2.859375,2.6146875,273.77187499999997,2.4942909960852555,0
2025-05-29T10:32:17.754272,2.4556875000000002,2.5235625,-33.75726249999981,0.5124510656807341,0
2025-05-29T10:32:17.781062,2.308125,2.364,-146.170375,-2.9578077424967404,0
2025-05-29T10:32:17.807902,2.9184375,2.6799375,318.7656875,3.913386254893429,0
2025-05-29T10:32:17.834763,2.254125,2.40975,-187.30757499999987,-1.9628099173553755,0
2025-05-29T10:32:17.862988,2.6671875000000003,2.485125,127.3634375000002,-0.3235102218355801,0
2025-05-29T10:32:17.891575,2.8685625,2.6840625,280.7709124999999,4.00309917355372,0
2025-05-29T10:32:17.920538,2.2965,2.4481875,-155.0263,-1.1268486298390612,0
2025-05-29T10:32:17.949038,2.3214375,2.346375,-136.02891249999996,-3.3411265767725076,0
2025-05-29T10:32:17.978331,2.882625,2.58,291.483725,1.7398869073510237,0
2025-05-29T10:32:18.007531,2.73375,2.6731875,178.0707500000001,3.7665832970856905,0
2025-05-29T10:32:18.036556,2.243625,2.4538125,-195.30647499999984,-1.004512831665938,0
2025-05-29T10:32:18.067028,2.3945625,2.3589375,-80.32228749999989,-3.0679099608525418,0
2025-05-29T10:32:18.095885,2.6713125,2.4931875,130.50586249999998,-0.14816224445411288,0
2025-05-29T10:32:18.124794,2.8269375,2.6833125,249.06098750000007,3.986787733797303,0
2025-05-29T10:32:18.153991,2.319,2.4924375,-137.88580000000002,-0.16447368421052933,0
2025-05-29T10:32:18.181431,2.283,2.3484375,-165.31060000000005,-3.2962701174423623,0
2025-05-29T10:32:18.208035,2.922,2.67075,321.4796000000001,3.713571117877337,0
2025-05-29T10:32:18.234583,2.2666875,2.4211875000000003,-177.73746249999985,-1.7140604610700245,0
2025-05-29T10:32:18.261460,2.6848125,2.5149375000000003,140.79016250000004,0.32486950848195456,0
2025-05-29T10:32:18.291107,2.727,2.675625,172.9285999999999,3.819595476294044,0
2025-05-29T10:32:18.319226,2.2884375,2.4463125,-161.1683124999999,-1.1676272292301024,0
2025-05-29T10:32:18.347806,2.4373125,2.4050625,-47.7553375,-2.0647564158329685,0
2025-05-29T10:32:18.375220,2.9206875,2.6713125,320.47973750000006,3.7258046976946493,0
2025-05-29T10:32:18.402276,2.326125,2.4609375,-132.45797499999983,-0.8495541539799913,0
2025-05-29T10:32:18.430548,2.4969375,2.3970000000000002,-2.3330124999999753,-2.2401043932144358,0
2025-05-29T10:32:18.457682,2.915625,2.679375,316.6231249999999,3.9011526750761165,0
2025-05-29T10:32:18.487591,2.308875,2.5010625,-145.59902499999998,0.023107872988259857,0
2025-05-29T10:32:18.518793,2.214375,2.3544375,-217.589125,-3.1657785993910403,0
2025-05-29T10:32:18.550510,2.44875,2.356125,-39.04225000000001,-3.1290778599391036,0
2025-05-29T10:32:18.579630,2.69775,2.4778125,150.64595000000006,-0.4825467594606308,0
2025-05-29T10:32:18.609641,2.8828125,2.67975,291.6265625,3.9093083949543246,0
2025-05-29T10:32:18.638760,2.5066875,2.60175,5.0945374999999675,2.2129186602870816,0
2025-05-29T10:32:18.667850,2.200875,2.3653125,-227.87342500000005,-2.9292627229230117,0
2025-05-29T10:32:18.697208,2.60025,2.42175,76.37044999999996,-1.701826881252722,0
2025-05-29T10:32:18.727610,2.9191875,2.6548125000000002,319.3370375,3.3669530230535067,0
2025-05-29T10:32:18.756682,2.7283125,2.6431875000000002,173.92846249999994,3.1141257068290615,0
2025-05-29T10:32:18.785118,2.2314375,2.451375,-204.59091249999986,-1.0575250108742913,0
2025-05-29T10:32:18.811916,2.556,2.4601875,42.66080000000004,-0.8658655937364077,0
2025-05-29T10:32:18.838743,2.786625,2.6585625,218.3509249999999,3.4485102218355794,0
2025-05-29T10:32:18.866154,2.2005,2.347875,-228.15910000000005,-3.308503697259675,0
2025-05-29T10:32:18.895171,2.8194375000000003,2.5348125,243.3474875000002,0.7571226620269712,0
2025-05-29T10:32:18.923549,2.798625,2.6818125,227.49252499999992,3.95416485428447,0
2025-05-29T10:32:18.952143,2.2126875,2.442375,-218.87466250000006,-1.2532622879512791,0
2025-05-29T10:32:18.979455,2.45925,2.4148125,-31.043350000000046,-1.8527076989995643,0
2025-05-29T10:32:19.006279,2.8781250000000003,2.68125,288.0556250000002,3.9419312744671577,0
2025-05-29T10:32:19.033099,2.1975000000000002,2.3649375,-230.4444999999998,-2.9374184428012198,0
2025-05-29T10:32:19.059901,2.79675,2.5785,226.06414999999987,1.7072640278381908,0
2025-05-29T10:32:19.086671,2.545875,2.563125,34.94757500000008,1.3728795128316633,0
2025-05-29T10:32:19.113532,2.3445,2.3731875000000002,-118.45989999999998,-2.7579926054806387,0
2025-05-29T10:32:19.140455,2.9105625,2.6821875,312.7665125000001,3.9623205741626784,0
2025-05-29T10:32:19.167816,2.237625,2.3986875,-199.877275,-2.2034036537625084,0
2025-05-29T10:32:19.197041,2.5179375,2.4255,13.664787499999953,-1.6202696824706397,0
2025-05-29T10:32:19.226580,2.9060625,2.6401875,309.3384125,3.0488799478033957,0
2025-05-29T10:32:19.255744,2.5820625,2.629875,62.51521250000011,2.824597651152679,0
2025-05-29T10:32:19.283346,2.1946875,2.3743125000000003,-232.5870624999999,-2.733525445846014,0
2025-05-29T10:32:19.310511,2.7530625,2.5325625,192.78301249999996,0.7081883427577218,0
2025-05-29T10:32:19.337235,2.6394375,2.6038125,106.22348750000008,2.257775119617227,0
2025-05-29T10:32:19.364440,2.2659375,2.3510625,-178.30881249999987,-3.2391800782949143,0
2025-05-29T10:32:19.393435,2.899125,2.6413125,304.0534250000001,3.0733471074380203,0
2025-05-29T10:32:19.421814,2.63325,2.6175,101.5098499999999,2.5554588951718173,0
2025-05-29T10:32:19.450285,2.1975000000000002,2.349375,-230.4444999999998,-3.2758808177468417,0
2025-05-29T10:32:19.477976,2.682375,2.49,138.93327499999995,-0.21748586341887313,0
2025-05-29T10:32:19.504787,2.748,2.6475,188.92640000000014,3.2079164854284463,0
2025-05-29T10:32:19.531561,2.219625,2.3443125,-213.58967499999986,-3.385983036102653,0
2025-05-29T10:32:19.558097,2.904,2.650125,307.7671999999999,3.265006524575904,0
2025-05-29T10:32:19.587166,2.3268750000000002,2.5048125,-131.8866249999998,0.10466507177033245,0
2025-05-29T10:32:19.618171,2.2348125,2.359125,-202.01983750000008,-3.0638321009134377,0
2025-05-29T10:32:19.647734,2.4680625000000003,2.4016875,-24.329987499999792,-2.1381578947368425,0
2025-05-29T10:32:19.675973,2.902125,2.6034375,306.3388249999999,2.2496193997390184,0
2025-05-29T10:32:19.702931,2.5021875000000002,2.544375,1.6664375000001759,0.9650935189212713,0
2025-05-29T10:32:19.731828,2.3525625,2.3521875,-112.31788750000008,-3.2147129186602896,0
2025-05-29T10:32:19.761211,2.80275,2.571375,230.63495000000003,1.5523053501522441,0
2025-05-29T10:32:19.789472,2.83425,2.6750625,254.63164999999992,3.8073618964767317,0
