1746338115.8650546,2.556625,2.507625,2.6250000000000995,-0.003750000000000142,0
1746338115.890417,2.5692500000000003,2.50775,15.25000000000043,-0.0024999999999986144,0
1746338115.9144893,2.570125,2.507375,16.125000000000167,-0.0062499999999987566,0
1746338115.938561,2.564625,2.5071250000000003,10.625000000000107,-0.008749999999997371,0
1746338115.96241,2.556,2.507,2.000000000000224,-0.009999999999998899,0
1746338115.9861715,2.546375,2.50725,-7.624999999999993,-0.007500000000000284,0
1746338116.0100253,2.5595,2.50725,5.50000000000006,-0.007500000000000284,0
1746338116.0335715,2.557875,2.50725,3.875000000000295,-0.007500000000000284,0
1746338116.0573156,2.5572500000000002,2.507375,3.250000000000419,-0.0062499999999987566,0
1746338116.081442,2.559,2.507,5.0000000000003375,-0.009999999999998899,0
1746338116.1051507,2.553,2.506875,-0.9999999999998899,-0.011250000000000426,0
1746338116.1289952,2.548625,2.507,-5.374999999999908,-0.009999999999998899,0
1746338116.152972,2.5580000000000003,2.50725,4.000000000000448,-0.007500000000000284,0
1746338116.176568,2.556,2.507625,2.000000000000224,-0.003750000000000142,0
1746338116.2002773,2.559375,2.50775,5.375000000000352,-0.0024999999999986144,0
1746338116.2238605,2.553875,2.50725,-0.12499999999970868,-0.007500000000000284,0
1746338116.247298,2.56025,2.50775,6.250000000000089,-0.0024999999999986144,0
1746338116.2708983,2.5572500000000002,2.507375,3.250000000000419,-0.0062499999999987566,0
1746338116.2944853,2.556,2.50775,2.000000000000224,-0.0024999999999986144,0
1746338116.3180342,2.5545,2.507375,0.500000000000167,-0.0062499999999987566,0
1746338116.3420503,2.5515,2.50725,-2.4999999999999467,-0.007500000000000284,0
1746338116.3669899,2.56075,2.507,6.750000000000256,-0.009999999999998899,0
1746338116.3907113,2.556625,2.5075,2.6250000000000995,-0.00500000000000167,0
1746338116.4145374,2.55975,2.5075,5.750000000000366,-0.00500000000000167,0
1746338116.4385262,2.557,2.50725,3.0000000000001137,-0.007500000000000284,0
1746338116.4621017,2.55575,2.507375,1.7500000000003624,-0.0062499999999987566,0
1746338116.4859328,2.560625,2.5075,6.625000000000103,-0.00500000000000167,0
1746338116.5095274,2.5532500000000002,2.50725,-0.7499999999995843,-0.007500000000000284,0
1746338116.5333583,2.56,2.5065,6.000000000000227,-0.015000000000000568,0
1746338116.556876,2.549,2.5067500000000003,-4.999999999999893,-0.012499999999997513,0
1746338116.5803945,2.55175,2.5071250000000003,-2.249999999999641,-0.008749999999997371,0
1746338116.6039853,2.554125,2.506875,0.12500000000015277,-0.011250000000000426,0
1746338116.6275194,2.553125,2.506625,-0.8749999999997371,-0.01374999999999904,0
1746338116.651065,2.5615,2.5071250000000003,7.500000000000284,-0.008749999999997371,0
1746338116.6744845,2.5576250000000003,2.506875,3.6250000000004334,-0.011250000000000426,0
1746338116.6979904,2.5595,2.5071250000000003,5.50000000000006,-0.008749999999997371,0
1746338116.721505,2.55875,2.506625,4.750000000000032,-0.01374999999999904,0
1746338116.7450068,2.55575,2.5071250000000003,1.7500000000003624,-0.008749999999997371,0
1746338116.768515,2.559,2.5071250000000003,5.0000000000003375,-0.008749999999997371,0
1746338116.7920449,2.5568750000000002,2.50725,2.875000000000405,-0.007500000000000284,0
1746338116.8159828,2.5585,2.5071250000000003,4.5000000000001705,-0.008749999999997371,0
1746338116.839495,2.5576250000000003,2.507,3.6250000000004334,-0.009999999999998899,0
1746338116.8630285,2.5300000000000002,2.507,-23.999999999999577,-0.009999999999998899,0
1746338116.8867726,2.559625,2.50725,5.625000000000213,-0.007500000000000284,0
1746338116.910785,2.52725,2.507,-26.74999999999983,-0.009999999999998899,0
1746338116.9347055,2.536,2.5071250000000003,-17.999999999999794,-0.008749999999997371,0
1746338116.958293,2.5365,2.5067500000000003,-17.499999999999627,-0.012499999999997513,0
1746338116.9822836,2.541875,2.506625,-12.12499999999972,-0.01374999999999904,0
1746338117.0059726,2.572125,2.506875,18.12500000000039,-0.011250000000000426,0
1746338117.0297546,2.569,2.5075,15.000000000000124,-0.00500000000000167,0
1746338117.0534616,2.562375,2.506875,8.375000000000021,-0.011250000000000426,0
1746338117.0770128,2.5608750000000002,2.507375,6.875000000000409,-0.0062499999999987566,0
1746338117.1004367,2.5605,2.5071250000000003,6.500000000000394,-0.008749999999997371,0
1746338117.1239789,2.55625,2.507,2.2500000000000853,-0.009999999999998899,0
1746338117.147489,2.561,2.506875,7.000000000000117,-0.011250000000000426,0
1746338117.1710105,2.5565,2.506625,2.500000000000391,-0.01374999999999904,0
1746338117.194578,2.5576250000000003,2.5067500000000003,3.6250000000004334,-0.012499999999997513,0
1746338117.2181036,2.558875,2.5071250000000003,4.875000000000185,-0.008749999999997371,0
1746338117.242205,2.555,2.5063750000000002,1.000000000000334,-0.016249999999997655,0
1746338117.2659397,2.560625,2.5071250000000003,6.625000000000103,-0.008749999999997371,0
1746338117.289534,2.555625,2.506625,1.6250000000002096,-0.01374999999999904,0
1746338117.31306,2.55825,2.506875,4.250000000000309,-0.011250000000000426,0
1746338117.337038,2.5572500000000002,2.5065,3.250000000000419,-0.015000000000000568,0
1746338117.3608186,2.55525,2.5065,1.2500000000001954,-0.015000000000000568,0
1746338117.3847451,2.555875,2.50725,1.875000000000071,-0.007500000000000284,0
1746338117.4088774,2.556,2.506625,2.000000000000224,-0.01374999999999904,0
1746338117.432663,2.561875,2.5071250000000003,7.875000000000298,-0.008749999999997371,0
1746338117.456722,2.557375,2.506625,3.375000000000128,-0.01374999999999904,0
1746338117.480448,2.555625,2.506625,1.6250000000002096,-0.01374999999999904,0
1746338117.504294,2.559625,2.506875,5.625000000000213,-0.011250000000000426,0
1746338117.5278068,2.5532500000000002,2.50725,-0.7499999999995843,-0.007500000000000284,0
1746338117.5512478,2.424875,2.28575,-129.12499999999972,-2.2224999999999984,0
1746338117.5747674,2.813625,2.66875,259.6250000000002,1.6075000000000017,0
1746338117.598332,2.470875,2.428,-83.12499999999989,-0.8000000000000007,0
1746338117.6222067,2.495375,2.4645,-58.6249999999997,-0.4349999999999987,0
1746338117.6457686,2.7945,2.661625,240.50000000000037,1.536249999999999,0
1746338117.6696708,2.215625,2.314,-338.37499999999966,-1.9399999999999995,0
1746338117.69359,2.918625,2.735125,364.6250000000002,2.27125,0
1746338117.717108,2.25525,2.31225,-298.7499999999996,-1.9574999999999987,0
1746338117.740655,2.7258750000000003,2.61125,171.87500000000045,1.0325000000000006,0
1746338117.7641575,2.583875,2.529125,29.875000000000096,0.2112500000000006,0
1746338117.7876897,2.34425,2.370875,-209.74999999999966,-1.3712500000000016,0
1746338117.81121,2.8865,2.7062500000000003,332.5,1.9825000000000026,0
1746338117.8351316,2.191625,2.280875,-362.37499999999966,-2.27125,0
1746338117.8590565,2.8930000000000002,2.71475,339.0000000000004,2.0675,0
1746338117.8830926,2.27175,2.34,-282.2499999999999,-1.6800000000000015,0
1746338117.9072268,2.72325,2.615625,169.25000000000034,1.0762500000000008,0
1746338117.9308999,2.571625,2.501875,17.625000000000224,-0.06124999999999936,0
1746338117.9548917,2.409125,2.415,-144.87499999999986,-0.9299999999999997,0
1746338117.9783747,2.8595,2.685625,305.50000000000034,1.7762499999999992,0
1746338118.002276,2.20325,2.285875,-350.74999999999966,-2.2212500000000013,0
1746338118.0261135,2.899625,2.72575,345.62500000000006,2.177500000000001,0
1746338118.0496523,2.316625,2.3555,-237.37499999999966,-1.5249999999999986,0
1746338118.0732222,2.6245,2.546375,70.5,0.38374999999999826,0
1746338118.0967884,2.678,2.588,124.00000000000011,0.8000000000000007,0
1746338118.120193,2.259375,2.324125,-294.6249999999999,-1.83875,0
1746338118.1438227,2.919625,2.73525,365.6250000000001,2.2725000000000017,0
1746338118.167344,2.233,2.30475,-320.9999999999997,-2.0325000000000015,0
1746338118.1909049,2.752625,2.637375,198.62500000000028,1.2937500000000002,0
1746338118.2146034,2.52825,2.492125,-25.74999999999994,-0.15874999999999861,0
1746338118.2443984,2.9010000000000002,2.72025,347.0000000000004,2.1225000000000005,0
1746338118.2681391,2.202875,2.281625,-351.12499999999966,-2.26375,0
1746338118.2917533,2.8381250000000002,2.685,284.1250000000004,1.7700000000000005,0
1746338118.3153944,2.41375,2.40875,-140.25,-0.9925000000000006,0
1746338118.339251,2.547625,2.496375,-6.3749999999997975,-0.11624999999999996,0
1746338118.362886,2.75125,2.63325,197.25000000000037,1.2524999999999986,0
1746338118.3864348,2.2405,2.305,-313.4999999999999,-2.0299999999999985,0
1746338118.4104462,2.91825,2.727875,364.25000000000017,2.1987500000000004,0
1746338118.4345107,2.192875,2.28075,-361.12499999999994,-2.2725000000000017,0
1746338118.4585643,2.859625,2.703125,305.62500000000006,1.95125,0
1746338118.482922,2.2955,2.344125,-258.4999999999997,-1.63875,0
1746338118.5071206,2.694875,2.587125,140.8750000000003,0.7912499999999989,0
1746338118.5306365,2.622125,2.5475,68.12500000000021,0.3949999999999987,0
1746338118.5541782,2.3185000000000002,2.358,-235.4999999999996,-1.4999999999999991,0
1746338118.5776875,2.889625,2.7178750000000003,335.6250000000003,2.0987500000000026,0
1746338118.601585,2.204625,2.2815,-349.3749999999998,-2.2650000000000015,0
1746338118.6251209,2.83875,2.683875,284.7500000000003,1.75875,0
1746338118.6486723,2.441875,2.434875,-112.1249999999998,-0.7312500000000011,0
1746338118.6722019,2.485,2.45475,-68.99999999999994,-0.532499999999998,0
1746338118.695662,2.805875,2.655625,251.87500000000006,1.4762500000000012,0
1746338118.7193701,2.20775,2.2875,-346.24999999999994,-2.204999999999999,0
1746338118.7429292,2.90625,2.727125,352.25000000000017,2.19125,0
1746338118.7664943,2.30875,2.351375,-245.24999999999997,-1.5662500000000001,0
1746338118.7900136,2.6365,2.55375,82.50000000000001,0.4574999999999996,0
1746338118.813577,2.677375,2.584625,123.37500000000023,0.7662499999999994,0
1746338118.8371165,2.282,2.34875,-271.9999999999998,-1.5925000000000011,0
1746338118.8611197,2.88775,2.7175000000000002,333.7500000000002,2.0950000000000024,0
1746338118.8853166,2.16125,2.286125,-392.74999999999994,-2.2187499999999982,0
1746338118.9097397,2.915875,2.730375,361.8750000000004,2.22375,0
1746338118.9333947,2.2885,2.334375,-265.49999999999983,-1.7362499999999992,0
1746338118.9572673,2.708125,2.6113750000000002,154.12500000000006,1.0337500000000022,0
1746338118.9809992,2.5736250000000003,2.5183750000000003,19.625000000000448,0.10375000000000245,0
1746338119.0047219,2.368,2.400875,-185.99999999999994,-1.0712499999999991,0
1746338119.0284607,2.867,2.7018750000000002,313.00000000000017,1.9387500000000024,0
1746338119.052053,2.198375,2.279,-355.6249999999999,-2.290000000000001,0
1746338119.0756347,2.871375,2.708125,317.37500000000017,2.001249999999999,0
1746338119.0992765,2.374625,2.391125,-179.37499999999983,-1.1687499999999984,0
1746338119.1228163,2.55025,2.5,-3.749999999999698,-0.08000000000000007,0
1746338119.1463397,2.746375,2.6397500000000003,192.37500000000017,1.3175000000000026,0
1746338119.1697786,2.231875,2.295375,-322.1249999999998,-2.1262500000000006,0
1746338119.1933258,2.916375,2.732625,362.3750000000001,2.2462500000000007,0
1746338119.2168632,2.27875,2.333625,-275.2499999999998,-1.7437499999999995,0
1746338119.2404068,2.6785,2.57975,124.50000000000028,0.717500000000002,0
1746338119.2639937,2.62425,2.554125,70.25000000000014,0.4612499999999997,0
1746338119.2875893,2.311875,2.343875,-242.12499999999972,-1.6412499999999985,0
1746338119.311021,2.9065,2.7305,352.50000000000006,2.2250000000000014,0
1746338119.3346272,2.207,2.289,-347.0,-2.1899999999999986,0
1746338119.3581617,2.79225,2.661,238.25000000000028,1.5300000000000002,0
1746338119.383371,2.23825,2.279,-315.75,-2.290000000000001,0
1746338119.4106498,2.8941250000000003,2.626625,340.12500000000045,1.186250000000002,0
1746338119.4378586,2.4125,2.582625,-141.49999999999974,0.7462500000000016,0
1746338119.465924,2.30225,2.322375,-251.74999999999991,-1.8562499999999993,0
1746338119.4908834,2.737375,2.6455,183.37500000000028,1.3750000000000018,0
1746338119.514844,2.5223750000000003,2.486625,-31.62499999999957,-0.21374999999999922,0
1746338119.5384204,2.4115,2.4085,-142.49999999999963,-0.9949999999999992,0
1746338119.5619955,2.85875,2.699,304.7500000000003,1.9099999999999984,0
1746338119.5855424,2.19575,2.2795,-358.24999999999994,-2.2849999999999993,0
1746338119.6094553,2.895,2.7211250000000002,341.00000000000017,2.1312500000000023,0
1746338119.6330986,2.331375,2.361625,-222.62499999999986,-1.4637499999999992,0
1746338119.656593,2.601,2.53125,47.000000000000156,0.23249999999999993,0
1746338119.68015,2.71275,2.603625,158.7500000000004,0.9562500000000007,0
1746338119.703705,2.261,2.3148750000000002,-292.9999999999997,-1.9312499999999977,0
1746338119.727239,2.9130000000000003,2.735,359.00000000000045,2.2699999999999987,0
1746338119.7507696,2.24025,2.30875,-313.7499999999998,-1.9925000000000015,0
1746338119.7743483,2.733625,2.6313750000000002,179.62500000000014,1.2337500000000023,0
1746338119.7980218,2.548125,2.50325,-5.8749999999996305,-0.04750000000000032,0
1746338119.8217187,2.39875,2.402,-155.24999999999966,-1.0599999999999987,0
1746338119.8453012,2.86625,2.7025,312.2500000000001,1.9450000000000012,0
1746338119.868857,2.193625,2.279,-360.3749999999999,-2.290000000000001,0
1746338119.892407,2.8661250000000003,2.701625,312.12500000000045,1.9362499999999994,0
1746338119.9159803,2.391875,2.400125,-162.12499999999963,-1.0787499999999994,0
1746338119.9399745,2.596375,2.52975,42.37500000000027,0.21749999999999936,0
1746338119.9635556,2.7115,2.606375,157.5000000000002,0.9837499999999988,0
1746338119.9870765,2.259875,2.3155,-294.1249999999998,-1.924999999999999,0
1746338120.010709,2.911,2.73425,357.0000000000002,2.2624999999999984,0
1746338120.034384,2.23,2.30025,-323.99999999999983,-2.077499999999999,0
1746338120.0579484,2.757625,2.63925,203.62500000000017,1.3125000000000009,0
1746338120.081625,2.52575,2.496,-28.249999999999886,-0.1200000000000001,0
1746338120.1051116,2.394625,2.40475,-159.37499999999983,-1.0325000000000006,0
1746338120.1287508,2.86225,2.7005,308.2500000000001,1.924999999999999,0
1746338120.1523108,2.195,2.27825,-359.0,-2.297500000000001,0
1746338120.175854,2.8665000000000003,2.704125,312.50000000000045,1.9612499999999988,0
1746338120.1994421,2.3857500000000003,2.3945,-168.24999999999957,-1.1350000000000016,0
1746338120.223035,2.547875,2.48925,-6.124999999999936,-0.18749999999999822,0
1746338120.2464933,2.7647500000000003,2.6365,210.75000000000043,1.2849999999999984,0
1746338120.2701411,2.2405,2.302375,-313.4999999999999,-2.0562499999999995,0
1746338120.293754,2.90875,2.7338750000000003,354.7500000000001,2.2587500000000027,0
1746338120.3173058,2.260875,2.322375,-293.1249999999999,-1.8562499999999993,0
1746338120.3408496,2.697625,2.594,143.6250000000001,0.8599999999999985,0
1746338120.3644156,2.6065,2.555375,52.50000000000021,0.47375000000000167,0
1746338120.3878233,2.318,2.351625,-235.99999999999977,-1.5637500000000015,0
1746338120.4114437,2.900375,2.72575,346.3750000000001,2.177500000000001,0
1746338120.4350157,2.204,2.286,-349.99999999999966,-2.2199999999999998,0
1746338120.4585614,2.8085,2.665875,254.50000000000017,1.578750000000002,0
1746338120.4821038,2.477875,2.457875,-76.12499999999977,-0.5012499999999998,0
1746338120.5056565,2.445375,2.4246250000000003,-108.62499999999997,-0.8337499999999975,0
1746338120.5290947,2.842625,2.68875,288.6250000000001,1.8075000000000019,0
1746338120.5526524,2.20525,2.27975,-348.7499999999999,-2.2825000000000006,0
1746338120.576184,2.8795,2.71225,325.50000000000034,2.0425000000000004,0
1746338120.5997598,2.354,2.381625,-199.99999999999974,-1.263749999999999,0
1746338120.6285896,2.88025,2.7065,326.2500000000004,1.9850000000000012,0
1746338120.6523163,2.198625,2.279,-355.375,-2.290000000000001,0
1746338120.6758587,2.864125,2.698875,310.1250000000002,1.9087500000000013,0
1746338120.6994638,2.3805,2.388375,-173.49999999999977,-1.196250000000001,0
1746338120.7232907,2.57425,2.527125,20.250000000000323,0.19124999999999837,0
1746338120.7470438,2.7178750000000003,2.6065,163.87500000000043,0.9850000000000003,0
1746338120.7705894,2.257375,2.31275,-296.6249999999997,-1.9525000000000015,0
1746338120.7941644,2.917625,2.73475,363.6250000000003,2.2675,0
1746338120.817719,2.237375,2.301875,-316.6249999999997,-2.061250000000001,0
1746338120.841487,2.758375,2.64625,204.3750000000002,1.382500000000002,0
1746338120.8655725,2.46525,2.4425,-88.74999999999966,-0.6550000000000011,0
1746338120.8892949,2.474625,2.449875,-79.37499999999974,-0.5812499999999998,0
1746338120.9128423,2.8156250000000003,2.67125,261.62500000000045,1.6325000000000012,0
1746338120.9363983,2.208625,2.28375,-345.3749999999998,-2.2425000000000006,0
1746338120.959945,2.9005,2.732875,346.5000000000002,2.2487499999999994,0
1746338120.9849224,2.21175,2.289125,-342.24999999999994,-2.1887500000000015,0
1746338121.0085833,2.80375,2.6695,249.75000000000014,1.615000000000002,0
1746338121.032319,2.4711250000000002,2.4495,-82.87499999999959,-0.585,0
1746338121.0559106,2.4602500000000003,2.442,-93.74999999999956,-0.6599999999999984,0
1746338121.0794647,2.821625,2.676,267.6250000000002,1.6800000000000015,0
1746338121.1030362,2.20575,2.281375,-348.2499999999997,-2.2662499999999985,0
1746338121.1264923,2.8865,2.7185,332.5,2.1050000000000013,0
1746338121.150049,2.34275,2.3701250000000003,-211.24999999999972,-1.3787499999999975,0
1746338121.1736147,2.599,2.52575,45.00000000000037,0.17749999999999932,0
1746338121.1971872,2.709,2.60625,155.00000000000026,0.9825000000000017,0
1746338121.220743,2.25775,2.3145000000000002,-296.24999999999966,-1.9349999999999978,0
1746338121.244292,2.91475,2.731875,360.75000000000034,2.2387500000000005,0
1746338121.2682543,2.215,2.2935,-338.99999999999994,-2.1450000000000014,0
1746338121.2918181,2.782125,2.646375,228.12500000000034,1.3837499999999991,0
1746338121.3153534,2.522625,2.48575,-31.37499999999971,-0.22250000000000103,0
1746338121.3388877,2.4046250000000002,2.40975,-149.3749999999996,-0.9825000000000017,0
1746338121.3624876,2.85525,2.697375,301.25,1.8937500000000007,0
1746338121.386033,2.198,2.2785,-355.9999999999999,-2.294999999999998,0
1746338121.4094658,2.86375,2.700625,309.75000000000017,1.9262500000000005,0
1746338121.433007,2.39325,2.40625,-160.74999999999972,-1.0175,0
1746338121.4565384,2.533375,2.484875,-20.624999999999893,-0.2312499999999984,0
1746338121.4801054,2.76775,2.6437500000000003,213.7500000000001,1.3575000000000026,0
1746338121.5036333,2.2245,2.293625,-329.4999999999999,-2.14375,0
1746338121.5271833,2.9135,2.731625,359.50000000000017,2.236250000000002,0
1746338121.5505717,2.29325,2.345,-260.74999999999983,-1.6299999999999981,0
1746338121.5740948,2.638625,2.555875,84.6250000000004,0.4787499999999989,0
1746338121.5976384,2.670375,2.574375,116.37500000000011,0.6637499999999985,0
1746338121.621304,2.296625,2.33875,-257.37499999999966,-1.692499999999999,0
1746338121.6448607,2.910625,2.73125,356.62500000000017,2.2325000000000017,0
1746338121.6684005,2.218125,2.29375,-335.8749999999997,-2.1424999999999983,0
1746338121.691791,2.7625,2.63725,208.50000000000034,1.2924999999999986,0
1746338121.7153296,2.533375,2.496625,-20.624999999999893,-0.11375000000000135,0
1746338121.7388954,2.394875,2.399375,-159.12499999999997,-1.0862499999999997,0
1746338121.7624483,2.868,2.7051250000000002,314.00000000000006,1.9712500000000022,0
1746338121.7859704,2.197375,2.27875,-356.6249999999998,-2.2924999999999995,0
1746338121.8095763,2.866625,2.700625,312.62500000000017,1.9262500000000005,0
1746338121.8330605,2.397125,2.4090000000000003,-156.8749999999999,-0.9899999999999975,0
1746338121.8566096,2.5195,2.481625,-34.49999999999997,-0.26374999999999815,0
1746338121.8801637,2.778875,2.645125,224.87500000000037,1.3712500000000016,0
1746338121.9037275,2.2265,2.293625,-327.49999999999966,-2.14375,0
1746338121.9272718,2.912,2.730875,358.0000000000001,2.2287500000000016,0
1746338121.950802,2.291,2.3381250000000002,-262.9999999999999,-1.6987499999999978,0
1746338121.9747298,2.705,2.60525,151.00000000000026,0.9724999999999984,0
1746338121.9983625,2.5801250000000002,2.5155,26.125000000000398,0.0749999999999984,0
1746338122.0220697,2.36675,2.382875,-187.2499999999997,-1.2512500000000015,0
1746338122.045618,2.8810000000000002,2.7145,327.0000000000004,2.0650000000000013,0
1746338122.0691829,2.201375,2.280625,-352.6249999999998,-2.273749999999999,0
1746338122.0927432,2.8421250000000002,2.68975,288.1250000000004,1.8175000000000008,0
1746338122.1167104,2.36125,2.387875,-192.74999999999974,-1.2012499999999982,0
1746338122.1402874,2.551125,2.5031250000000003,-2.874999999999961,-0.048749999999997407,0
1746338122.163817,2.747125,2.629625,193.12500000000023,1.2162499999999987,0
1746338122.1873474,2.2435,2.303,-310.4999999999998,-2.0500000000000007,0
1746338122.2109454,2.91675,2.734625,362.7500000000001,2.2662499999999985,0
1746338122.2344863,2.2680000000000002,2.32125,-285.9999999999996,-1.8674999999999997,0
1746338122.25806,2.6895000000000002,2.589375,135.5000000000004,0.8137499999999998,0
1746338122.2815418,2.61325,2.548,59.25000000000003,0.40000000000000036,0
1746338122.305087,2.326375,2.35575,-227.62499999999974,-1.5225,0
1746338122.3286536,2.896125,2.720875,342.1250000000002,2.1287499999999993,0
1746338122.3523703,2.203875,2.282375,-350.1249999999998,-2.2562499999999996,0
1746338122.3759587,2.83375,2.68075,279.7500000000004,1.7275000000000018,0
1746338122.3995636,2.43425,2.4415,-119.7499999999998,-0.665,0
1746338122.423045,2.47125,2.45075,-82.74999999999989,-0.572499999999998,0
1746338122.4465976,2.8152500000000003,2.672375,261.25000000000045,1.6437500000000016,0
1746338122.4701233,2.21025,2.28375,-343.75,-2.2425000000000006,0
1746338122.4936442,2.8985,2.722,344.5,2.1399999999999997,0
1746338122.5172026,2.331125,2.36425,-222.87499999999972,-1.4374999999999982,0
1746338122.540724,2.6001250000000002,2.564125,46.12500000000041,0.561250000000002,0
1746338122.5646327,2.6535,2.574875,99.50000000000037,0.6687500000000002,0
1746338122.588165,2.294375,2.336375,-259.6249999999998,-1.7162500000000014,0
1746338122.6117353,2.911875,2.73225,357.8750000000004,2.2425000000000006,0
1746338122.6352699,2.222,2.29475,-331.99999999999983,-2.1324999999999994,0
1746338122.6588006,2.778125,2.64275,224.12500000000034,1.3474999999999993,0
1746338122.6823297,2.5195,2.457875,-34.49999999999997,-0.5012499999999998,0
1746338122.7062402,2.4402500000000003,2.431,-113.74999999999957,-0.7699999999999996,0
1746338122.7297692,2.835125,2.6786250000000003,281.1250000000003,1.7062500000000025,0
1746338122.7534282,2.205375,2.281875,-348.6249999999997,-2.2612500000000013,0
1746338122.7769675,2.8975,2.7207500000000002,343.5000000000001,2.127500000000002,0
1746338122.8005464,2.335125,2.366375,-218.87499999999972,-1.416249999999999,0
1746338122.8241196,2.5955,2.527625,41.50000000000009,0.19625000000000004,0
1746338122.847771,2.68525,2.5925000000000002,131.25000000000009,0.8450000000000024,0
1746338122.8713543,2.2735,2.323625,-280.5,-1.8437500000000018,0
1746338122.8949118,2.9162500000000002,2.735375,362.2500000000004,2.273749999999999,0
1746338122.9184885,2.231375,2.30175,-322.62499999999994,-2.0624999999999982,0
1746338122.9420462,2.75775,2.6315,203.7500000000003,1.2349999999999994,0
1746338122.965583,2.544875,2.468625,-9.124999999999606,-0.3937500000000016,0
1746338122.9951963,2.911875,2.728,357.8750000000004,2.200000000000002,0
1746338123.0190709,2.210375,2.285,-343.62499999999983,-2.2299999999999986,0
1746338123.042659,2.816375,2.67,262.375,1.6199999999999992,0
1746338123.0662408,2.452875,2.433125,-101.12499999999969,-0.7487500000000002,0
1746338123.0899816,2.4805,2.457625,-73.49999999999967,-0.5037499999999984,0
1746338123.113535,2.80275,2.666125,248.75000000000026,1.5812500000000007,0
1746338123.1370597,2.217,2.285375,-336.9999999999998,-2.2262499999999985,0
1746338123.1606152,2.902625,2.724125,348.62500000000017,2.161249999999999,0
1746338123.184435,2.2775,2.330375,-276.49999999999994,-1.7762499999999992,0
1746338123.2084336,2.7207500000000002,2.645,166.7500000000004,1.37,0
1746338123.2327309,2.481,2.457625,-72.99999999999996,-0.5037499999999984,0
1746338123.25642,2.448875,2.4362500000000002,-105.12499999999969,-0.7174999999999976,0
1746338123.2804987,2.78175,2.648375,227.75000000000034,1.4037500000000014,0
1746338123.304059,2.223125,2.292125,-330.87499999999983,-2.1587500000000004,0
1746338123.3275995,2.906625,2.73425,352.62500000000017,2.2624999999999984,0
1746338123.3519452,2.2287500000000002,2.300875,-325.2499999999996,-2.07125,0
1746338123.3755229,2.7545,2.632875,200.50000000000034,1.2487499999999985,0
1746338123.3991103,2.53625,2.496125,-17.749999999999932,-0.11874999999999858,0
1746338123.4226978,2.367875,2.40875,-186.12499999999966,-0.9925000000000006,0
1746338123.4465942,2.8405,2.6845,286.5000000000002,1.7649999999999988,0
1746338123.470222,2.20675,2.281375,-347.24999999999983,-2.2662499999999985,0
1746338123.4937968,2.8805,2.72,326.5000000000002,2.120000000000002,0
1746338123.5174553,2.3301250000000002,2.36025,-223.8749999999996,-1.4774999999999983,0
1746338123.541123,2.6185,2.543,64.50000000000023,0.3500000000000014,0
1746338123.564715,2.6906250000000003,2.593375,136.62500000000045,0.8537499999999998,0
1746338123.5882566,2.2716250000000002,2.326625,-282.3749999999996,-1.8137500000000006,0
1746338123.6118789,2.915125,2.732875,361.12500000000034,2.2487499999999994,0
1746338123.6354759,2.22375,2.297625,-330.24999999999994,-2.10375,0
1746338123.6590583,2.764875,2.64075,210.87500000000014,1.3275000000000015,0
1746338123.6826208,2.5300000000000002,2.4915000000000003,-23.999999999999577,-0.16499999999999737,0
1746338123.7061582,2.3970000000000002,2.39225,-156.99999999999957,-1.157499999999998,0
1746338123.7295754,2.871375,2.70875,317.37500000000017,2.007500000000002,0
1746338123.7531095,2.202875,2.279125,-351.12499999999966,-2.2887499999999994,0
1746338123.7766752,2.854,2.694,300.0000000000003,1.8599999999999994,0
1746338123.8002408,2.404,2.413875,-149.99999999999991,-0.9412500000000001,0
1746338123.8237946,2.514875,2.47675,-39.12499999999986,-0.3125,0
1746338123.8473523,2.779,2.657375,225.00000000000009,1.4937500000000004,0
1746338123.8707948,2.218875,2.288875,-335.12499999999966,-2.19125,0
1746338123.894345,2.91025,2.7287500000000002,356.25000000000017,2.2075000000000022,0
1746338123.9179022,2.302375,2.34725,-251.62499999999977,-1.6075000000000017,0
1746338123.9414337,2.632875,2.55525,78.87500000000003,0.47250000000000014,0
1746338123.9649982,2.666,2.5772500000000003,112.0000000000001,0.6925000000000026,0
1746338123.9885812,2.29,2.329375,-263.9999999999998,-1.7862499999999981,0
1746338124.0123134,2.905125,2.728,351.1250000000001,2.200000000000002,0
1746338124.0359232,2.215875,2.288625,-338.1249999999998,-2.1937499999999988,0
1746338124.0594695,2.79675,2.6590000000000003,242.75000000000003,1.5100000000000025,0
1746338124.0830355,2.484125,2.46675,-69.87499999999969,-0.41249999999999787,0
1746338124.1066043,2.434875,2.42575,-119.12499999999993,-0.8225000000000016,0
1746338124.1301587,2.840625,2.688625,286.62500000000034,1.8062500000000004,0
1746338124.1535735,2.2,2.279,-353.99999999999966,-2.290000000000001,0
1746338124.1771138,2.880125,2.708625,326.1250000000002,2.0062500000000005,0
1746338124.2007134,2.367375,2.38725,-186.62499999999983,-1.2075000000000014,0
1746338124.2243083,2.563375,2.50975,9.375000000000355,0.017499999999999183,0
1746338124.247878,2.73525,2.622125,181.25000000000034,1.1412500000000003,0
1746338124.2714667,2.24925,2.3075,-304.74999999999983,-2.004999999999999,0
1746338124.2949233,2.916375,2.734125,362.3750000000001,2.2612500000000013,0
1746338124.3184757,2.265125,2.32275,-288.875,-1.8524999999999991,0
1746338124.3420074,2.6985,2.592375,144.50000000000028,0.8437500000000009,0
1746338124.3655498,2.607375,2.546375,53.3750000000004,0.38374999999999826,0
1746338124.389088,2.321625,2.36025,-232.37499999999977,-1.4774999999999983,0
1746338124.412725,2.8975,2.723375,343.5000000000001,2.1537499999999987,0
1746338124.4361725,2.208125,2.286125,-345.87499999999994,-2.2187499999999982,0
1746338124.4597373,2.816125,2.6655,262.12500000000017,1.575000000000002,0
1746338124.4860601,2.1906250000000003,2.32375,-363.37499999999955,-1.8425000000000002,0
1746338124.5136738,2.77325,2.49425,219.25000000000017,-0.1374999999999993,0
1746338124.5421631,2.770625,2.7327500000000002,216.62500000000006,2.2475000000000023,0
1746338124.5704522,2.21225,2.300125,-341.7499999999998,-2.0787500000000003,0
1746338124.595092,2.915625,2.734375,361.6250000000001,2.26375,0
1746338124.61884,2.206125,2.302125,-347.8749999999997,-2.058749999999998,0
1746338124.642911,2.812125,2.664625,258.12500000000017,1.5662500000000001,0
1746338124.666686,2.458625,2.453625,-95.37499999999977,-0.5437499999999984,0
1746338124.6903527,2.461375,2.460125,-92.62499999999996,-0.4787499999999989,0
1746338124.7141528,2.7996250000000003,2.661,245.62500000000043,1.5300000000000002,0
1746338124.7377353,2.21575,2.290125,-338.24999999999994,-2.178749999999998,0
1746338124.761393,2.914125,2.7291250000000002,360.125,2.2112500000000024,0
1746338124.7853818,2.259625,2.31625,-294.3749999999996,-1.9174999999999986,0
1746338124.809005,2.708625,2.603625,154.62500000000023,0.9562500000000007,0
1746338124.8325636,2.593875,2.532,39.87500000000033,0.2400000000000002,0
1746338124.856144,2.3308750000000003,2.369625,-223.12499999999957,-1.3837499999999991,0
1746338124.8797135,2.878625,2.71325,324.62500000000017,2.0524999999999993,0
1746338124.9036336,2.197625,2.278625,-356.3749999999999,-2.293750000000001,0
1746338124.927224,2.86125,2.696,307.2500000000002,1.8800000000000017,0
1746338124.9506698,2.41175,2.4162500000000002,-142.24999999999977,-0.9174999999999978,0
1746338124.9741812,2.508375,2.469375,-45.6249999999998,-0.3862500000000013,0
1746338124.9977145,2.784875,2.64625,230.87500000000017,1.382500000000002,0
1746338125.021424,2.223875,2.29375,-330.1249999999998,-2.1424999999999983,0
1746338125.0449703,2.916875,2.731375,362.8750000000003,2.233749999999999,0
1746338125.0685265,2.287,2.3421250000000002,-266.9999999999999,-1.6587499999999977,0
1746338125.091975,2.6473750000000003,2.56225,93.37500000000043,0.5425000000000013,0
1746338125.1154811,2.6666250000000002,2.579125,112.62500000000043,0.7112499999999988,0
1746338125.1390102,2.281375,2.330625,-272.62499999999966,-1.7737500000000006,0
1746338125.1625593,2.906625,2.7335000000000003,352.62500000000017,2.2550000000000026,0
1746338125.1860955,2.22925,2.297125,-324.7499999999999,-2.1087500000000015,0
1746338125.209673,2.770375,2.6325,216.3750000000002,1.2449999999999983,0
1746338125.2330956,2.545125,2.503875,-8.874999999999744,-0.04125000000000156,0
1746338125.2566195,2.378625,2.39125,-175.37499999999983,-1.1675000000000013,0
1746338125.2801828,2.869625,2.71,315.6250000000003,2.0199999999999996,0
1746338125.303716,2.19625,2.2795,-357.7499999999998,-2.2849999999999993,0
1746338125.3272386,2.853875,2.691375,299.8750000000001,1.8337499999999984,0
1746338125.3508067,2.418125,2.4250000000000003,-135.87499999999997,-0.8299999999999974,0
1746338125.3794844,2.905875,2.72725,351.87500000000017,2.1925000000000017,0
1746338125.4032445,2.20875,2.287125,-345.2499999999996,-2.2087499999999993,0
1746338125.4267888,2.80625,2.66375,252.25000000000009,1.5574999999999983,0
1746338125.450339,2.4725,2.437875,-81.49999999999969,-0.7012499999999999,0
1746338125.4741614,2.4815,2.44975,-72.49999999999979,-0.5825000000000014,0
1746338125.4976735,2.811125,2.673375,257.1250000000003,1.6537500000000005,0
1746338125.5211859,2.200125,2.287125,-353.87499999999994,-2.2087499999999993,0
1746338125.5451276,2.91025,2.73025,356.25000000000017,2.2224999999999984,0
1746338125.568709,2.28075,2.3348750000000003,-273.25,-1.7312499999999975,0
1746338125.592446,2.69775,2.59825,143.75000000000026,0.9025000000000016,0
1746338125.616583,2.54475,2.48825,-9.249999999999758,-0.19750000000000156,0
1746338125.6403291,2.397875,2.406125,-156.12499999999986,-1.0187500000000016,0
1746338125.6637702,2.867625,2.7055000000000002,313.62500000000006,1.9750000000000023,0
1746338125.687324,2.1945,2.279375,-359.4999999999997,-2.286250000000001,0
1746338125.7108488,2.859125,2.69525,305.12500000000034,1.8725000000000014,0
1746338125.7343452,2.418,2.41775,-135.9999999999997,-0.9025000000000016,0
1746338125.7578702,2.508875,2.469,-45.12499999999964,-0.39000000000000146,0
1746338125.781391,2.781875,2.632875,227.87500000000006,1.2487499999999985,0
1746338125.8057857,2.271875,2.3235,-282.1249999999997,-1.8449999999999989,0
1746338125.8293712,2.91125,2.734625,357.25000000000006,2.2662499999999985,0
1746338125.852857,2.236125,2.3075,-317.8749999999999,-2.004999999999999,0
1746338125.876363,2.7403750000000002,2.6185,186.3750000000004,1.1050000000000004,0
1746338125.8998682,2.575625,2.5143750000000002,21.625000000000227,0.06375000000000242,0
1746338125.9234915,2.36125,2.38125,-192.74999999999974,-1.2674999999999992,0
1746338125.947032,2.878375,2.720125,324.3750000000003,2.121249999999999,0
1746338125.970409,2.201625,2.2835,-352.3749999999999,-2.244999999999999,0
1746338125.9939237,2.823125,2.6775,269.1250000000003,1.695000000000002,0
1746338126.0178232,2.416125,2.41525,-137.87499999999974,-0.9275000000000011,0
1746338126.0413957,2.515125,2.474,-38.87499999999999,-0.3399999999999981,0
1746338126.064911,2.78275,2.6535,228.75000000000023,1.4550000000000018,0
1746338126.0884593,2.217625,2.287,-336.3749999999999,-2.210000000000001,0
1746338126.1118624,2.90225,2.725375,348.25000000000017,2.173750000000001,0
1746338126.135357,2.3165,2.35875,-237.49999999999983,-1.4924999999999988,0
1746338126.1588974,2.6225,2.54225,68.50000000000023,0.34250000000000114,0
1746338126.18241,2.696625,2.5965000000000003,142.62500000000023,0.8850000000000025,0
1746338126.2059636,2.266375,2.309375,-287.6249999999998,-1.9862499999999983,0
1746338126.2295017,2.499375,2.507875,-54.6249999999997,-0.0012500000000015277,0
1746338126.253407,2.562125,2.507375,8.12500000000016,-0.0062499999999987566,0
1746338126.2769232,2.558875,2.507375,4.875000000000185,-0.0062499999999987566,0
1746338126.300458,2.560375,2.507375,6.375000000000242,-0.0062499999999987566,0
1746338126.3239872,2.55925,2.507375,5.250000000000199,-0.0062499999999987566,0
1746338126.3475153,2.555875,2.507375,1.875000000000071,-0.0062499999999987566,0
1746338126.371084,2.5576250000000003,2.507,3.6250000000004334,-0.009999999999998899,0
1746338126.3944848,2.5565,2.5071250000000003,2.500000000000391,-0.008749999999997371,0
1746338126.4180443,2.55975,2.507625,5.750000000000366,-0.003750000000000142,0
1746338126.4415407,2.557375,2.5071250000000003,3.375000000000128,-0.008749999999997371,0
1746338126.4650645,2.55575,2.5071250000000003,1.7500000000003624,-0.008749999999997371,0
1746338126.4885614,2.559125,2.506875,5.125000000000046,-0.011250000000000426,0
1746338126.5120955,2.5555,2.5071250000000003,1.5000000000000568,-0.008749999999997371,0
1746338126.5360215,2.558125,2.507,4.125000000000156,-0.009999999999998899,0
1746338126.559556,2.55675,2.506875,2.7500000000002522,-0.011250000000000426,0
1746338126.5830564,2.5572500000000002,2.5071250000000003,3.250000000000419,-0.008749999999997371,0
1746338126.6066031,2.557,2.50725,3.0000000000001137,-0.007500000000000284,0
1746338126.6301675,2.557125,2.50725,3.1250000000002665,-0.007500000000000284,0
1746338126.6537,2.5568750000000002,2.5067500000000003,2.875000000000405,-0.012499999999997513,0
1746338126.6776164,2.557,2.50725,3.0000000000001137,-0.007500000000000284,0
1746338126.7011068,2.558625,2.507375,4.625000000000323,-0.0062499999999987566,0
1746338126.7246375,2.556375,2.506875,2.375000000000238,-0.011250000000000426,0
1746338126.748145,2.558125,2.5067500000000003,4.125000000000156,-0.012499999999997513,0
1746338126.771648,2.557875,2.507375,3.875000000000295,-0.0062499999999987566,0
1746338126.795162,2.5572500000000002,2.507,3.250000000000419,-0.009999999999998899,0
1746338126.8191216,2.559375,2.507,5.375000000000352,-0.009999999999998899,0
1746338126.8426232,2.554625,2.506125,0.6250000000003197,-0.01875000000000071,0
1746338126.8661306,2.559625,2.50625,5.625000000000213,-0.017499999999999183,0
1746338126.8896441,2.557375,2.5065,3.375000000000128,-0.015000000000000568,0
1746338126.9132552,2.557125,2.5063750000000002,3.1250000000002665,-0.016249999999997655,0
1746338126.936802,2.5585,2.506875,4.5000000000001705,-0.011250000000000426,0
1746338126.9601722,2.555125,2.507375,1.1250000000000426,-0.0062499999999987566,0
1746338126.9836864,2.559875,2.507375,5.875000000000075,-0.0062499999999987566,0
1746338127.007235,2.550875,2.507,-3.1249999999998224,-0.009999999999998899,0
1746338127.0310395,2.55675,2.506875,2.7500000000002522,-0.011250000000000426,0
1746338127.0545902,2.560125,2.507,6.12500000000038,-0.009999999999998899,0
1746338127.0781057,2.555125,2.50725,1.1250000000000426,-0.007500000000000284,0
1746338127.1015828,2.561125,2.50725,7.12500000000027,-0.007500000000000284,0
1746338127.1250987,2.55525,2.5071250000000003,1.2500000000001954,-0.008749999999997371,0
1746338127.148609,2.5572500000000002,2.507625,3.250000000000419,-0.003750000000000142,0
1746338127.17212,2.56025,2.50725,6.250000000000089,-0.007500000000000284,0
1746338127.1956432,2.5545,2.5067500000000003,0.500000000000167,-0.012499999999997513,0
1746338127.2192514,2.560625,2.5065,6.625000000000103,-0.015000000000000568,0
1746338127.2426164,2.55475,2.506875,0.7500000000000284,-0.011250000000000426,0
1746338127.2661204,2.55825,2.507,4.250000000000309,-0.009999999999998899,0
1746338127.2896483,2.5595,2.5071250000000003,5.50000000000006,-0.008749999999997371,0
1746338127.3131807,2.554875,2.506875,0.8750000000001812,-0.011250000000000426,0
1746338127.337061,2.5605,2.5071250000000003,6.500000000000394,-0.008749999999997371,0
1746338127.3606763,2.553375,2.506875,-0.6249999999998757,-0.011250000000000426,0
1746338127.3841152,2.5572500000000002,2.506875,3.250000000000419,-0.011250000000000426,0
1746338127.4077091,2.55925,2.507375,5.250000000000199,-0.0062499999999987566,0
1746338127.4312465,2.556125,2.506875,2.1250000000003766,-0.011250000000000426,0
1746338127.4547715,2.560625,2.506875,6.625000000000103,-0.011250000000000426,0
1746338127.478321,2.555625,2.507375,1.6250000000002096,-0.0062499999999987566,0
1746338127.5018258,2.558625,2.507,4.625000000000323,-0.009999999999998899,0
1746338127.5257473,2.55675,2.5075,2.7500000000002522,-0.00500000000000167,0
1746338127.5494106,2.556125,2.507625,2.1250000000003766,-0.003750000000000142,0
1746338127.5729613,2.56025,2.507625,6.250000000000089,-0.003750000000000142,0
1746338127.596525,2.555625,2.5075,1.6250000000002096,-0.00500000000000167,0
1746338127.6201417,2.55225,2.5075,-1.7499999999999183,-0.00500000000000167,0
1746338127.6437616,2.5505,2.507375,-3.4999999999998366,-0.0062499999999987566,0
1746338127.6677122,2.553375,2.5071250000000003,-0.6249999999998757,-0.008749999999997371,0
1746338127.6912434,2.553,2.50725,-0.9999999999998899,-0.007500000000000284,0
1746338127.7147486,2.560125,2.507375,6.12500000000038,-0.0062499999999987566,0
