1746337291.0281236,2.543625,2.5063750000000002,-10.374999999999801,-0.016249999999997655
1746337291.0489275,2.559625,2.506625,5.625000000000213,-0.01374999999999904
1746337291.0687594,2.5528750000000002,2.5065,-1.1249999999995985,-0.015000000000000568
1746337291.0885756,2.5625,2.5063750000000002,8.500000000000174,-0.016249999999997655
1746337291.108515,2.563875,2.507,9.875000000000078,-0.009999999999998899
1746337291.1281536,2.563375,2.505625,9.375000000000355,-0.02374999999999794
1746337291.1478162,2.56025,2.50575,6.250000000000089,-0.022500000000000853
1746337291.167457,2.5572500000000002,2.5065,3.250000000000419,-0.015000000000000568
1746337291.1870432,2.55825,2.506125,4.250000000000309,-0.01875000000000071
1746337291.20661,2.557125,2.5063750000000002,3.1250000000002665,-0.016249999999997655
1746337291.2260454,2.55925,2.507,5.250000000000199,-0.009999999999998899
1746337291.2456048,2.5608750000000002,2.506625,6.875000000000409,-0.01374999999999904
1746337291.2652586,2.555125,2.506125,1.1250000000000426,-0.01875000000000071
1746337291.284951,2.555625,2.5065,1.6250000000002096,-0.015000000000000568
1746337291.3045862,2.5572500000000002,2.50625,3.250000000000419,-0.017499999999999183
1746337291.3241625,2.55675,2.5065,2.7500000000002522,-0.015000000000000568
1746337291.3442924,2.5580000000000003,2.506125,4.000000000000448,-0.01875000000000071
1746337291.3639069,2.561375,2.5065,7.3750000000001315,-0.015000000000000568
1746337291.3835447,2.554875,2.50625,0.8750000000001812,-0.017499999999999183
1746337291.4031236,2.555125,2.5067500000000003,1.1250000000000426,-0.012499999999997513
1746337291.4226642,2.558375,2.506125,4.375000000000018,-0.01875000000000071
1746337291.4422014,2.558375,2.50625,4.375000000000018,-0.017499999999999183
1746337291.4617748,2.557,2.506125,3.0000000000001137,-0.01875000000000071
1746337291.481235,2.541,2.50625,-12.9999999999999,-0.017499999999999183
1746337291.501216,2.5515,2.5067500000000003,-2.4999999999999467,-0.012499999999997513
1746337291.5211225,2.556625,2.506125,2.6250000000000995,-0.01875000000000071
1746337291.5408993,2.55425,2.5063750000000002,0.25000000000030553,-0.016249999999997655
1746337291.5608609,2.559375,2.50625,5.375000000000352,-0.017499999999999183
1746337291.5804243,2.5568750000000002,2.5065,2.875000000000405,-0.015000000000000568
1746337291.5999138,2.55875,2.5065,4.750000000000032,-0.015000000000000568
1746337291.6194422,2.555625,2.507625,1.6250000000002096,-0.003750000000000142
1746337291.639012,2.549,2.507625,-4.999999999999893,-0.003750000000000142
1746337291.6586587,2.5492500000000002,2.506625,-4.749999999999588,-0.01374999999999904
1746337291.6785154,2.555,2.506875,1.000000000000334,-0.011250000000000426
1746337291.698072,2.5528750000000002,2.506875,-1.1249999999995985,-0.011250000000000426
1746337291.717601,2.562625,2.506875,8.625000000000327,-0.011250000000000426
1746337291.7371383,2.557875,2.506625,3.875000000000295,-0.01374999999999904
1746337291.756719,2.5576250000000003,2.5067500000000003,3.6250000000004334,-0.012499999999997513
1746337291.7762916,2.562125,2.5067500000000003,8.12500000000016,-0.012499999999997513
1746337291.7958581,2.560625,2.506875,6.625000000000103,-0.011250000000000426
1746337291.815445,2.555625,2.5063750000000002,1.6250000000002096,-0.016249999999997655
1746337291.8349113,2.55025,2.506875,-3.749999999999698,-0.011250000000000426
1746337291.8548315,2.5540000000000003,2.50725,4.440892098500626e-13,-0.007500000000000284
1746337291.8749352,2.5535,2.5063750000000002,-0.4999999999997229,-0.016249999999997655
1746337291.895242,2.56075,2.506625,6.750000000000256,-0.01374999999999904
1746337291.9151754,2.559625,2.507,5.625000000000213,-0.009999999999998899
1746337291.934807,2.555,2.507,1.000000000000334,-0.009999999999998899
1746337291.9549217,2.558375,2.506875,4.375000000000018,-0.011250000000000426
1746337291.974627,2.56,2.5067500000000003,6.000000000000227,-0.012499999999997513
1746337291.9942334,2.5595,2.507375,5.50000000000006,-0.0062499999999987566
1746337292.0138276,2.561375,2.50725,7.3750000000001315,-0.007500000000000284
1746337292.0333858,2.5580000000000003,2.5067500000000003,4.000000000000448,-0.012499999999997513
1746337292.053115,2.555,2.5063750000000002,1.000000000000334,-0.016249999999997655
1746337292.0727985,2.558125,2.506875,4.125000000000156,-0.011250000000000426
1746337292.0923533,2.56025,2.50725,6.250000000000089,-0.007500000000000284
1746337292.1118965,2.55925,2.5071250000000003,5.250000000000199,-0.008749999999997371
1746337292.1314347,2.55775,2.5065,3.750000000000142,-0.015000000000000568
1746337292.1509926,2.5572500000000002,2.506875,3.250000000000419,-0.011250000000000426
1746337292.170553,2.554875,2.507,0.8750000000001812,-0.009999999999998899
1746337292.1900096,2.5576250000000003,2.5071250000000003,3.6250000000004334,-0.008749999999997371
1746337292.2095563,2.561,2.507375,7.000000000000117,-0.0062499999999987566
1746337292.2292762,2.5585,2.50725,4.5000000000001705,-0.007500000000000284
1746337292.2488565,2.5565,2.507875,2.500000000000391,-0.0012500000000015277
1746337292.268413,2.5545,2.5071250000000003,0.500000000000167,-0.008749999999997371
1746337292.2882352,2.554375,2.506875,0.3750000000000142,-0.011250000000000426
1746337292.3077726,2.559,2.507,5.0000000000003375,-0.009999999999998899
1746337292.3273168,2.5616250000000003,2.5067500000000003,7.625000000000437,-0.012499999999997513
1746337292.3469071,2.559375,2.5067500000000003,5.375000000000352,-0.012499999999997513
1746337292.3664896,2.5565,2.506125,2.500000000000391,-0.01875000000000071
1746337292.386049,2.55675,2.5065,2.7500000000002522,-0.015000000000000568
1746337292.4055936,2.555375,2.506625,1.3750000000003482,-0.01374999999999904
1746337292.4250264,2.557875,2.506625,3.875000000000295,-0.01374999999999904
1746337292.4445667,2.561,2.5065,7.000000000000117,-0.015000000000000568
1746337292.4641304,2.558125,2.5067500000000003,4.125000000000156,-0.012499999999997513
1746337292.4836566,2.555625,2.5067500000000003,1.6250000000002096,-0.012499999999997513
1746337292.5031552,2.55675,2.506625,2.7500000000002522,-0.01374999999999904
1746337292.5226924,2.5555,2.50625,1.5000000000000568,-0.017499999999999183
1746337292.5426788,2.557875,2.506875,3.875000000000295,-0.011250000000000426
1746337292.5623243,2.5608750000000002,2.5071250000000003,6.875000000000409,-0.008749999999997371
1746337292.5819232,2.557375,2.5067500000000003,3.375000000000128,-0.012499999999997513
1746337292.6014936,2.553875,2.506625,-0.12499999999970868,-0.01374999999999904
1746337292.621081,2.557375,2.506625,3.375000000000128,-0.01374999999999904
1746337292.6406505,2.5565,2.506625,2.500000000000391,-0.01374999999999904
1746337292.6602254,2.557375,2.507375,3.375000000000128,-0.0062499999999987566
1746337292.6796718,2.561375,2.506875,7.3750000000001315,-0.011250000000000426
1746337292.6992092,2.557375,2.5067500000000003,3.375000000000128,-0.012499999999997513
1746337292.718736,2.555,2.50725,1.000000000000334,-0.007500000000000284
1746337292.738305,2.55675,2.5067500000000003,2.7500000000002522,-0.012499999999997513
1746337292.7578647,2.5575,2.5063750000000002,3.5000000000002807,-0.016249999999997655
1746337292.7774215,2.555625,2.506125,1.6250000000002096,-0.01875000000000071
1746337292.7968826,2.561125,2.506625,7.12500000000027,-0.01374999999999904
1746337292.8164227,2.558125,2.506625,4.125000000000156,-0.01374999999999904
1746337292.8359861,2.555125,2.5065,1.1250000000000426,-0.015000000000000568
1746337292.857249,2.5688750000000002,2.506625,14.875000000000416,-0.01374999999999904
1746337292.8804872,2.565,2.5063750000000002,11.00000000000012,-0.016249999999997655
1746337292.9034097,2.56225,2.506125,8.250000000000313,-0.01875000000000071
1746337292.9263277,2.566875,2.506125,12.875000000000192,-0.01875000000000071
1746337292.949295,2.5612500000000002,2.5060000000000002,7.250000000000423,-0.019999999999997797
1746337292.9733608,2.561375,2.506625,7.3750000000001315,-0.01374999999999904
1746337292.9963202,2.5648750000000002,2.506625,10.875000000000412,-0.01374999999999904
1746337293.0309944,2.566625,2.506125,12.62500000000033,-0.01875000000000071
1746337293.0545342,2.56175,2.5067500000000003,7.750000000000146,-0.012499999999997513
1746337293.0777183,2.5635,2.506625,9.500000000000064,-0.01374999999999904
1746337293.1008625,2.56075,2.506875,6.750000000000256,-0.011250000000000426
1746337293.1234734,2.5595,2.5067500000000003,5.50000000000006,-0.012499999999997513
1746337293.1465535,2.56225,2.506875,8.250000000000313,-0.011250000000000426
1746337293.1698847,2.5608750000000002,2.5063750000000002,6.875000000000409,-0.016249999999997655
1746337293.192834,2.562625,2.506875,8.625000000000327,-0.011250000000000426
1746337293.2157922,2.565,2.507,11.00000000000012,-0.009999999999998899
1746337293.2389925,2.561,2.506875,7.000000000000117,-0.011250000000000426
1746337293.262247,2.56,2.506625,6.000000000000227,-0.01374999999999904
1746337293.2859755,2.559125,2.5063750000000002,5.125000000000046,-0.016249999999997655
1746337293.3094308,2.564375,2.5063750000000002,10.375000000000245,-0.016249999999997655
1746337293.3324795,2.56225,2.506125,8.250000000000313,-0.01875000000000071
1746337293.355718,2.561125,2.506625,7.12500000000027,-0.01374999999999904
1746337293.3790355,2.563625,2.505875,9.625000000000217,-0.021249999999999325
1746337293.4019837,2.56275,2.507,8.750000000000036,-0.009999999999998899
1746337293.4248638,2.563,2.50625,9.000000000000341,-0.017499999999999183
1746337293.447716,2.563875,2.506625,9.875000000000078,-0.01374999999999904
1746337293.4707806,2.559875,2.5067500000000003,5.875000000000075,-0.012499999999997513
1746337293.493786,2.564,2.5065,10.000000000000231,-0.015000000000000568
1746337293.5169919,2.562875,2.5067500000000003,8.875000000000188,-0.012499999999997513
1746337293.5399225,2.558875,2.5063750000000002,4.875000000000185,-0.016249999999997655
1746337293.5627246,2.563375,2.5067500000000003,9.375000000000355,-0.012499999999997513
1746337293.5856273,2.562125,2.506625,8.12500000000016,-0.01374999999999904
1746337293.6085026,2.561875,2.5063750000000002,7.875000000000298,-0.016249999999997655
1746337293.6318545,2.559125,2.506875,5.125000000000046,-0.011250000000000426
1746337293.655385,2.561,2.506875,7.000000000000117,-0.011250000000000426
1746337293.6784713,2.56425,2.507,10.250000000000092,-0.009999999999998899
1746337293.7021332,2.563625,2.5063750000000002,9.625000000000217,-0.016249999999997655
1746337293.725069,2.56275,2.506625,8.750000000000036,-0.01374999999999904
1746337293.7488244,2.564125,2.5065,10.125000000000384,-0.015000000000000568
1746337293.7717893,2.562625,2.5065,8.625000000000327,-0.015000000000000568
1746337293.7947016,2.56425,2.5063750000000002,10.250000000000092,-0.016249999999997655
1746337293.8175921,2.562875,2.507,8.875000000000188,-0.009999999999998899
1746337293.8404672,2.560125,2.506875,6.12500000000038,-0.011250000000000426
1746337293.8637307,2.564125,2.506875,10.125000000000384,-0.011250000000000426
1746337293.8866603,2.56225,2.506625,8.250000000000313,-0.01374999999999904
1746337293.9095368,2.56325,2.506875,9.250000000000203,-0.011250000000000426
1746337293.9324334,2.56475,2.5065,10.75000000000026,-0.015000000000000568
1746337293.9553287,2.561125,2.506125,7.12500000000027,-0.01875000000000071
1746337293.978278,2.563625,2.507,9.625000000000217,-0.009999999999998899
1746337294.001155,2.56225,2.506625,8.250000000000313,-0.01374999999999904
1746337294.0250611,2.56225,2.506625,8.250000000000313,-0.01374999999999904
1746337294.0479913,2.5612500000000002,2.507,7.250000000000423,-0.009999999999998899
1746337294.0714893,2.562,2.506875,8.000000000000007,-0.011250000000000426
1746337294.0943818,2.56375,2.5071250000000003,9.75000000000037,-0.008749999999997371
1746337294.1172328,2.5488750000000002,2.5065,-5.124999999999602,-0.015000000000000568
1746337294.1405728,2.5465,2.507,-7.49999999999984,-0.009999999999998899
1746337294.1639757,2.551,2.506875,-2.9999999999996696,-0.011250000000000426
1746337294.187167,2.54325,2.507,-10.749999999999815,-0.009999999999998899
1746337294.210766,2.5595,2.50725,5.50000000000006,-0.007500000000000284
1746337294.23376,2.565875,2.507,11.875000000000302,-0.009999999999998899
1746337294.255872,2.565125,2.5067500000000003,11.125000000000274,-0.012499999999997513
1746337294.2770705,2.56425,2.506875,10.250000000000092,-0.011250000000000426
1746337294.298226,2.5648750000000002,2.507375,10.875000000000412,-0.0062499999999987566
1746337294.3198254,2.55925,2.507875,5.250000000000199,-0.0012500000000015277
1746337294.341423,2.55925,2.507875,5.250000000000199,-0.0012500000000015277
1746337294.3630166,2.56725,2.5075,13.250000000000206,-0.00500000000000167
1746337294.3855138,2.562,2.5075,8.000000000000007,-0.00500000000000167
1746337294.4084132,2.55475,2.507625,0.7500000000000284,-0.003750000000000142
1746337294.431311,2.56075,2.507,6.750000000000256,-0.009999999999998899
1746337294.454178,2.5545,2.507625,0.500000000000167,-0.003750000000000142
1746337294.477421,2.565,2.507375,11.00000000000012,-0.0062499999999987566
1746337294.5000942,2.565125,2.508,11.125000000000274,0.0
1746337294.5229757,2.5595,2.508,5.50000000000006,0.0
1746337294.5461953,2.564125,2.507625,10.125000000000384,-0.003750000000000142
1746337294.569064,2.560375,2.507875,6.375000000000242,-0.0012500000000015277
1746337294.5919652,2.564125,2.50825,10.125000000000384,0.0024999999999986144
1746337294.6148307,2.56475,2.50825,10.75000000000026,0.0024999999999986144
1746337294.6377065,2.559875,2.507625,5.875000000000075,-0.003750000000000142
1746337294.6605728,2.564625,2.5071250000000003,10.625000000000107,-0.008749999999997371
1746337294.6830828,2.56325,2.508,9.250000000000203,0.0
1746337294.7059517,2.559875,2.50775,5.875000000000075,-0.0024999999999986144
1746337294.7288268,2.566125,2.508,12.125000000000163,0.0
1746337294.7530432,2.5595,2.5085,5.50000000000006,0.00500000000000167
1746337294.7761016,2.563875,2.507875,9.875000000000078,-0.0012500000000015277
1746337294.7990355,2.56275,2.507875,8.750000000000036,-0.0012500000000015277
1746337294.8218842,2.5595,2.507875,5.50000000000006,-0.0012500000000015277
1746337294.844763,2.565375,2.50825,11.375000000000135,0.0024999999999986144
1746337294.867811,2.560625,2.508125,6.625000000000103,0.0012500000000015277
1746337294.8907678,2.5616250000000003,2.50775,7.625000000000437,-0.0024999999999986144
1746337294.9136696,2.565,2.508625,11.00000000000012,0.0062499999999987566
1746337294.9365342,2.560375,2.507875,6.375000000000242,-0.0012500000000015277
1746337294.959542,2.5652500000000003,2.50775,11.250000000000426,-0.0024999999999986144
1746337294.9825535,2.563125,2.508125,9.12500000000005,0.0012500000000015277
1746337295.005445,2.560125,2.508625,6.12500000000038,0.0062499999999987566
1746337295.0293803,2.565375,2.508375,11.375000000000135,0.003750000000000142
1746337295.0522425,2.558625,2.508125,4.625000000000323,0.0012500000000015277
1746337295.0758266,2.564,2.50825,10.000000000000231,0.0024999999999986144
1746337295.0987387,2.562875,2.507875,8.875000000000188,-0.0012500000000015277
1746337295.1216164,2.56075,2.50825,6.750000000000256,0.0024999999999986144
1746337295.1444912,2.565125,2.508,11.125000000000274,0.0
1746337295.167618,2.5616250000000003,2.50825,7.625000000000437,0.0024999999999986144
1746337295.1906016,2.561125,2.50875,7.12500000000027,0.007500000000000284
1746337295.213489,2.565375,2.508375,11.375000000000135,0.003750000000000142
1746337295.2363958,2.560125,2.508375,6.12500000000038,0.003750000000000142
1746337295.2592468,2.563875,2.508375,9.875000000000078,0.003750000000000142
1746337295.2822158,2.5616250000000003,2.508125,7.625000000000437,0.0012500000000015277
1746337295.3051126,2.560375,2.50775,6.375000000000242,-0.0024999999999986144
1746337295.3412097,2.560375,2.508375,6.375000000000242,0.003750000000000142
1746337295.3645868,2.5635,2.50775,9.500000000000064,-0.0024999999999986144
1746337295.387404,2.56175,2.507625,7.750000000000146,-0.003750000000000142
1746337295.4103477,2.5572500000000002,2.50725,3.250000000000419,-0.007500000000000284
1746337295.4325674,2.550375,2.506875,-3.6249999999999893,-0.011250000000000426
1746337295.455219,2.5612500000000002,2.507625,7.250000000000423,-0.003750000000000142
1746337295.4778914,2.5655,2.507875,11.500000000000288,-0.0012500000000015277
1746337295.500856,2.5645000000000002,2.507875,10.500000000000398,-0.0012500000000015277
1746337295.5237095,2.5608750000000002,2.508125,6.875000000000409,0.0012500000000015277
1746337295.5465133,2.563125,2.50825,9.12500000000005,0.0024999999999986144
1746337295.5699944,2.5585,2.508375,4.5000000000001705,0.003750000000000142
1746337295.5935185,2.563375,2.507875,9.375000000000355,-0.0012500000000015277
1746337295.6165457,2.5652500000000003,2.50825,11.250000000000426,0.0024999999999986144
1746337295.63944,2.559125,2.5085,5.125000000000046,0.00500000000000167
1746337295.6623487,2.563,2.508375,9.000000000000341,0.003750000000000142
1746337295.6852233,2.55825,2.508,4.250000000000309,0.0
1746337295.7084742,2.561,2.508625,7.000000000000117,0.0062499999999987566
1746337295.731336,2.564625,2.508375,10.625000000000107,0.003750000000000142
1746337295.7543235,2.561125,2.5075,7.12500000000027,-0.00500000000000167
1746337295.778048,2.563375,2.508125,9.375000000000355,0.0012500000000015277
1746337295.8010035,2.564375,2.508,10.375000000000245,0.0
1746337295.8236568,2.560375,2.50825,6.375000000000242,0.0024999999999986144
1746337295.8465648,2.563875,2.50775,9.875000000000078,-0.0024999999999986144
1746337295.8694577,2.561375,2.50775,7.3750000000001315,-0.0024999999999986144
1746337295.8925862,2.561375,2.50825,7.3750000000001315,0.0024999999999986144
1746337295.9154422,2.565,2.50775,11.00000000000012,-0.0024999999999986144
1746337295.9383202,2.55975,2.508,5.750000000000366,0.0
1746337295.9613266,2.56275,2.508125,8.750000000000036,0.0012500000000015277
1746337295.9842453,2.56475,2.5071250000000003,10.75000000000026,-0.008749999999997371
1746337296.007111,2.5608750000000002,2.50775,6.875000000000409,-0.0024999999999986144
1746337296.0299609,2.564125,2.50775,10.125000000000384,-0.0024999999999986144
1746337296.0528314,2.553125,2.50725,-0.8749999999997371,-0.007500000000000284
1746337296.0761678,2.561,2.5075,7.000000000000117,-0.00500000000000167
1746337296.0988226,2.565875,2.5075,11.875000000000302,-0.00500000000000167
1746337296.1216958,2.560125,2.507875,6.12500000000038,-0.0012500000000015277
1746337296.144572,2.5635,2.507875,9.500000000000064,-0.0012500000000015277
1746337296.1675699,2.56375,2.508125,9.75000000000037,0.0012500000000015277
1746337296.1901338,2.559375,2.5075,5.375000000000352,-0.00500000000000167
1746337296.2129724,2.565375,2.507875,11.375000000000135,-0.0012500000000015277
1746337296.2358036,2.561125,2.508125,7.12500000000027,0.0012500000000015277
1746337296.2586443,2.559625,2.50825,5.625000000000213,0.0024999999999986144
1746337296.2822142,2.56575,2.508375,11.75000000000015,0.003750000000000142
1746337296.3051906,2.559625,2.50825,5.625000000000213,0.0024999999999986144
1746337296.3281147,2.563625,2.508125,9.625000000000217,0.0012500000000015277
1746337296.3520303,2.563625,2.508125,9.625000000000217,0.0012500000000015277
1746337296.3750446,2.560625,2.508125,6.625000000000103,0.0012500000000015277
1746337296.3980193,2.565875,2.50825,11.875000000000302,0.0024999999999986144
1746337296.4208837,2.56,2.508125,6.000000000000227,0.0012500000000015277
1746337296.4437351,2.561375,2.4935,7.3750000000001315,-0.14499999999999957
1746337296.4666102,2.234,2.38925,-319.99999999999983,-1.1874999999999991
1746337296.4896219,2.8941250000000003,2.731625,340.12500000000045,2.236250000000002
1746337296.5124736,2.43525,2.32025,-118.74999999999991,-1.8774999999999986
1746337296.5353172,2.402875,2.5420000000000003,-151.12499999999994,0.3400000000000025
1746337296.5583568,2.896125,2.633625,342.1250000000002,1.2562499999999988
1746337296.5813096,2.23375,2.285,-320.2499999999997,-2.2299999999999986
1746337296.6042135,2.692,2.730125,138.00000000000034,2.2212500000000013
1746337296.6280465,2.59175,2.388625,37.7500000000004,-1.1937499999999979
1746337296.6509519,2.2843750000000003,2.448125,-269.62499999999955,-0.598749999999999
1746337296.6738048,2.914125,2.708875,360.125,2.008749999999999
1746337296.696678,2.3485,2.291375,-205.4999999999998,-2.1662500000000007
1746337296.719522,2.504,2.6035,-49.99999999999982,0.9549999999999992
1746337296.7423575,2.86375,2.57475,309.75000000000017,0.6674999999999986
1746337296.7655084,2.204625,2.3075,-349.3749999999998,-2.004999999999999
1746337296.7884395,2.783875,2.72675,229.87500000000028,2.1875
1746337296.8113327,2.607625,2.40375,53.625000000000256,-1.0424999999999995
1746337296.8342333,2.271375,2.43875,-282.6249999999999,-0.6924999999999981
1746337296.8571367,2.919,2.714,365.0000000000002,2.0599999999999996
1746337296.8800595,2.357875,2.2925,-196.1249999999999,-2.1550000000000002
1746337296.9026268,2.460625,2.578875,-93.37499999999999,0.7087500000000002
1746337296.925531,2.8781250000000003,2.61225,324.12500000000045,1.0424999999999995
1746337296.948409,2.22175,2.290375,-332.2499999999997,-2.1762499999999996
1746337296.971376,2.722125,2.700125,168.1250000000003,1.9212499999999988
1746337296.9941015,2.707375,2.4665,153.37500000000003,-0.4150000000000009
1746337297.0169468,2.2235,2.372,-330.4999999999998,-1.3600000000000012
1746337297.0397818,2.88375,2.7345,329.7500000000002,2.2650000000000015
1746337297.0628035,2.446125,2.321,-107.87499999999994,-1.8699999999999983
1746337297.086402,2.501375,2.606,-52.62499999999992,0.9799999999999986
1746337297.109298,2.8577500000000002,2.586,303.7500000000004,0.7799999999999985
1746337297.1321878,2.210625,2.298,-343.375,-2.0999999999999996
1746337297.1551178,2.7676250000000002,2.7165,213.6250000000004,2.084999999999999
1746337297.1779456,2.6365,2.403,82.50000000000001,-1.0499999999999998
1746337297.201195,2.273375,2.43575,-280.62499999999966,-0.7224999999999993
1746337297.2241905,2.9126250000000002,2.70775,358.6250000000004,1.9974999999999987
1746337297.247106,2.3388750000000003,2.2905,-215.12499999999957,-2.174999999999998
1746337297.2699695,2.508625,2.6157500000000002,-45.37499999999994,1.0775000000000023
1746337297.2928512,2.85025,2.572,296.2500000000001,0.6400000000000006
1746337297.3158054,2.20775,2.30475,-346.24999999999994,-2.0325000000000015
1746337297.3386834,2.77725,2.7247500000000002,223.25000000000017,2.167500000000002
1746337297.3616524,2.613375,2.39975,59.37500000000018,-1.0824999999999996
1746337297.38461,2.278875,2.44075,-275.1249999999996,-0.6725000000000003
1746337297.4074953,2.9122500000000002,2.71275,358.2500000000004,2.047500000000002
1746337297.43008,2.3817500000000003,2.301375,-172.24999999999957,-2.0662499999999984
1746337297.4531376,2.49,2.597375,-63.999999999999616,0.8937499999999998
1746337297.4760594,2.871375,2.6175,317.37500000000017,1.0950000000000015
1746337297.498734,2.2251250000000002,2.285875,-328.8749999999996,-2.2212500000000013
1746337297.5215771,2.7005,2.700625,146.50000000000009,1.9262500000000005
1746337297.5444143,2.711375,2.444,157.37500000000006,-0.6400000000000006
1746337297.5675695,2.23375,2.39625,-320.2499999999997,-1.117499999999998
1746337297.5909915,2.9166250000000002,2.709,362.6250000000004,2.0100000000000007
1746337297.61388,2.348875,2.288875,-205.12499999999977,-2.19125
1746337297.6478953,2.27225,2.27975,-281.7499999999997,-2.2825000000000006
1746337297.671015,2.632625,2.67775,78.62500000000017,1.6975000000000007
1746337297.6936464,2.812625,2.545125,258.62500000000034,0.37125000000000075
1746337297.7164965,2.20175,2.293375,-352.2499999999997,-2.1462499999999984
1746337297.7387617,2.742625,2.71525,188.62500000000006,2.0725000000000016
1746337297.7610695,2.73625,2.478625,182.25000000000026,-0.2937499999999993
1746337297.7840872,2.218375,2.375375,-335.62499999999983,-1.32625
1746337297.8069863,2.874,2.7365,320.0000000000003,2.2849999999999993
1746337297.8295856,2.487625,2.34,-66.37499999999986,-1.6800000000000015
1746337297.8532317,2.47,2.608375,-83.99999999999963,1.003750000000001
1746337297.8765333,2.838625,2.585625,284.6250000000001,0.7762499999999983
1746337297.9000542,2.20325,2.36225,-350.74999999999966,-1.4575000000000005
1746337297.9235482,2.8775,2.7355,323.5000000000001,2.2750000000000004
1746337297.9466493,2.4375,2.319,-116.49999999999983,-1.8900000000000006
1746337297.9694643,2.3937500000000003,2.536,-160.24999999999955,0.28000000000000025
1746337297.992416,2.909125,2.648625,355.1250000000001,1.40625
1746337298.0152857,2.2535,2.281125,-300.5,-2.2687500000000016
1746337298.0938704,2.562125,2.508125,8.12500000000016,0.0012500000000015277
1746337298.1171,2.562875,2.508,8.875000000000188,0.0
1746337298.1401682,2.55925,2.507625,5.250000000000199,-0.003750000000000142
1746337298.1633716,2.562625,2.5085,8.625000000000327,0.00500000000000167
1746337298.1864448,2.5616250000000003,2.508,7.625000000000437,0.0
1746337298.2094545,2.563125,2.508125,9.12500000000005,0.0012500000000015277
1746337298.2324173,2.56475,2.50825,10.75000000000026,0.0024999999999986144
1746337298.255611,2.733,2.73075,179.00000000000028,2.2275
1746337298.279125,2.553125,2.3555,-0.8749999999997371,-1.5249999999999986
1746337298.3026965,2.35825,2.512875,-195.74999999999986,0.04875000000000185
1746337298.3256593,2.91325,2.667125,359.2500000000003,1.5912499999999996
1746337298.348578,2.264875,2.280625,-289.12499999999983,-2.273749999999999
1746337298.3715336,2.639125,2.673625,85.12500000000011,1.6562499999999991
1746337298.3945184,2.760875,2.4985,206.87500000000014,-0.09500000000000064
1746337298.4174423,2.21225,2.353625,-341.7499999999998,-1.5437499999999993
1746337298.4403517,2.8635,2.73625,309.50000000000034,2.2825000000000006
1746337298.46324,2.496125,2.3445,-57.87499999999967,-1.6349999999999998
1746337298.4861474,2.353125,2.50775,-200.87499999999991,-0.0024999999999986144
1746337298.5090044,2.916125,2.6675,362.1250000000002,1.5949999999999998
1746337298.5319574,2.268125,2.2800000000000002,-285.8749999999999,-2.2799999999999976
1746337298.5548477,2.626375,2.67325,72.37500000000009,1.652499999999999
1746337298.577797,2.763375,2.501,209.37500000000009,-0.07000000000000117
1746337298.6007752,2.2105,2.351375,-343.4999999999997,-1.5662500000000001
1746337298.623744,2.866875,2.736,312.875,2.280000000000002
1746337298.646679,2.483375,2.3385000000000002,-70.62499999999972,-1.6949999999999976
1746337298.6695945,2.367625,2.515625,-186.37499999999994,0.07624999999999993
1746337298.6925032,2.918125,2.66475,364.12500000000006,1.5675000000000017
1746337298.7153993,2.264625,2.28025,-289.3749999999997,-2.277499999999999
1746337298.7382727,2.619125,2.668125,65.1250000000001,1.6012499999999985
1746337298.7612317,2.763375,2.504,209.37500000000009,-0.040000000000000036
1746337298.7841704,2.210375,2.349875,-343.62499999999983,-1.5812500000000007
1746337298.8070993,2.85975,2.735875,305.75000000000017,2.2787500000000005
1746337298.829775,2.5296250000000002,2.35975,-24.37499999999959,-1.4825
1746337298.852672,2.329875,2.48325,-224.12499999999991,-0.2475000000000005
1746337298.8755403,2.92325,2.68725,369.25000000000006,1.7925000000000013
1746337298.8984954,2.2872500000000002,2.28225,-266.7499999999996,-2.257500000000001
1746337298.9214149,2.579375,2.650125,25.37500000000037,1.4212500000000006
1746337298.9443617,2.80075,2.530125,246.75000000000003,0.2212499999999995
1746337298.9673233,2.206125,2.33675,-347.8749999999997,-1.7125000000000012
1746337298.990393,2.8501250000000002,2.736,296.1250000000004,2.280000000000002
1746337299.0133193,2.520125,2.35425,-33.87499999999966,-1.5375000000000005
1746337299.0362232,2.341375,2.49975,-212.62499999999963,-0.08249999999999869
1746337299.1103814,2.5656250000000003,2.50775,11.62500000000044,-0.0024999999999986144
1746337299.1335628,2.565,2.50775,11.00000000000012,-0.0024999999999986144
1746337299.1563733,2.562875,2.5075,8.875000000000188,-0.00500000000000167
1746337299.1793377,2.56325,2.507875,9.250000000000203,-0.0012500000000015277
1746337299.2022512,2.562875,2.5075,8.875000000000188,-0.00500000000000167
1746337299.225469,2.54975,2.507875,-4.249999999999865,-0.0012500000000015277
1746337299.2488194,2.54725,2.368875,-6.749999999999812,-1.3912499999999994
1746337299.2739048,2.829875,2.732125,275.8750000000001,2.241249999999999
1746337299.2982225,2.349,2.2800000000000002,-204.99999999999963,-2.2799999999999976
1746337299.320862,2.437625,2.445125,-116.37499999999967,-0.6287500000000001
1746337299.3408635,2.834625,2.690375,280.6250000000001,1.8237499999999995
1746337299.3606038,2.891,2.709375,337.00000000000017,2.013750000000001
1746337299.380383,2.55875,2.509875,4.750000000000032,0.01875000000000071
1746337299.399935,2.242125,2.307,-311.87499999999966,-2.0100000000000007
1746337299.4197116,2.277875,2.3421250000000002,-276.12499999999994,-1.6587499999999977
1746337299.439646,2.67675,2.582875,122.75000000000036,0.7487500000000002
1746337299.4592166,2.910375,2.73325,356.37500000000034,2.2524999999999995
1746337299.4787352,2.769,2.6365,215.0000000000003,1.2849999999999984
1746337299.498331,2.39475,2.40725,-159.24999999999966,-1.0075000000000012
1746337299.5178766,2.19925,2.280125,-354.74999999999966,-2.2787500000000005
1746337299.5373845,2.375125,2.387,-178.87499999999966,-1.21
1746337299.557269,2.78375,2.650875,229.7500000000001,1.4287500000000009
1746337299.5768445,2.9090000000000003,2.732875,355.00000000000045,2.2487499999999994
1746337299.5963671,2.664625,2.58075,110.6250000000002,0.7275000000000009
1746337299.6158006,2.30925,2.347875,-244.7499999999998,-1.6012499999999985
1746337299.6355126,2.210625,2.292125,-343.375,-2.1587500000000004
1746337299.6552217,2.5105,2.475375,-43.49999999999987,-0.32624999999999904
1746337299.6747553,2.84625,2.693,292.2500000000001,1.8500000000000005
1746337299.6943223,2.87575,2.713375,321.7500000000002,2.053750000000001
1746337299.7138548,2.566125,2.517875,12.125000000000163,0.09875000000000078
1746337299.7332697,2.252125,2.3156250000000003,-301.8749999999999,-1.9237499999999974
1746337299.7528243,2.24825,2.309375,-305.7499999999998,-1.9862499999999983
1746337299.772412,2.576125,2.51375,22.125000000000394,0.05749999999999922
1746337299.7919683,2.88475,2.7135000000000002,330.7500000000001,2.0550000000000024
1746337299.8115017,2.84675,2.694,292.7500000000003,1.8599999999999994
1746337299.8310442,2.508125,2.482,-45.874999999999666,-0.259999999999998
1746337299.8505416,2.2175000000000002,2.29875,-336.4999999999996,-2.0924999999999994
1746337299.8699794,2.275125,2.326375,-278.8749999999998,-1.8162499999999993
1746337299.889492,2.618625,2.540125,64.62500000000037,0.3212500000000018
1746337299.9089968,2.8966250000000002,2.7215000000000003,342.6250000000004,2.1350000000000025
1746337299.9285073,2.824375,2.68175,270.37500000000006,1.7375000000000007
1746337299.95334,2.273,2.3365,-280.9999999999997,-1.7149999999999999
1746337299.973106,2.639125,2.562125,85.12500000000011,0.5412499999999998
1746337299.9927132,2.90475,2.7291250000000002,350.7500000000001,2.2112500000000024
1746337300.0122585,2.786875,2.65875,232.8750000000004,1.5074999999999994
1746337300.032022,2.39475,2.40525,-159.24999999999966,-1.027499999999999
1746337300.0518649,2.199,2.28225,-355.0,-2.257500000000001
1746337300.0717232,2.453875,2.437875,-100.1249999999998,-0.7012499999999999
1746337300.0912225,2.8085,2.664625,254.50000000000017,1.5662500000000001
1746337300.1107016,2.911125,2.50775,357.12500000000034,-0.0024999999999986144
1746337300.1302414,2.522875,2.5075,-31.124999999999847,-0.00500000000000167
1746337300.1497693,2.554625,2.507625,0.6250000000003197,-0.003750000000000142
1746337300.1694474,2.56775,2.50775,13.750000000000373,-0.0024999999999986144
1746337300.1894023,2.563125,2.508,9.12500000000005,0.0
1746337300.2091467,2.559125,2.50775,5.125000000000046,-0.0024999999999986144
1746337300.2286315,2.55825,2.50775,4.250000000000309,-0.0024999999999986144
1746337300.2481477,2.56075,2.5075,6.750000000000256,-0.00500000000000167
1746337300.2677407,2.559,2.508,5.0000000000003375,0.0
1746337300.2872877,2.55925,2.507625,5.250000000000199,-0.003750000000000142
1746337300.307078,2.5580000000000003,2.5075,4.000000000000448,-0.00500000000000167
1746337300.3266428,2.55625,2.5075,2.2500000000000853,-0.00500000000000167
1746337300.3461323,2.557875,2.507875,3.875000000000295,-0.0012500000000015277
1746337300.3658068,2.5616250000000003,2.3445,7.625000000000437,-1.6349999999999998
1746337300.385383,2.155875,2.2800000000000002,-398.12499999999983,-2.2799999999999976
1746337300.404922,2.40875,2.4082500000000002,-145.2499999999999,-0.9974999999999978
1746337300.4244301,2.77425,2.63925,220.25000000000006,1.3125000000000009
1746337300.4439592,2.913625,2.734375,359.6250000000003,2.26375
1746337300.4639833,2.617,2.547625,63.00000000000017,0.3962500000000002
1746337300.483556,2.271,2.32675,-282.99999999999994,-1.8124999999999991
1746337300.5031474,2.23775,2.29975,-316.2499999999997,-2.0825000000000005
1746337300.5226855,2.543625,2.491375,-10.374999999999801,-0.1662499999999989
1746337300.5421972,2.8701250000000003,2.7,316.12500000000045,1.9200000000000017
1746337300.5619504,2.85725,2.697125,303.2500000000002,1.891250000000002
1746337300.5815098,2.5175,2.493125,-36.49999999999976,-0.14874999999999972
1746337300.6009462,2.2335000000000003,2.300875,-320.49999999999955,-2.07125
1746337300.620452,2.274375,2.32275,-279.6249999999998,-1.8524999999999991
1746337300.6399763,2.612375,2.537,58.375000000000284,0.28999999999999915
1746337300.6594853,2.8985,2.72025,344.5,2.1225000000000005
1746337300.6790018,2.8265000000000002,2.683625,272.5000000000004,1.7562500000000014
1746337300.6984954,2.480125,2.433875,-73.87499999999969,-0.74125
1746337300.7183745,2.204125,2.283,-349.87499999999994,-2.250000000000001
1746337300.7379014,2.339125,2.36475,-214.87499999999972,-1.432500000000001
1746337300.7574108,2.70375,2.59775,149.75000000000006,0.8975
1746337300.7769592,2.92075,2.73425,366.7500000000001,2.2624999999999984
1746337300.7965012,2.753625,2.634,199.62500000000017,1.259999999999999
1746337300.8160174,2.385625,2.40875,-168.37499999999972,-0.9925000000000006
1746337300.8354375,2.201,2.27975,-352.9999999999998,-2.2825000000000006
1746337300.8549666,2.3745,2.387875,-179.5,-1.2012499999999982
1746337300.874474,2.7363750000000002,2.62,182.3750000000004,1.120000000000001
1746337300.8939757,2.9135,2.7365,359.50000000000017,2.2849999999999993
1746337300.9134734,2.722625,2.617375,168.62500000000003,1.09375
1746337300.9329731,2.353875,2.3935,-200.1249999999999,-1.1450000000000005
1746337300.9523764,2.195375,2.28025,-358.625,-2.277499999999999
1746337300.9721391,2.426,2.425375,-127.99999999999967,-0.8262500000000017
1746337300.991718,2.794125,2.655125,240.12500000000037,1.4712499999999995
1746337301.0112271,2.907375,2.732375,353.3750000000002,2.243750000000002
1746337301.030737,2.66,2.575,106.00000000000031,0.6700000000000017
1746337301.0502932,2.2916250000000002,2.340875,-262.3749999999996,-1.6712499999999997
1746337301.0699294,2.21825,2.29,-335.75,-2.1799999999999997
1746337301.0894287,2.49375,2.464,-60.249999999999915,-0.4400000000000004
1746337301.108924,2.834625,2.683125,280.6250000000001,1.7512499999999998
1746337301.12842,2.8855,2.72225,331.5000000000001,2.1424999999999983
1746337301.1479282,2.5955,2.5215,41.50000000000009,0.13500000000000068
1746337301.1676981,2.24125,2.2952500000000002,-312.7499999999999,-2.1274999999999977
1746337301.187673,2.283875,2.33275,-270.1249999999997,-1.7525000000000013
1746337301.2071822,2.636875,2.43425,82.87500000000003,-0.7374999999999998
1746337301.2267416,2.4825,2.508125,-71.4999999999999,0.0012500000000015277
1746337301.246262,2.558875,2.508,4.875000000000185,0.0
1746337301.265776,2.56775,2.508,13.750000000000373,0.0
1746337301.2853608,2.563875,2.5075,9.875000000000078,-0.00500000000000167
1746337301.3047683,2.5608750000000002,2.50775,6.875000000000409,-0.0024999999999986144
1746337301.3242955,2.552375,2.507625,-1.6249999999997655,-0.003750000000000142
1746337301.343974,2.5565,2.50775,2.500000000000391,-0.0024999999999986144
1746337301.3635921,2.55875,2.50825,4.750000000000032,0.0024999999999986144
1746337301.3831472,2.562,2.507875,8.000000000000007,-0.0012500000000015277
1746337301.402668,2.559125,2.508125,5.125000000000046,0.0012500000000015277
1746337301.422085,2.557,2.508,3.0000000000001137,0.0
1746337301.4415972,2.5575,2.508125,3.5000000000002807,0.0012500000000015277
1746337301.4610894,2.670875,2.735875,116.87500000000028,2.2787500000000005
1746337301.4806075,2.731,2.612,177.00000000000006,1.040000000000001
1746337301.500122,2.35325,2.37875,-200.74999999999977,-1.2924999999999986
1746337301.5196164,2.202125,2.28075,-351.8749999999997,-2.2725000000000017
1746337301.5395315,2.47275,2.44975,-81.24999999999983,-0.5825000000000014
1746337301.5590901,2.828375,2.67925,274.37500000000006,1.7125000000000012
1746337301.578658,2.891625,2.723375,337.62500000000006,2.1537499999999987
1746337301.59817,2.60675,2.54475,52.75000000000007,0.3675000000000006
1746337301.6176805,2.273,2.327875,-280.9999999999997,-1.8012499999999987
1746337301.6372056,2.2365,2.2975,-317.4999999999999,-2.1050000000000013
1746337301.6566138,2.52425,2.477375,-29.749999999999943,-0.30625000000000124
1746337301.676124,2.859125,2.6906250000000003,305.12500000000034,1.8262500000000026
1746337301.6956182,2.88775,2.716375,333.7500000000002,2.083750000000002
1746337301.7151265,2.582,2.5275,28.000000000000025,0.1949999999999985
1746337301.7346296,2.25825,2.317625,-295.74999999999994,-1.9037499999999996
1746337301.7541275,2.24325,2.309875,-310.74999999999966,-1.981250000000001
1746337301.7736893,2.56375,2.505875,9.75000000000037,-0.021249999999999325
1746337301.7932436,2.87825,2.7095000000000002,324.25000000000017,2.0150000000000023
1746337301.8127842,2.8535,2.69875,299.5000000000001,1.9074999999999998
1746337301.8323011,2.5216250000000002,2.48975,-32.3749999999996,-0.182500000000001
1746337301.851816,2.225875,2.299375,-328.125,-2.0862500000000006
1746337301.8713307,2.277875,2.325125,-276.12499999999994,-1.8287500000000012
1746337301.8912907,2.680125,2.58025,126.12500000000004,0.7224999999999993
1746337301.9161863,2.453625,2.433125,-100.37499999999966,-0.7487500000000002
1746337301.9358938,2.203625,2.282375,-350.37499999999966,-2.2562499999999996
1746337301.955419,2.341375,2.375875,-212.62499999999963,-1.3212499999999983
1746337301.9750583,2.723125,2.61025,169.1250000000002,1.0225000000000017
1746337301.994823,2.918625,2.734875,364.6250000000002,2.2687500000000016
1746337302.0143988,2.702875,2.601875,148.8750000000003,0.9387500000000015
1746337302.0339663,2.3388750000000003,2.3645,-215.12499999999957,-1.4349999999999996
1746337302.0535152,2.20275,2.286375,-351.24999999999983,-2.2162499999999996
1746337302.0732088,2.480875,2.4562500000000003,-73.12499999999966,-0.5174999999999974
1746337302.0928721,2.841125,2.6822500000000002,287.12500000000006,1.7425000000000024
1746337302.112424,2.871875,2.716125,317.87500000000034,2.081249999999999
1746337302.1321223,2.569,2.51175,15.000000000000124,0.03750000000000142
1746337302.151941,2.230125,2.294875,-323.8749999999997,-2.131249999999998
1746337302.1717956,2.3040000000000003,2.34375,-249.99999999999955,-1.6425
1746337302.1913867,2.664625,2.57225,110.6250000000002,0.6424999999999992
1746337302.2109678,2.911,2.732125,357.0000000000002,2.241249999999999
1746337302.2306433,2.7705,2.640375,216.50000000000037,1.3237500000000013
1746337302.2502177,2.399125,2.40575,-154.87499999999966,-1.0225000000000017
1746337302.2697878,2.204375,2.2796250000000002,-349.62499999999966,-2.2837499999999977
1746337302.2893867,2.3970000000000002,2.399125,-156.99999999999957,-1.0887499999999983
1746337302.308944,2.76175,2.64425,207.7500000000003,1.3624999999999998
1746337302.3288832,2.903875,2.727,349.8750000000004,2.1899999999999986
1746337302.3485248,2.625875,2.54775,71.87500000000036,0.39750000000000174
1746337302.3681731,2.26575,2.32575,-288.24999999999966,-1.822499999999998
1746337302.3877392,2.231625,2.29825,-322.37499999999966,-2.097500000000001
1746337302.4072313,2.534625,2.48925,-19.374999999999698,-0.18749999999999822
1746337302.4267786,2.863625,2.7005,309.62500000000006,1.924999999999999
1746337302.4463205,2.867625,2.70525,313.62500000000006,1.9724999999999993
1746337302.4659119,2.540125,2.5005,-13.874999999999638,-0.0749999999999984
1746337302.4854355,2.2327500000000002,2.3036250000000003,-321.2499999999996,-2.0437499999999975
1746337302.5049682,2.26575,2.3148750000000002,-288.24999999999966,-1.9312499999999977
1746337302.5243778,2.589875,2.5235,35.87500000000033,0.15499999999999847
1746337302.5439055,2.8845,2.71625,330.5000000000002,2.0825000000000005
1746337302.5634947,2.8285,2.68575,274.50000000000017,1.7775000000000007
1746337302.5830526,2.480875,2.46275,-73.12499999999966,-0.4524999999999979
1746337302.602626,2.2055000000000002,2.288625,-348.4999999999996,-2.1937499999999988
1746337302.622175,2.3005,2.343,-253.49999999999983,-1.6500000000000004
1746337302.641642,2.6585,2.5705,104.50000000000026,0.625
1746337302.661222,2.9086250000000002,2.730625,354.6250000000004,2.2262499999999985
1746337302.6807556,2.7836250000000002,2.65525,229.6250000000004,1.472500000000001
1746337302.7002826,2.417875,2.425625,-136.12499999999983,-0.8237499999999986
1746337302.7198095,2.193375,2.2815,-360.6249999999998,-2.2650000000000015
1746337302.7393386,2.344125,2.404125,-209.8749999999998,-1.0387499999999994
1746337302.7592704,2.7675,2.64225,213.50000000000026,1.342500000000002
1746337302.778833,2.904,2.73425,350.0000000000001,2.2624999999999984
1746337302.7983782,2.67975,2.58725,125.75000000000003,0.7925000000000004
1746337302.8179345,2.314,2.356,-239.99999999999977,-1.5200000000000014
1746337302.837474,2.208125,2.285125,-345.87499999999994,-2.2287500000000016
1746337302.8573594,2.51775,2.474375,-36.24999999999989,-0.33624999999999794
1746337302.8768752,2.8515,2.691875,297.50000000000034,1.83875
1746337302.8964093,2.882625,2.713625,328.62500000000017,2.0562499999999995
1746337302.9159753,2.56675,2.515,12.750000000000039,0.07000000000000117
1746337302.9355333,2.246625,2.309125,-307.37499999999994,-1.9887500000000014
1746337302.9550607,2.255375,2.313,-298.62499999999994,-1.9499999999999984
1746337302.9746675,2.58975,2.572375,35.75000000000017,0.6437500000000007
1746337302.99478,2.911875,2.730375,357.8750000000004,2.22375
1746337303.014344,2.777625,2.64875,223.62500000000017,1.4075000000000015
1746337303.033908,2.4082500000000002,2.41675,-145.7499999999996,-0.9125000000000005
1746337303.0534282,2.197625,2.27925,-356.3749999999999,-2.287499999999998
1746337303.0731645,2.389625,2.39875,-164.37499999999972,-1.0924999999999985
1746337303.092735,2.7611250000000003,2.63425,207.12500000000045,1.262500000000002
1746337303.1122153,2.920125,2.735,366.1250000000002,2.2699999999999987
1746337303.1317654,2.701375,2.585625,147.37500000000026,0.7762499999999983
1746337303.1515195,2.311875,2.348875,-242.12499999999972,-1.5912499999999996
1746337303.1711195,2.22,2.287375,-333.99999999999966,-2.2062500000000007
1746337303.1906838,2.492875,2.461875,-61.12499999999965,-0.4612499999999997
1746337303.2102647,2.840875,2.684375,286.8750000000002,1.7637500000000017
1746337303.2297406,2.887875,2.719125,333.87500000000034,2.11125
1746337303.2493112,2.5925000000000002,2.533125,38.500000000000426,0.25125000000000064
1746337303.2688556,2.257625,2.31775,-296.37499999999983,-1.902499999999998
1746337303.288402,2.24325,2.3035,-310.74999999999966,-2.044999999999999
1746337303.307945,2.565,2.504125,11.00000000000012,-0.03874999999999851
1746337303.3274963,2.8805,2.707875,326.5000000000002,1.9987500000000002
1746337303.3470526,2.856625,2.6946250000000003,302.62500000000034,1.8662500000000026
1746337303.366652,2.516125,2.4798750000000003,-37.87499999999966,-0.28124999999999734
1746337303.3862076,2.222625,2.29425,-331.375,-2.137500000000001
1746337303.4057727,2.293375,2.335125,-260.62499999999966,-1.728749999999999
1746337303.425328,2.646875,2.558375,92.87500000000026,0.5037499999999984
1746337303.4448695,2.906,2.727375,352.00000000000034,2.1937499999999988
1746337303.4643004,2.808625,2.668625,254.6250000000003,1.6062500000000002
1746337303.4838457,2.4522500000000003,2.442875,-101.74999999999956,-0.651250000000001
1746337303.5033708,2.204,2.28375,-349.99999999999966,-2.2425000000000006
1746337303.5228868,2.327625,2.358625,-226.375,-1.4937500000000004
1746337303.5424504,2.69675,2.589625,142.75000000000037,0.8162499999999984
1746337303.562028,2.918125,2.73325,364.12500000000006,2.2524999999999995
1746337303.5815077,2.761625,2.6365,207.62500000000017,1.2849999999999984
1746337303.601071,2.393625,2.403125,-160.37499999999972,-1.0487499999999983
1746337303.620593,2.199,2.278625,-355.0,-2.293750000000001
1746337303.6401377,2.381875,2.394875,-172.12499999999986,-1.1312500000000014
1746337303.6596878,2.75175,2.629375,197.75000000000009,1.21375
1746337303.6792235,2.910625,2.733625,356.62500000000017,2.2562499999999996
1746337303.698752,2.6942500000000003,2.611625,140.25000000000043,1.0362500000000008
1746337303.7181306,2.35025,2.378875,-203.7499999999999,-1.2912500000000016
1746337303.737657,2.198125,2.2796250000000002,-355.8749999999997,-2.2837499999999977
1746337303.7572217,2.425875,2.424375,-128.12499999999983,-0.8362500000000006
1746337303.7768216,2.799,2.6565,245.0000000000001,1.4849999999999985
1746337303.7963693,2.90475,2.7287500000000002,350.7500000000001,2.2075000000000022
1746337303.815912,2.643125,2.574875,89.12500000000011,0.6687500000000002
1746337303.835339,2.303,2.347375,-250.9999999999999,-1.6062500000000002
1746337303.8548872,2.21375,2.2875,-340.2499999999997,-2.204999999999999
1746337303.880194,2.883125,2.711,329.12500000000034,2.0299999999999985
1746337303.8999412,2.5615,2.512,7.500000000000284,0.040000000000000036
1746337303.9194903,2.243125,2.307125,-310.8749999999998,-2.008749999999999
1746337303.9390323,2.259625,2.316125,-294.3749999999996,-1.9187500000000002
1746337303.9584765,2.587,2.523375,33.00000000000036,0.15375000000000139
1746337303.9784417,2.90725,2.7265,353.25000000000006,2.1850000000000014
1746337303.9980905,2.7956250000000002,2.660375,241.62500000000043,1.5237500000000015
1746337304.0176387,2.43425,2.4275,-119.7499999999998,-0.8049999999999979
1746337304.0372303,2.198875,2.280875,-355.1249999999997,-2.27125
1746337304.0569923,2.3770000000000002,2.39525,-176.9999999999996,-1.1275000000000013
1746337304.0771084,2.7995,2.6866250000000003,245.50000000000028,1.7862500000000026
1746337304.0972145,2.8675,2.705,313.50000000000034,1.9700000000000006
1746337304.1172078,2.492125,2.462625,-61.87499999999968,-0.45374999999999943
1746337304.136963,2.21125,2.285,-342.74999999999966,-2.2299999999999986
1746337304.1565495,2.327,2.35925,-226.99999999999986,-1.4875000000000016
1746337304.1761892,2.70075,2.595625,146.75000000000037,0.8762500000000006
1746337304.1957562,2.914375,2.7327500000000002,360.37500000000034,2.2475000000000023
1746337304.215273,2.7447500000000002,2.60975,190.75000000000043,1.0175
1746337304.2351592,2.341625,2.37175,-212.37499999999977,-1.3624999999999998
1746337304.254725,2.200375,2.2805,-353.62499999999966,-2.2750000000000004
1746337304.2743168,2.4435000000000002,2.43375,-110.4999999999996,-0.7425000000000015
1746337304.293875,2.801625,2.663125,247.6250000000002,1.5512499999999996
1746337304.3134859,2.906375,2.531625,352.37500000000034,0.23625000000000007
1746337304.3372939,2.19925,2.341,-354.74999999999966,-1.6699999999999982
1746337304.3606908,2.860375,2.73225,306.37500000000006,2.2425000000000006
1746337304.3838024,2.446125,2.304875,-107.87499999999994,-2.03125
1746337304.4075723,2.499625,2.5325,-54.374999999999844,0.24500000000000188
1746337304.428586,2.90525,2.724125,351.2500000000003,2.161249999999999
1746337304.4485567,2.7716250000000002,2.635875,217.6250000000004,1.2787499999999996
1746337304.4682455,2.387875,2.4,-166.12499999999963,-1.080000000000001
1746337304.4877896,2.19575,2.27825,-358.24999999999994,-2.297500000000001
1746337304.507354,2.39175,2.39825,-162.24999999999977,-1.0975000000000001
1746337304.5271318,2.785875,2.660875,231.87500000000006,1.5287499999999987
1746337304.5469098,2.8995,2.720875,345.50000000000034,2.1287499999999993
1746337304.566704,2.6,2.532375,46.00000000000026,0.24375000000000036
1746337304.5863097,2.25725,2.3165,-296.74999999999983,-1.915
1746337304.605858,2.246125,2.30425,-307.87499999999966,-2.0374999999999988
1746337304.6258578,2.628875,2.545875,74.87500000000003,0.37875000000000103
1746337304.6454055,2.9015,2.7225,347.5000000000001,2.1450000000000014
1746337304.6649451,2.8145000000000002,2.672375,260.5000000000004,1.6437500000000016
1746337304.6844783,2.46075,2.447625,-93.24999999999983,-0.6037500000000007
1746337304.7040138,2.202125,2.2840000000000003,-351.8749999999997,-2.2399999999999975
1746337304.7236273,2.334625,2.37125,-219.3749999999999,-1.3675000000000015
1746337304.7974489,2.555875,2.50625,1.875000000000071,-0.017499999999999183
1746337304.8172188,2.559,2.5065,5.0000000000003375,-0.015000000000000568
1746337304.8367467,2.558375,2.5065,4.375000000000018,-0.015000000000000568
1746337304.856283,2.559375,2.5065,5.375000000000352,-0.015000000000000568
1746337304.8759618,2.556375,2.5060000000000002,2.375000000000238,-0.019999999999997797
1746337304.8955033,2.55525,2.505875,1.2500000000001954,-0.021249999999999325
1746337304.9150596,2.559,2.5060000000000002,5.0000000000003375,-0.019999999999997797
1746337304.934613,2.55925,2.506125,5.250000000000199,-0.01875000000000071
1746337304.9544551,2.555875,2.5060000000000002,1.875000000000071,-0.019999999999997797
1746337304.9742525,2.55525,2.505875,1.2500000000001954,-0.021249999999999325
1746337304.9942033,2.55475,2.505875,0.7500000000000284,-0.021249999999999325
1746337305.0139363,2.556125,2.50625,2.1250000000003766,-0.017499999999999183
1746337305.0334768,2.558875,2.5065,4.875000000000185,-0.015000000000000568
1746337305.0529752,2.5576250000000003,2.5065,3.6250000000004334,-0.015000000000000568
1746337305.0726588,2.5595,2.507,5.50000000000006,-0.009999999999998899
1746337305.0921881,2.5575,2.506625,3.5000000000002807,-0.01374999999999904
1746337305.1117702,2.557375,2.507,3.375000000000128,-0.009999999999998899
1746337305.1313112,2.5565,2.50625,2.500000000000391,-0.017499999999999183
1746337305.1508627,2.555875,2.5065,1.875000000000071,-0.015000000000000568
1746337305.1703362,2.5612500000000002,2.506125,7.250000000000423,-0.01875000000000071
1746337305.1899045,2.55825,2.506875,4.250000000000309,-0.011250000000000426
1746337305.2094216,2.556625,2.50625,2.6250000000000995,-0.017499999999999183
1746337305.2289443,2.557125,2.5060000000000002,3.1250000000002665,-0.019999999999997797
1746337305.2484667,2.55625,2.5063750000000002,2.2500000000000853,-0.016249999999997655
1746337305.2680137,2.557875,2.5067500000000003,3.875000000000295,-0.012499999999997513
1746337305.28749,2.561125,2.506625,7.12500000000027,-0.01374999999999904
1746337305.3070583,2.557125,2.5065,3.1250000000002665,-0.015000000000000568
1746337305.3266213,2.55475,2.506125,0.7500000000000284,-0.01875000000000071
1746337305.3461401,2.5572500000000002,2.50625,3.250000000000419,-0.017499999999999183
1746337305.365686,2.557125,2.5065,3.1250000000002665,-0.015000000000000568
1746337305.3852446,2.55775,2.50725,3.750000000000142,-0.007500000000000284
1746337305.4046948,2.561,2.50775,7.000000000000117,-0.0024999999999986144
1746337305.4242246,2.557,2.5071250000000003,3.0000000000001137,-0.008749999999997371
1746337305.4437351,2.555125,2.5075,1.1250000000000426,-0.00500000000000167
1746337305.463253,2.5576250000000003,2.507375,3.6250000000004334,-0.0062499999999987566
1746337305.4827638,2.549375,2.507625,-4.624999999999879,-0.003750000000000142
1746337305.5023065,2.551625,2.507625,-2.374999999999794,-0.003750000000000142
1746337305.5222092,2.555375,2.507625,1.3750000000003482,-0.003750000000000142
1746337305.541739,2.551125,2.507375,-2.874999999999961,-0.0062499999999987566
1746337305.5612686,2.559375,2.507375,5.375000000000352,-0.0062499999999987566
1746337305.5808434,2.559875,2.507625,5.875000000000075,-0.003750000000000142
1746337305.600367,2.559375,2.5071250000000003,5.375000000000352,-0.008749999999997371
1746337305.6198895,2.56,2.50725,6.000000000000227,-0.007500000000000284
1746337305.6398277,2.56075,2.50725,6.750000000000256,-0.007500000000000284
1746337305.659337,2.55625,2.507375,2.2500000000000853,-0.0062499999999987566
1746337305.678863,2.555625,2.50775,1.6250000000002096,-0.0024999999999986144
1746337305.6983726,2.557875,2.507375,3.875000000000295,-0.0062499999999987566
1746337305.7179048,2.559375,2.508,5.375000000000352,0.0
1746337305.737417,2.5585,2.5075,4.5000000000001705,-0.00500000000000167
1746337305.7568407,2.559625,2.50725,5.625000000000213,-0.007500000000000284
1746337305.776413,2.556125,2.507,2.1250000000003766,-0.009999999999998899
1746337305.795966,2.55525,2.50725,1.2500000000001954,-0.007500000000000284
1746337305.8155131,2.55875,2.507375,4.750000000000032,-0.0062499999999987566
1746337305.835027,2.56025,2.50725,6.250000000000089,-0.007500000000000284
1746337305.854546,2.558375,2.507625,4.375000000000018,-0.003750000000000142
1746337305.8739471,2.559,2.507375,5.0000000000003375,-0.0062499999999987566
1746337305.8934872,2.557375,2.507,3.375000000000128,-0.009999999999998899
1746337305.9183283,2.5612500000000002,2.5071250000000003,7.250000000000423,-0.008749999999997371
1746337305.9380443,2.561875,2.506625,7.875000000000298,-0.01374999999999904
1746337305.9575655,2.5585,2.5071250000000003,4.5000000000001705,-0.008749999999997371
1746337305.9771407,2.5555,2.507,1.5000000000000568,-0.009999999999998899
1746337305.9969082,2.555625,2.506875,1.6250000000002096,-0.011250000000000426
1746337306.0168998,2.559125,2.506875,5.125000000000046,-0.011250000000000426
1746337306.0365176,2.5595,2.5071250000000003,5.50000000000006,-0.008749999999997371
1746337306.056136,2.56175,2.507,7.750000000000146,-0.009999999999998899
1746337306.0757504,2.6045000000000003,2.468875,50.50000000000043,-0.39124999999999854
1746337306.0952842,2.832625,2.6870000000000003,278.62500000000034,1.7900000000000027
1746337306.1147985,2.876625,2.706625,322.6250000000004,1.9862499999999983
1746337306.1346972,2.534875,2.4863750000000002,-19.124999999999837,-0.21624999999999783
1746337306.1546211,2.21375,2.2855,-340.2499999999997,-2.2250000000000014
1746337306.1744268,2.341875,2.365,-212.1249999999999,-1.429999999999998
1746337306.1939807,2.70425,2.596375,150.25000000000023,0.8837500000000009
1746337306.2135177,2.9162500000000002,2.734,362.2500000000004,2.26
1746337306.233069,2.7483750000000002,2.63325,194.3750000000004,1.2524999999999986
1746337306.2524908,2.39725,2.407375,-156.74999999999972,-1.0062499999999996
1746337306.2723417,2.205625,2.28025,-348.3749999999999,-2.277499999999999
1746337306.2919145,2.4290000000000003,2.4195,-124.99999999999956,-0.884999999999998
1746337306.3114429,2.79475,2.65225,240.75000000000023,1.4425
1746337306.3310082,2.91275,2.730625,358.7500000000001,2.2262499999999985
1746337306.3505447,2.661875,2.571125,107.87500000000038,0.6312499999999988
1746337306.3701088,2.300875,2.344625,-253.12499999999983,-1.6337499999999983
1746337306.3896277,2.218,2.288375,-335.99999999999983,-2.196250000000002
1746337306.4091444,2.48975,2.45875,-64.24999999999991,-0.49249999999999794
1746337306.428678,2.838625,2.681125,284.6250000000001,1.731250000000002
1746337306.4481823,2.88725,2.7205,333.25000000000006,2.124999999999999
1746337306.467731,2.59525,2.5372500000000002,41.25000000000023,0.2925000000000022
1746337306.4871323,2.270375,2.327875,-283.6249999999998,-1.8012499999999987
1746337306.5066452,2.230875,2.29575,-323.12499999999966,-2.1225000000000005
1746337306.5261362,2.527375,2.480625,-26.624999999999677,-0.2737500000000015
1746337306.545623,2.85825,2.69275,304.2500000000001,1.847500000000002
1746337306.5651488,2.87875,2.7125,324.75000000000034,2.044999999999999
1746337306.5846772,2.567375,2.518625,13.375000000000359,0.10625000000000107
1746337306.6040618,2.254625,2.317375,-299.37499999999994,-1.9062499999999982
1746337306.6235816,2.240875,2.304375,-313.1249999999999,-2.0362500000000017
1746337306.6430788,2.54975,2.5015,-4.249999999999865,-0.0649999999999995
1746337306.6625993,2.87075,2.70475,316.7500000000003,1.967500000000002
1746337306.6820974,2.857875,2.705,303.8750000000001,1.9700000000000006
1746337306.7015872,2.535875,2.503625,-18.124999999999947,-0.04375000000000018
1746337306.7214577,2.21525,2.2925,-338.74999999999966,-2.1550000000000002
1746337306.7409673,2.28975,2.3365,-264.24999999999966,-1.7149999999999999
1746337306.7604654,2.64225,2.5575,88.25000000000038,0.495000000000001
1746337306.7799792,2.906875,2.726625,352.87500000000006,2.1862499999999985
1746337306.799494,2.80425,2.668875,250.2500000000003,1.6087499999999988
1746337306.8190415,2.44375,2.4415,-110.24999999999974,-0.665
1746337306.838545,2.200375,2.2875,-353.62499999999966,-2.204999999999999
1746337306.8579357,2.3125,2.3508750000000003,-241.49999999999983,-1.5712499999999974
1746337306.877423,2.6665,2.574625,112.50000000000027,0.6662500000000016
1746337306.8969119,2.907,2.730625,353.0000000000002,2.2262499999999985
1746337306.9164226,2.782375,2.6555,228.37500000000023,1.4749999999999996
1746337306.9359527,2.418125,2.42475,-135.87499999999997,-0.8325000000000005
1746337306.9554677,2.19725,2.283,-356.7499999999999,-2.250000000000001
1746337306.9749079,2.342625,2.3735,-211.37499999999986,-1.3450000000000006
1746337306.994495,2.7155,2.605125,161.5000000000002,0.9712500000000013
1746337307.0140076,2.917625,2.73475,363.6250000000003,2.2675
1746337307.033534,2.746625,2.627125,192.62500000000006,1.1912499999999993
1746337307.0530727,2.37,2.3813750000000002,-183.99999999999972,-1.2662499999999977
1746337307.072764,2.20075,2.280875,-353.2499999999996,-2.27125
1746337307.0922263,2.4130000000000003,2.41175,-140.99999999999957,-0.9624999999999995
1746337307.1117232,2.7716250000000002,2.641625,217.6250000000004,1.3362499999999988
1746337307.1312175,2.91125,2.734125,357.25000000000006,2.2612500000000013
1746337307.1507144,2.686,2.591,132.0000000000001,0.8300000000000018
1746337307.1702743,2.32,2.359125,-234.0,-1.4887499999999987
1746337307.1897967,2.211,2.2835,-343.0,-2.244999999999999
1746337307.209257,2.458625,2.438625,-95.37499999999977,-0.6937499999999996
1746337307.2288878,2.827375,2.673625,273.37500000000017,1.6562499999999991
1746337307.248425,2.9,2.72625,346.0000000000001,2.1824999999999983
1746337307.2679665,2.6195,2.546875,65.50000000000011,0.38874999999999993
1746337307.2875297,2.273,2.328,-280.9999999999997,-1.8000000000000016
1746337307.3070443,2.2305,2.295,-323.49999999999966,-2.130000000000001
1746337307.3264792,2.507875,2.4705,-46.12499999999997,-0.3750000000000009
1746337307.345953,2.85075,2.692375,296.7500000000003,1.8437500000000018
1746337307.365542,2.8755,2.711625,321.50000000000034,2.0362500000000017
1746337307.3850896,2.565875,2.5143750000000002,11.875000000000302,0.06375000000000242
1746337307.404629,2.242875,2.309625,-311.12499999999966,-1.9837499999999997
1746337307.4241571,2.260125,2.313375,-293.8749999999999,-1.9462499999999983
1746337307.443609,2.58275,2.515,28.750000000000053,0.07000000000000117
1746337307.463152,2.887,2.711625,333.00000000000017,2.0362500000000017
1746337307.4826546,2.8535,2.69675,299.5000000000001,1.887500000000002
1746337307.5021443,2.52125,2.487375,-32.749999999999616,-0.20624999999999893
1746337307.5216482,2.2247500000000002,2.297625,-329.2499999999996,-2.10375
1746337307.5411754,2.277625,2.3272500000000003,-276.37499999999983,-1.8074999999999974
1746337307.5605505,2.60625,2.535625,52.250000000000355,0.2762500000000001
1746337307.5801415,2.8945,2.720625,340.5,2.1262500000000006
1746337307.599649,2.823125,2.6822500000000002,269.1250000000003,1.7425000000000024
1746337307.6191533,2.478375,2.4631250000000002,-75.6249999999996,-0.44874999999999776
1746337307.6387088,2.210375,2.288625,-343.62499999999983,-2.1937499999999988
1746337307.6582465,2.310125,2.34775,-243.87499999999963,-1.6025
1746337307.6776745,2.661,2.568125,107.0000000000002,0.6012500000000021
1746337307.6972153,2.910625,2.7295000000000003,356.62500000000017,2.2150000000000025
1746337307.7166965,2.793,2.66175,239.0000000000003,1.5375000000000005
1746337307.7362187,2.4355,2.434375,-118.4999999999996,-0.7362499999999983
1746337307.7557201,2.19975,2.2832500000000002,-354.24999999999994,-2.247499999999998
1746337307.7752619,2.3375,2.368375,-216.49999999999991,-1.396250000000001
1746337307.7947154,2.698875,2.598375,144.8750000000003,0.9037499999999987
1746337307.8142915,2.661625,2.507625,107.62500000000009,-0.003750000000000142
1746337307.8337913,2.56975,2.508125,15.750000000000153,0.0012500000000015277
1746337307.8535135,2.55975,2.507875,5.750000000000366,-0.0012500000000015277
1746337307.878484,2.556125,2.508125,2.1250000000003766,0.0012500000000015277
1746337307.8981907,2.556375,2.5075,2.375000000000238,-0.00500000000000167
1746337307.9177215,2.56075,2.508125,6.750000000000256,0.0012500000000015277
1746337307.937273,2.56,2.50775,6.000000000000227,-0.0024999999999986144
1746337307.9570355,2.558875,2.50825,4.875000000000185,0.0024999999999986144
1746337307.976996,2.557875,2.50825,3.875000000000295,0.0024999999999986144
1746337307.9966166,2.556625,2.508,2.6250000000000995,0.0
1746337308.0161738,2.5565,2.507875,2.500000000000391,-0.0012500000000015277
1746337308.0357118,2.56175,2.507625,7.750000000000146,-0.003750000000000142
1746337308.0551622,2.5545,2.50775,0.500000000000167,-0.0024999999999986144
1746337308.0749207,2.549875,2.5075,-4.124999999999712,-0.00500000000000167
1746337308.094831,2.556375,2.5075,2.375000000000238,-0.00500000000000167
1746337308.1148088,2.55525,2.50775,1.2500000000001954,-0.0024999999999986144
1746337308.1345377,2.555875,2.508125,1.875000000000071,0.0012500000000015277
1746337308.1542614,2.56,2.508,6.000000000000227,0.0
1746337308.1738203,2.560625,2.507375,6.625000000000103,-0.0062499999999987566
1746337308.1933968,2.556375,2.507375,2.375000000000238,-0.0062499999999987566
1746337308.2129385,2.557125,2.507,3.1250000000002665,-0.009999999999998899
1746337308.2327716,2.557,2.50725,3.0000000000001137,-0.007500000000000284
1746337308.2523272,2.55175,2.508,-2.249999999999641,0.0
1746337308.2718656,2.554375,2.507375,0.3750000000000142,-0.0062499999999987566
1746337308.2913756,2.55525,2.508125,1.2500000000001954,0.0012500000000015277
1746337308.3109272,2.55025,2.5075,-3.749999999999698,-0.00500000000000167
1746337308.330499,2.560625,2.507625,6.625000000000103,-0.003750000000000142
1746337308.350004,2.559875,2.50775,5.875000000000075,-0.0024999999999986144
1746337308.3695455,2.560375,2.507875,6.375000000000242,-0.0012500000000015277
1746337308.3890784,2.56,2.50775,6.000000000000227,-0.0024999999999986144
1746337308.408606,2.55775,2.50775,3.750000000000142,-0.0024999999999986144
1746337308.4281292,2.55525,2.507625,1.2500000000001954,-0.003750000000000142
1746337308.4476519,2.55575,2.508125,1.7500000000003624,0.0012500000000015277
1746337308.4671588,2.559,2.50725,5.0000000000003375,-0.007500000000000284
1746337308.4866645,2.558875,2.508,4.875000000000185,0.0
1746337308.5061636,2.558875,2.5075,4.875000000000185,-0.00500000000000167
1746337308.5256655,2.557375,2.506875,3.375000000000128,-0.011250000000000426
1746337308.5450525,2.554875,2.507625,0.8750000000001812,-0.003750000000000142
1746337308.5645778,2.55575,2.507375,1.7500000000003624,-0.0062499999999987566
1746337308.5841205,2.5595,2.508,5.50000000000006,0.0
1746337308.6036325,2.558375,2.507875,4.375000000000018,-0.0012500000000015277
1746337308.623151,2.5585,2.507625,4.5000000000001705,-0.003750000000000142
1746337308.6426709,2.557125,2.5075,3.1250000000002665,-0.00500000000000167
1746337308.6620643,2.555375,2.507875,1.3750000000003482,-0.0012500000000015277
1746337308.6815739,2.555375,2.5085,1.3750000000003482,0.00500000000000167
1746337308.701074,2.55975,2.50775,5.750000000000366,-0.0024999999999986144
1746337308.7205672,2.558625,2.507375,4.625000000000323,-0.0062499999999987566
1746337308.7400649,2.559125,2.507625,5.125000000000046,-0.003750000000000142
1746337308.7595987,2.556625,2.507625,2.6250000000000995,-0.003750000000000142
1746337308.7790356,2.55575,2.507875,1.7500000000003624,-0.0012500000000015277
1746337308.7985492,2.555625,2.50775,1.6250000000002096,-0.0024999999999986144
1746337308.8180516,2.56075,2.50775,6.750000000000256,-0.0024999999999986144
1746337308.8375523,2.5595,2.507625,5.50000000000006,-0.003750000000000142
1746337308.8570724,2.557875,2.507375,3.875000000000295,-0.0062499999999987566
1746337308.8766112,2.556625,2.50725,2.6250000000000995,-0.007500000000000284
1746337308.8960168,2.55625,2.5075,2.2500000000000853,-0.00500000000000167
1746337308.9155674,2.555125,2.507625,1.1250000000000426,-0.003750000000000142
1746337308.9350712,2.56075,2.50825,6.750000000000256,0.0024999999999986144
1746337308.9545884,2.559875,2.508,5.875000000000075,0.0
1746337308.974125,2.5575,2.50825,3.5000000000002807,0.0024999999999986144
1746337308.9936988,2.555875,2.50825,1.875000000000071,0.0024999999999986144
1746337309.0136845,2.557,2.50775,3.0000000000001137,-0.0024999999999986144
1746337309.0331793,2.555875,2.50775,1.875000000000071,-0.0024999999999986144
1746337309.0526707,2.557375,2.50825,3.375000000000128,0.0024999999999986144
1746337309.0723798,2.56075,2.508125,6.750000000000256,0.0012500000000015277
1746337309.0919096,2.5572500000000002,2.508,3.250000000000419,0.0
1746337309.1114614,2.556,2.50825,2.000000000000224,0.0024999999999986144
1746337309.1309319,2.5576250000000003,2.507875,3.6250000000004334,-0.0012500000000015277
1746337309.150475,2.555375,2.507875,1.3750000000003482,-0.0012500000000015277
1746337309.1700413,2.56075,2.508,6.750000000000256,0.0
1746337309.1895692,2.5608750000000002,2.50775,6.875000000000409,-0.0024999999999986144
1746337309.209079,2.5568750000000002,2.508125,2.875000000000405,0.0012500000000015277
1746337309.2285836,2.555375,2.508125,1.3750000000003482,0.0012500000000015277
1746337309.2480736,2.5576250000000003,2.508,3.6250000000004334,0.0
1746337309.2676144,2.557125,2.508,3.1250000000002665,0.0
1746337309.2871616,2.559,2.507875,5.0000000000003375,-0.0012500000000015277
1746337309.3066707,2.5608750000000002,2.508,6.875000000000409,0.0
1746337309.326175,2.5565,2.5075,2.500000000000391,-0.00500000000000167
1746337309.3456857,2.555375,2.507875,1.3750000000003482,-0.0012500000000015277
1746337309.3651383,2.55775,2.508,3.750000000000142,0.0
1746337309.3847015,2.55775,2.5075,3.750000000000142,-0.00500000000000167
1746337309.404225,2.559125,2.50825,5.125000000000046,0.0024999999999986144
1746337309.4256513,2.55525,2.508125,1.2500000000001954,0.0012500000000015277
1746337309.4504185,2.5535,2.50825,-0.4999999999997229,0.0024999999999986144
1746337309.4736607,2.555,2.508,1.000000000000334,0.0
1746337309.497381,2.551625,2.508125,-2.374999999999794,0.0012500000000015277
1746337309.5204785,2.552125,2.508,-1.874999999999627,0.0
1746337309.5408285,2.556125,2.508375,2.1250000000003766,0.003750000000000142
1746337309.5605538,2.559,2.508,5.0000000000003375,0.0
1746337309.5801454,2.557125,2.508125,3.1250000000002665,0.0012500000000015277
1746337309.599686,2.5595,2.5085,5.50000000000006,0.00500000000000167
1746337309.6194963,2.559375,2.50825,5.375000000000352,0.0024999999999986144
1746337309.6393151,2.56075,2.508375,6.750000000000256,0.003750000000000142
1746337309.658934,2.56025,2.50825,6.250000000000089,0.0024999999999986144
1746337309.6790028,2.55475,2.508125,0.7500000000000284,0.0012500000000015277
1746337309.698563,2.556125,2.508,2.1250000000003766,0.0
1746337309.7181098,2.560375,2.50825,6.375000000000242,0.0024999999999986144
1746337309.7376573,2.559625,2.508125,5.625000000000213,0.0012500000000015277
1746337309.7572327,2.557875,2.507875,3.875000000000295,-0.0012500000000015277
1746337309.776847,2.5585,2.508375,4.5000000000001705,0.003750000000000142
1746337309.7963755,2.5565,2.50725,2.500000000000391,-0.007500000000000284
1746337309.8159678,2.55225,2.507875,-1.7499999999999183,-0.0012500000000015277
1746337309.8356833,2.556125,2.5075,2.1250000000003766,-0.00500000000000167
1746337309.8607454,2.556625,2.507875,2.6250000000000995,-0.0012500000000015277
1746337309.8804653,2.557,2.50775,3.0000000000001137,-0.0024999999999986144
1746337309.900032,2.559125,2.508,5.125000000000046,0.0
1746337309.9195902,2.557,2.508125,3.0000000000001137,0.0012500000000015277
1746337309.9394171,2.5595,2.50825,5.50000000000006,0.0024999999999986144
1746337309.9593465,2.559,2.50825,5.0000000000003375,0.0024999999999986144
1746337309.978976,2.555625,2.507875,1.6250000000002096,-0.0012500000000015277
1746337309.9985487,2.55625,2.508,2.2500000000000853,0.0
1746337310.0181046,2.56025,2.508,6.250000000000089,0.0
1746337310.0376563,2.557875,2.50775,3.875000000000295,-0.0024999999999986144
1746337310.0572278,2.550125,2.50775,-3.874999999999851,-0.0024999999999986144
1746337310.077097,2.55525,2.508,1.2500000000001954,0.0
1746337310.0967119,2.548625,2.507375,-5.374999999999908,-0.0062499999999987566
1746337310.1167426,2.557125,2.507375,3.1250000000002665,-0.0062499999999987566
1746337310.1363444,2.561,2.507375,7.000000000000117,-0.0062499999999987566
1746337310.1558816,2.558125,2.507875,4.125000000000156,-0.0012500000000015277
1746337310.1754518,2.5575,2.5071250000000003,3.5000000000002807,-0.008749999999997371
1746337310.1950288,2.556625,2.507875,2.6250000000000995,-0.0012500000000015277
1746337310.2149253,2.5575,2.50775,3.5000000000002807,-0.0024999999999986144
1746337310.2344973,2.557125,2.507375,3.1250000000002665,-0.0062499999999987566
1746337310.2540731,2.559875,2.507375,5.875000000000075,-0.0062499999999987566
1746337310.273833,2.560625,2.507625,6.625000000000103,-0.003750000000000142
1746337310.2933323,2.556,2.507,2.000000000000224,-0.009999999999998899
1746337310.3129053,2.557375,2.5075,3.375000000000128,-0.00500000000000167
1746337310.3324609,2.5572500000000002,2.5075,3.250000000000419,-0.00500000000000167
1746337310.3520129,2.557,2.50775,3.0000000000001137,-0.0024999999999986144
1746337310.371625,2.5595,2.507375,5.50000000000006,-0.0062499999999987566
1746337310.3911834,2.560375,2.507875,6.375000000000242,-0.0012500000000015277
1746337310.4107027,2.55575,2.507625,1.7500000000003624,-0.003750000000000142
1746337310.4302626,2.557125,2.507625,3.1250000000002665,-0.003750000000000142
1746337310.4498017,2.557375,2.50825,3.375000000000128,0.0024999999999986144
1746337310.4693809,2.5580000000000003,2.508375,4.000000000000448,0.003750000000000142
1746337310.488934,2.559625,2.508625,5.625000000000213,0.0062499999999987566
1746337310.5084696,2.560375,2.50775,6.375000000000242,-0.0024999999999986144
1746337310.5283918,2.555375,2.50825,1.3750000000003482,0.0024999999999986144
1746337310.5479507,2.555375,2.5085,1.3750000000003482,0.00500000000000167
1746337310.5675251,2.5580000000000003,2.508,4.000000000000448,0.0
1746337310.5870802,2.558625,2.507625,4.625000000000323,-0.003750000000000142
1746337310.6066318,2.558125,2.507375,4.125000000000156,-0.0062499999999987566
1746337310.6261804,2.559375,2.5071250000000003,5.375000000000352,-0.008749999999997371
1746337310.6456008,2.554875,2.506875,0.8750000000001812,-0.011250000000000426
1746337310.6651456,2.55525,2.508625,1.2500000000001954,0.0062499999999987566
1746337310.6847017,2.55875,2.509,4.750000000000032,0.009999999999998899
1746337310.7042465,2.5585,2.50875,4.5000000000001705,0.007500000000000284
1746337310.7237823,2.558625,2.50825,4.625000000000323,0.0024999999999986144
1746337310.7433143,2.558625,2.50825,4.625000000000323,0.0024999999999986144
1746337310.7633748,2.55425,2.5085,0.25000000000030553,0.00500000000000167
1746337310.7830284,2.555375,2.508,1.3750000000003482,0.0
1746337310.8026109,2.560125,2.5085,6.12500000000038,0.00500000000000167
1746337310.822169,2.558875,2.508125,4.875000000000185,0.0012500000000015277
1746337310.8417175,2.558125,2.50775,4.125000000000156,-0.0024999999999986144
1746337310.8612702,2.5575,2.50825,3.5000000000002807,0.0024999999999986144
1746337310.8808382,2.55275,2.508375,-1.2499999999997513,0.003750000000000142
1746337310.9002905,2.55575,2.507875,1.7500000000003624,-0.0012500000000015277
1746337310.9198205,2.5605,2.508,6.500000000000394,0.0
1746337310.9393544,2.558375,2.507875,4.375000000000018,-0.0012500000000015277
1746337310.958923,2.5580000000000003,2.508,4.000000000000448,0.0
1746337310.978511,2.5565,2.508,2.500000000000391,0.0
1746337310.9981194,2.5536250000000003,2.508375,-0.3749999999995701,0.003750000000000142
1746337311.017579,2.548375,2.50775,-5.624999999999769,-0.0024999999999986144
1746337311.0371206,2.555125,2.50775,1.1250000000000426,-0.0024999999999986144
1746337311.0567727,2.5545,2.50775,0.500000000000167,-0.0024999999999986144
1746337311.076386,2.552625,2.507625,-1.374999999999904,-0.003750000000000142
1746337311.095956,2.561,2.507375,7.000000000000117,-0.0062499999999987566
1746337311.115529,2.5572500000000002,2.50775,3.250000000000419,-0.0024999999999986144
1746337311.1350238,2.559,2.507625,5.0000000000003375,-0.003750000000000142
1746337311.154561,2.560625,2.50825,6.625000000000103,0.0024999999999986144
1746337311.1741421,2.5608750000000002,2.508125,6.875000000000409,0.0012500000000015277
1746337311.1936955,2.557375,2.50825,3.375000000000128,0.0024999999999986144
1746337311.2132444,2.556,2.508875,2.000000000000224,0.008750000000001812
1746337311.2328498,2.556125,2.508625,2.1250000000003766,0.0062499999999987566
1746337311.2523136,2.5575,2.508375,3.5000000000002807,0.003750000000000142
1746337311.2718937,2.560125,2.5085,6.12500000000038,0.00500000000000167
1746337311.2914581,2.5605,2.508625,6.500000000000394,0.0062499999999987566
1746337311.3110433,2.55575,2.508375,1.7500000000003624,0.003750000000000142
1746337311.3306277,2.554875,2.507875,0.8750000000001812,-0.0012500000000015277
1746337311.3501577,2.55575,2.50875,1.7500000000003624,0.007500000000000284
1746337311.3696592,2.5580000000000003,2.508125,4.000000000000448,0.0012500000000015277
1746337311.3892403,2.5595,2.508125,5.50000000000006,0.0012500000000015277
1746337311.4088092,2.5605,2.507625,6.500000000000394,-0.003750000000000142
1746337311.428365,2.555,2.50775,1.000000000000334,-0.0024999999999986144
1746337311.447925,2.555125,2.507375,1.1250000000000426,-0.0062499999999987566
1746337311.4674728,2.5576250000000003,2.507625,3.6250000000004334,-0.003750000000000142
1746337311.4869077,2.558375,2.50725,4.375000000000018,-0.007500000000000284
1746337311.5064914,2.55875,2.5075,4.750000000000032,-0.00500000000000167
1746337311.5260303,2.55975,2.507,5.750000000000366,-0.009999999999998899
1746337311.5455587,2.55475,2.5075,0.7500000000000284,-0.00500000000000167
1746337311.5651255,2.555375,2.507625,1.3750000000003482,-0.003750000000000142
1746337311.584702,2.5580000000000003,2.507875,4.000000000000448,-0.0012500000000015277
1746337311.6041646,2.558375,2.50775,4.375000000000018,-0.0024999999999986144
1746337311.6237295,2.558625,2.508,4.625000000000323,0.0
1746337311.6432564,2.559375,2.507625,5.375000000000352,-0.003750000000000142
1746337311.6627853,2.55475,2.507625,0.7500000000000284,-0.003750000000000142
1746337311.6823432,2.554875,2.507625,0.8750000000001812,-0.003750000000000142
1746337311.701906,2.559,2.507625,5.0000000000003375,-0.003750000000000142
1746337311.7212946,2.558375,2.50775,4.375000000000018,-0.0024999999999986144
1746337311.7408388,2.55875,2.5085,4.750000000000032,0.00500000000000167
1746337311.7603748,2.558625,2.508375,4.625000000000323,0.003750000000000142
1746337311.779919,2.555375,2.508,1.3750000000003482,0.0
1746337311.7994921,2.5555,2.508125,1.5000000000000568,0.0012500000000015277
