1746362210.7492325,2.8464375,2.566875,292.4375000000001,0.5887500000000001,0
1746362210.7848816,2.557875,2.358,3.875000000000295,-1.4999999999999991,0
1746362210.8083136,2.3443125,2.5134375,-209.6874999999998,0.05437500000000206,0
1746362210.831512,2.907375,2.6476875,353.3750000000002,1.3968749999999996,0
1746362210.8547974,2.2014375,2.278875,-352.5624999999999,-2.291249999999998,0
1746362210.877284,2.6345625,2.686125,80.56250000000009,1.7812500000000009,0
1746362210.9004931,2.720625,2.470125,166.62500000000026,-0.37875000000000103,0
1746362210.9232526,2.206875,2.3750625,-347.12499999999966,-1.3293750000000015,0
1746362210.9466224,2.904,2.7339375,350.0000000000001,2.2593750000000012,0
1746362210.9693162,2.418,2.30775,-135.9999999999997,-2.0025000000000004,0
1746362210.9925582,2.464875,2.6193750000000002,-89.12499999999967,1.1137500000000022,0
1746362211.016146,2.814375,2.4811875,260.3750000000002,-0.2681250000000013,0
1746362211.040217,2.226,2.4016875,-327.99999999999983,-1.0631250000000003,0
1746362211.0635352,2.9188125,2.7219375,364.8125000000002,2.139375000000001,0
1746362211.0867066,2.325,2.2803750000000003,-228.99999999999966,-2.2762499999999974,0
1746362211.109861,2.5554375,2.6461875,1.4375000000002025,1.381874999999999,0
1746362211.1329865,2.7975,2.529375,243.50000000000006,0.21374999999999922,0
1746362211.1561007,2.195625,2.383875,-358.37499999999966,-1.2412499999999982,0
1746362211.1798134,2.9130000000000003,2.7245625,359.00000000000045,2.165625000000002,0
1746362211.2031677,2.328375,2.2895625,-225.62499999999997,-2.1843749999999984,0
1746362211.2261326,2.5235625,2.6326875,-30.437499999999673,1.2468749999999984,0
1746362211.249368,2.8111875,2.5314375,257.1875000000001,0.234375,0
1746362211.2726603,2.1975000000000002,2.3424375,-356.4999999999996,-1.6556250000000006,0
1746362211.295803,2.8771875000000002,2.74125,323.1875000000004,2.3324999999999996,0
1746362211.3190007,2.4245625,2.307375,-129.4374999999999,-2.0062500000000005,0
1746362211.3422072,2.447625,2.582625,-106.37499999999989,0.7462500000000016,0
1746362211.365375,2.8636875,2.5895625,309.68750000000034,0.8156249999999998,0
1746362211.3885326,2.19225,2.3025,-361.7499999999998,-2.054999999999998,0
1746362211.41165,2.809875,2.7365625000000002,255.87500000000009,2.2856250000000022,0
1746362211.4347782,2.534625,2.3566875,-19.374999999999698,-1.5131249999999996,0
1746362211.4579499,2.342625,2.5138125000000002,-211.37499999999986,0.0581250000000022,0
1746362211.4811907,2.906625,2.6356875,352.62500000000017,1.2768749999999995,0
1746362211.5043344,2.2168125,2.2783125,-337.1874999999998,-2.2968749999999982,0
1746362211.527511,2.72325,2.7170625,169.25000000000034,2.0906249999999993,0
1746362211.5506492,2.6356875,2.411625,81.68750000000014,-0.963750000000001,0
1746362211.5738473,2.2687500000000003,2.446125,-285.24999999999955,-0.6187500000000012,0
1746362211.5969841,2.9229375,2.7039375,368.93750000000034,1.9593749999999988,0
1746362211.6200678,2.2843125,2.2749375,-269.6874999999999,-2.3306249999999995,0
1746362211.6432004,2.602875,2.668125,48.87500000000023,1.6012499999999985,0
1746362211.666377,2.7515625,2.4907500000000002,197.56250000000009,-0.17249999999999766,0
1746362211.6895795,2.211,2.377125,-343.0,-1.3087500000000007,0
1746362211.7133098,2.9133750000000003,2.6934375,359.37500000000045,1.8543749999999992,0
1746362211.736977,2.2558125,2.2730625,-298.1874999999996,-2.349375,0
1746362211.760161,2.653875,2.6653125,99.87500000000038,1.5731250000000019,0
1746362211.7827637,2.7845625000000003,2.5143750000000002,230.56250000000045,0.06375000000000242,0
1746362211.8059464,2.2003125,2.3495625,-353.68749999999994,-1.5843749999999979,0
1746362211.8290238,2.8813125,2.7410625,327.3125000000001,2.3306249999999995,0
1746362211.852179,2.4204375000000002,2.3085,-133.56249999999957,-1.995,0
1746362211.8760965,2.5608750000000002,2.6503125,6.875000000000409,1.4231250000000006,0
1746362211.8992999,2.7843750000000003,2.517375,230.37500000000045,0.09374999999999911,0
1746362211.9224696,2.1988125,2.3540625,-355.1875,-1.5393750000000006,0
1746362211.94566,2.8888125000000002,2.7395625,334.8125000000004,2.315624999999999,0
1746362211.9688382,2.4050625,2.3034375000000002,-148.93749999999972,-2.0456249999999976,0
1746362211.9919815,2.46,2.58675,-93.99999999999986,0.7874999999999988,0
1746362212.0150988,2.8618125,2.5828125,307.8125000000003,0.7481250000000017,0
1746362212.0382717,2.19,2.2918125000000003,-363.9999999999999,-2.1618749999999975,0
1746362212.0611875,2.7960000000000003,2.7358125,242.00000000000043,2.278125000000002,0
1746362212.0843823,2.5464375,2.3536875,-7.5624999999996945,-1.5431250000000007,0
1746362212.1077425,2.352,2.5160625,-201.99999999999994,0.08062499999999861,0
1746362212.1309023,2.9085,2.6510625,354.5000000000003,1.430625000000001,0
1746362212.1540186,2.216625,2.2764375,-337.3749999999998,-2.315624999999999,0
1746362212.1771502,2.718,2.7138750000000003,164.00000000000014,2.0587500000000025,0
1746362212.200303,2.644125,2.41725,90.12500000000001,-0.9074999999999989,0
1746362212.2234368,2.2565625000000002,2.4343125,-297.4374999999996,-0.7368750000000013,0
1746362212.2465305,2.920875,2.70825,366.8750000000003,2.0025000000000004,0
1746362212.269775,2.281875,2.275875,-272.12499999999994,-2.321249999999999,0
1746362212.2929204,2.6079375000000002,2.6724375,53.93750000000041,1.6443750000000001,0
1746362212.3161147,2.748,2.4905625000000002,194.0000000000004,-0.17437499999999773,0
1746362212.338933,2.1988125,2.3506875000000003,-355.1875,-1.5731249999999974,0
1746362212.362099,2.887125,2.7406875,333.12500000000034,2.3268749999999994,0
1746362212.3852184,2.417625,2.3086875,-136.3749999999997,-1.993125,0
1746362212.40833,2.4391875,2.5805625,-114.81249999999976,0.7256250000000009,0
1746362212.431461,2.870625,2.6000625,316.62500000000017,0.9206249999999994,0
1746362212.4545362,2.191875,2.298,-362.12499999999983,-2.0999999999999996,0
1746362212.4778242,2.8100625,2.737875,256.06250000000006,2.2987499999999983,0
1746362212.5009725,2.533125,2.358,-20.874999999999755,-1.4999999999999991,0
1746362212.5240762,2.33325,2.5025625000000002,-220.74999999999977,-0.05437499999999762,0
1746362212.5472043,2.9158125,2.6649375,361.8125000000001,1.5693750000000017,0
1746362212.57034,2.2261875,2.2745625,-327.81249999999983,-2.3343749999999996,0
1746362212.5934665,2.6960625,2.70675,142.0625000000002,1.9874999999999998,0
1746362212.61747,2.547,2.3626875,-6.999999999999673,-1.4531250000000018,0
1746362212.6406167,2.3229375,2.493375,-231.06249999999972,-0.1462500000000011,0
1746362212.6637635,2.9169375,2.6623125,362.9375000000001,1.5431250000000007,0
1746362212.6870031,2.2235625,2.2764375,-330.43749999999994,-2.315624999999999,0
1746362212.7104168,2.7429375,2.722875,188.9375000000002,2.1487500000000015,0
1746362212.733621,2.613375,2.4,59.37500000000018,-1.080000000000001,0
1746362212.756752,2.27625,2.4558750000000003,-277.7499999999997,-0.5212499999999975,0
1746362212.7799513,2.9235,2.693625,369.5000000000004,1.8562499999999993,0
1746362212.803687,2.2010625,2.3278125,-352.9374999999999,-1.8018750000000017,0
1746362212.8285272,2.88075,2.7331875,326.7500000000001,2.251875000000001,0
1746362212.8522155,2.331375,2.2771875,-222.62499999999986,-2.3081249999999986,0
1746362212.876703,2.6634375,2.671875,109.4375000000003,1.63875,0
1746362212.8998075,2.704125,2.500125,150.12500000000006,-0.07874999999999854,0
1746362212.9216373,2.172,2.2912500000000002,-381.99999999999966,-2.1674999999999978,0
1746362212.9435165,2.6904375000000003,2.6510625,136.43750000000043,1.430625000000001,0
1746362212.9648168,2.8734375,2.625,319.4375000000003,1.17,0
1746362212.987539,2.1856875000000002,2.281875,-368.3124999999996,-2.2612500000000013,0
1746362213.0106947,2.776875,2.705625,222.87500000000017,1.9762499999999994,0
1746362213.033405,2.6476875,2.41875,93.68750000000014,-0.8924999999999983,0
1746362213.056566,2.259,2.37225,-294.99999999999994,-1.3574999999999982,0
1746362213.0789726,2.906625,2.7331875,352.62500000000017,2.251875000000001,0
1746362213.1129959,2.9255625,2.70075,371.5625,1.927500000000002,0
1746362213.1363862,2.26275,2.2711875,-291.2499999999998,-2.368125000000001,0
1746362213.1595175,2.616,2.6746875,62.00000000000028,1.666875000000001,0
1746362213.1823215,2.7607500000000003,2.5243125,206.75000000000043,0.16312500000000174,0
1746362213.2058432,2.2123125,2.403375,-341.68749999999994,-1.0462499999999997,0
1746362213.229251,2.8809375,2.72175,326.9375000000001,2.137500000000001,0
1746362213.2535522,2.182125,2.3158125,-371.8749999999997,-1.9218750000000018,0
1746362213.278488,2.7515625,2.733375,197.56250000000009,2.253750000000001,0
1746362213.3002284,2.5520625,2.5404375,-1.9374999999999254,0.32437499999999897,0
1746362213.321178,2.1285,2.272875,-425.5,-2.3512500000000003,0
1746362213.3439348,2.671875,2.671125,117.87500000000017,1.6312499999999996,0
1746362213.3648481,2.815125,2.6690625,261.1250000000003,1.6106249999999989,0
1746362213.3935208,2.6803125,2.7016875000000002,126.31250000000006,1.9368750000000023,0
1746362213.4158163,2.6998125,2.600625,145.81250000000034,0.9262499999999996,0
1746362213.4367814,2.292375,2.311875,-261.625,-1.9612499999999988,0
1746362213.4568834,2.3053125,2.3278125,-248.68749999999994,-1.8018750000000017,0
1746362213.4767427,2.686125,2.578875,132.12500000000028,0.7087500000000002,0
1746362213.496517,2.931,2.7388125,377.0000000000002,2.3081249999999986,0
1746362213.5161602,2.7470625,2.6278125,193.06250000000037,1.198125000000001,0
1746362213.5358877,2.34075,2.3701875,-213.24999999999994,-1.378124999999999,0
1746362213.5556176,2.1975000000000002,2.2760625,-356.4999999999996,-2.319374999999999,0
1746362213.5753741,2.481,2.4628125,-72.99999999999996,-0.45187499999999936,0
1746362213.5951302,2.857125,2.699625,303.1250000000001,1.9162500000000016,0
1746362213.614877,2.86275,2.7136875000000003,308.7500000000003,2.0568750000000025,0
1746362213.6344733,2.5123125,2.48625,-41.68749999999966,-0.21749999999999936,0
1746362213.654192,2.1991875,2.2845,-354.8125,-2.2350000000000003,0
1746362213.6740007,2.31675,2.35425,-237.24999999999997,-1.5375000000000005,0
1746362213.6937828,2.7185625,2.613375,164.56250000000017,1.05375,0
1746362213.713878,2.91,2.7373125000000003,356.00000000000034,2.2931250000000025,0
1746362213.7336738,2.6199375000000003,2.5561875,65.93750000000043,0.4818750000000005,0
1746362213.7534106,2.2438125,2.312625,-310.1874999999996,-1.9537499999999985,0
1746362213.773133,2.2378125,2.305125,-316.18749999999983,-2.0287500000000014,0
1746362213.7928646,2.6034375,2.535375,49.43750000000024,0.2737500000000015,0
1746362213.812578,2.9068125,2.7309375,352.81250000000017,2.229375,0
1746362213.8322778,2.790375,2.6600625,236.37500000000023,1.520625,0
1746362213.852035,2.388,2.3715,-165.99999999999991,-1.3649999999999984,0
1746362213.8722057,2.1924375,2.2756875,-361.5624999999998,-2.323124999999999,0
1746362213.8919463,2.4808125,2.4620625,-73.18749999999996,-0.45937499999999964,0
1746362213.9117255,2.8633125,2.701125,309.31250000000034,1.9312500000000021,0
1746362213.9314482,2.8629375,2.7076875,308.9375000000003,1.9968750000000002,0
1746362213.9511843,2.4943125,2.4751875,-59.68749999999989,-0.3281249999999991,0
1746362213.9708872,2.1969375,2.2749375,-357.0624999999996,-2.3306249999999995,0
1746362213.9910324,2.3625000000000003,2.3881875,-191.49999999999955,-1.198125000000001,0
1746362214.0158932,2.6317500000000003,2.5471875,77.75000000000043,0.3918750000000015,0
1746362214.0437653,2.6589375,2.71275,104.93750000000013,2.047500000000002,0
1746362214.0688515,2.2800000000000002,2.3503125000000002,-273.9999999999996,-1.5768749999999976,0
1746362214.0895607,2.1729375,2.3660625,-381.06249999999966,-1.4193750000000005,0
1746362214.1112406,2.776125,2.7076875,222.1250000000001,1.9968750000000002,0
1746362214.1354916,2.27775,2.3124375,-276.24999999999966,-1.9556249999999986,0
1746362214.1567411,2.2276875,2.38275,-326.3124999999998,-1.2524999999999986,0
1746362214.1772687,2.808375,2.6398125,254.37500000000003,1.318125000000001,0
1746362214.1970916,2.94225,2.7375000000000003,388.2500000000002,2.2950000000000026,0
1746362214.2169142,2.6265,2.5573125,72.50000000000023,0.4931250000000009,0
1746362214.2366133,2.254875,2.3120625,-299.12499999999966,-1.9593749999999988,0
1746362214.2563949,2.248875,2.31,-305.1249999999999,-1.9799999999999995,0
1746362214.2761817,2.623125,2.53575,69.1250000000001,0.27750000000000163,0
1746362214.295795,2.90625,2.7335625,352.25000000000017,2.255625000000001,0
1746362214.3156028,2.7796875,2.6525625,225.68750000000026,1.4456250000000015,0
1746362214.3353438,2.3769375,2.3941875,-177.0624999999999,-1.1381249999999987,0
1746362214.355074,2.1841875,2.27325,-369.81249999999966,-2.3475,0
1746362214.3748071,2.4343125,2.4313125,-119.68749999999994,-0.766874999999998,0
1746362214.39454,2.8265625,2.68125,272.5625000000003,1.732499999999999,0
1746362214.414151,2.891625,2.7268125,337.62500000000006,2.1881249999999985,0
1746362214.4339025,2.5618125000000003,2.518125,7.812500000000444,0.1012499999999994,0
1746362214.4536102,2.2183125,2.2974375,-335.6874999999997,-2.105625,0
1746362214.4733775,2.272125,2.3274375000000003,-281.8749999999999,-1.8056249999999974,0
1746362214.4931006,2.65875,2.5728750000000002,104.75000000000011,0.6487500000000024,0
1746362214.5128338,2.9184375,2.7399375,364.43750000000017,2.319374999999999,0
1746362214.5324306,2.7545625,2.6368125,200.5625000000002,1.288125,0
1746362214.5521858,2.3484375,2.3784375,-205.56249999999966,-1.2956250000000002,0
1746362214.5719242,2.1916875,2.2755,-362.31249999999983,-2.3249999999999993,0
1746362214.5916724,2.466375,2.4493125,-87.62499999999962,-0.586875,0
1746362214.611391,2.845875,2.6925,291.8750000000001,1.8449999999999989,0
1746362214.6311383,2.8753125,2.7140625000000003,321.31250000000034,2.0606250000000026,0
1746362214.650735,2.5318125,2.499,-22.187499999999805,-0.08999999999999897,0
1746362214.6705105,2.2035,2.2873125,-350.49999999999983,-2.2068749999999993,0
1746362214.6902413,2.296125,2.3409375,-257.87499999999983,-1.6706250000000011,0
1746362214.7101226,2.7129375000000002,2.611875,158.9375000000004,1.0387499999999994,0
1746362214.7299383,2.91675,2.742375,362.7500000000001,2.34375,0
1746362214.749692,2.6765625,2.587125,122.56250000000036,0.7912499999999989,0
1746362214.7693212,2.290125,2.3413125,-263.87499999999966,-1.666875000000001,0
1746362214.789059,2.2065,2.286375,-347.4999999999997,-2.2162499999999996,0
1746362214.8088033,2.5359375,2.494125,-18.06249999999965,-0.13875000000000082,0
1746362214.8285203,2.8809375,2.71725,326.9375000000001,2.0924999999999994,0
1746362214.8482842,2.8318125,2.688,277.8125,1.8000000000000016,0
1746362214.8680391,2.442375,2.437125,-111.62499999999964,-0.7087500000000002,0
1746362214.8876803,2.1858750000000002,2.2755,-368.1249999999996,-2.3249999999999993,0
1746362214.907421,2.352375,2.3806875,-201.62499999999994,-1.2731249999999994,0
1746362214.9271743,2.7585,2.6430000000000002,204.50000000000034,1.3500000000000023,0
1746362214.9469662,2.907375,2.7371250000000003,353.3750000000002,2.2912500000000025,0
1746362214.9666998,2.622375,2.5531875,68.37500000000007,0.45187499999999936,0
1746362214.9864511,2.2486875,2.3150625000000002,-305.3124999999999,-1.9293749999999976,0
1746362215.0065846,2.2695,2.3274375000000003,-284.5,-1.8056249999999974,0
1746362215.0263574,2.658,2.574375,104.00000000000009,0.6637499999999985,0
1746362215.0460887,2.9146875,2.739375,360.68750000000006,2.313749999999999,0
1746362215.0658092,2.7371250000000003,2.6233125,183.12500000000043,1.1531249999999993,0
1746362215.0856204,2.3270625000000003,2.3595,-226.93749999999957,-1.4849999999999985,0
1746362215.105425,2.2006875,2.2796250000000002,-353.31249999999994,-2.2837499999999977,0
1746362215.1252975,2.517375,2.470125,-36.62499999999991,-0.37875000000000103,0
1746362215.1449869,2.8726875,2.709,318.6875000000002,2.0100000000000007,0
1746362215.170677,2.196,2.277375,-357.99999999999966,-2.3062499999999986,0
1746362215.1906507,2.3476875,2.3761875,-206.3124999999997,-1.318125000000001,0
1746362215.2103562,2.748,2.6311875000000002,194.0000000000004,1.2318750000000023,0
1746362215.2300968,2.914875,2.7399375,360.87500000000006,2.319374999999999,0
1746362215.2501595,2.597625,2.5303125,43.62500000000003,0.22312499999999957,0
1746362215.270131,2.2186875,2.293875,-335.31249999999966,-2.141250000000001,0
1746362215.2899911,2.28075,2.33025,-273.25,-1.7775000000000007,0
1746362215.309699,2.6566875,2.5935,102.68750000000004,0.8550000000000013,0
1746362215.329747,2.919,2.7414375,365.0000000000002,2.3343749999999996,0
1746362215.3495586,2.683125,2.5906875,129.12500000000017,0.8268750000000002,0
1746362215.3693058,2.2719375,2.333625,-282.0624999999999,-1.7437499999999995,0
1746362215.3897676,2.262375,2.3266875000000002,-291.6249999999998,-1.8131249999999977,0
1746362215.4095347,2.65125,2.5918125,97.25000000000028,0.8381250000000007,0
1746362215.4296749,2.919375,2.7414375,365.3750000000002,2.3343749999999996,0
1746362215.449435,2.6968125,2.6008125,142.81250000000023,0.9281249999999996,0
1746362215.4692442,2.2905,2.3394375,-263.4999999999996,-1.6856250000000017,0
1746362215.4890673,2.213625,2.289,-340.3749999999999,-2.1899999999999986,0
1746362215.508812,2.5485,2.4901875,-5.499999999999616,-0.17812499999999787,0
1746362215.5284107,2.8843125,2.71575,330.3125000000002,2.077499999999999,0
1746362215.5482361,2.829,2.6866875,275.00000000000034,1.786875000000001,0
1746362215.5682433,2.3979375,2.4020625,-156.0625,-1.0593750000000002,0
1746362215.5881894,2.1890625,2.2730625,-364.9374999999999,-2.349375,0
1746362215.6079173,2.4286875,2.426625,-125.31249999999972,-0.8137499999999998,0
1746362215.627635,2.81625,2.6728125,262.25000000000034,1.6481250000000003,0
1746362215.64731,2.8948125,2.727,340.81250000000017,2.1899999999999986,0
1746362215.6670725,2.5561875,2.5033125000000003,2.187500000000231,-0.046874999999997335,0
1746362215.6869853,2.205,2.2895625,-348.9999999999998,-2.1843749999999984,0
1746362215.7068264,2.2918125000000003,2.3750625,-262.18749999999955,-1.3293750000000015,0
1746362215.7270522,2.7555,2.6405625,201.50000000000023,1.3256250000000014,0
1746362215.7468517,2.9075625,2.739375,353.5625000000002,2.313749999999999,0
1746362215.7665083,2.63775,2.5625625,83.75000000000021,0.5456249999999985,0
1746362215.786267,2.2524375,2.319375,-301.5624999999997,-1.8862500000000004,0
1746362215.8059933,2.228625,2.3004375,-325.3749999999998,-2.0756249999999987,0
1746362215.8257177,2.5884375,2.5254375000000002,34.43750000000012,0.17437500000000217,0
1746362215.8455052,2.9026875,2.7301875,348.68750000000006,2.221875,0
1746362215.865301,2.780625,2.6593125,226.62500000000028,1.5131249999999996,0
1746362215.8850327,2.3881875,2.3968125000000002,-165.81249999999991,-1.1118749999999977,0
1746362215.9047987,2.1778125,2.270625,-376.1874999999999,-2.373750000000001,0
1746362215.9245763,2.425125,2.427375,-128.87499999999986,-0.8062499999999995,0
1746362215.9443266,2.8209375,2.6782500000000002,266.93750000000006,1.7025000000000023,0
1746362215.964103,2.8801875,2.71875,326.18750000000006,2.1075,0
1746362215.9838715,2.5423125,2.4671250000000002,-11.68749999999985,-0.4087499999999977,0
1746362216.0040362,2.1965625,2.27925,-357.43749999999966,-2.287499999999998,0
1746362216.0237525,2.3323125,2.36475,-221.68749999999983,-1.432500000000001,0
1746362216.0434678,2.7305625,2.6197500000000002,176.56250000000017,1.1175000000000024,0
1746362216.0631826,2.9175,2.7414375,363.50000000000017,2.3343749999999996,0
1746362216.08296,2.663625,2.5809375,109.62500000000031,0.729375000000001,0
1746362216.1027524,2.266125,2.3281875,-287.87499999999966,-1.7981250000000015,0
1746362216.1224062,2.218875,2.292375,-335.12499999999966,-2.1562500000000018,0
1746362216.1421366,2.5565625,2.5125,2.562500000000245,0.045000000000001705,0
1746362216.161964,2.8966875,2.72625,342.6875000000002,2.1824999999999983,0
1746362216.1817572,2.8059375,2.669625,251.93750000000037,1.616249999999999,0
1746362216.2015047,2.4091875000000003,2.416875,-144.81249999999957,-0.911249999999999,0
1746362216.2212586,2.184,2.2730625,-369.99999999999966,-2.349375,0
1746362216.240896,2.3893125,2.404125,-164.6874999999999,-1.0387499999999994,0
1746362216.2606657,2.7924375,2.6626875,238.4375000000003,1.5468750000000009,0
1746362216.2804537,2.8970625,2.731125,343.0625000000003,2.23125,0
1746362216.300189,2.5843125000000002,2.52975,30.31250000000041,0.21749999999999936,0
1746362216.3200862,2.2156875,2.2951875,-338.3124999999998,-2.1281250000000007,0
1746362216.3398426,2.271375,2.32875,-282.6249999999999,-1.7925000000000013,0
1746362216.3594508,2.645625,2.5663125,91.62500000000007,0.5831249999999999,0
1746362216.37919,2.9150625,2.7380625,361.06250000000006,2.3006249999999984,0
1746362216.3989084,2.7500625,2.6325,196.06250000000003,1.2449999999999983,0
1746362216.4187121,2.3420625,2.37225,-211.9374999999999,-1.3574999999999982,0
1746362216.4384515,2.19375,2.27625,-360.2499999999997,-2.317499999999999,0
1746362216.458202,2.4735,2.458875,-80.4999999999998,-0.49125000000000085,0
1746362216.477858,2.8445625,2.7015000000000002,290.56250000000006,1.9350000000000023,0
1746362216.497799,2.862,2.7054375,308.0000000000003,1.9743749999999993,0
1746362216.5175433,2.4885,2.4706875,-65.49999999999967,-0.3731250000000008,0
1746362216.5372577,2.1950625,2.281125,-358.93749999999966,-2.2687500000000016,0
1746362216.5569923,2.324625,2.36025,-229.37499999999966,-1.4774999999999983,0
1746362216.576716,2.7225,2.615625,168.5000000000003,1.0762500000000008,0
1746362216.5963392,2.9173125,2.741625,363.31250000000017,2.3362499999999997,0
1746362216.616117,2.6848125,2.591625,130.81250000000023,0.8362500000000006,0
1746362216.6358504,2.28825,2.3416875,-265.7499999999997,-1.6631250000000009,0
1746362216.6555667,2.2081875,2.28675,-345.81249999999966,-2.2124999999999995,0
1746362216.6753712,2.5501875000000003,2.5035,-3.8124999999995524,-0.045000000000001705,0
1746362216.695167,2.8910625,2.721375,337.06250000000006,2.133750000000001,0
1746362216.7148037,2.8269375,2.68875,272.9375000000003,1.8075000000000019,0
1746362216.7345443,2.445,2.4399375,-108.99999999999999,-0.6806249999999991,0
1746362216.7543025,2.1834375,2.274375,-370.56249999999966,-2.3362499999999997,0
1746362216.7740617,2.3709375,2.3926875,-183.0624999999997,-1.1531249999999993,0
1746362216.7938094,2.7770625,2.650125,223.06250000000017,1.4212500000000006,0
1746362216.8135433,2.9056875,2.7371250000000003,351.68750000000017,2.2912500000000025,0
1746362216.8332546,2.6154375,2.5608750000000002,61.437500000000256,0.5287500000000023,0
1746362216.852909,2.2509375,2.3176875,-303.0624999999998,-1.903125000000001,0
1746362216.8727624,2.240625,2.3109375,-313.3749999999997,-1.9706249999999992,0
1746362216.8925488,2.614875,2.548125,60.875000000000234,0.4012500000000019,0
1746362216.9122999,2.91075,2.73525,356.75000000000034,2.2725000000000017,0
1746362216.9320374,2.773125,2.6510625,219.125,1.430625000000001,0
1746362216.951744,2.3737500000000002,2.4065625,-180.24999999999957,-1.0143749999999985,0
1746362216.9713616,2.1853125,2.272875,-368.6874999999996,-2.3512500000000003,0
1746362216.9910865,2.4144375,2.4206250000000002,-139.5624999999998,-0.8737499999999976,0
1746362217.0108354,2.814,2.6745,260.0000000000002,1.665000000000001,0
1746362217.030578,2.8948125,2.72775,340.81250000000017,2.197499999999999,0
1746362217.050276,2.569875,2.5228125,15.875000000000306,0.14812500000000117,0
1746362217.070063,2.2125,2.3000625,-341.4999999999999,-2.079374999999999,0
1746362217.089765,2.2711875,2.3263125000000002,-282.8124999999999,-1.8168749999999978,0
1746362217.1095023,2.6557500000000003,2.5700625,101.75000000000045,0.6206250000000013,0
1746362217.1292293,2.9158125,2.7391875,361.8125000000001,2.311874999999999,0
1746362217.1547847,2.1916875,2.274,-362.31249999999983,-2.34,0
1746362217.1747062,2.458125,2.4448125,-95.87499999999993,-0.6318750000000017,0
1746362217.1944602,2.8428750000000003,2.6904375000000003,288.87500000000045,1.8243750000000025,0
1746362217.21419,2.8781250000000003,2.7170625,324.12500000000045,2.0906249999999993,0
1746362217.2340734,2.5014375,2.47425,-52.56249999999962,-0.33749999999999947,0
1746362217.2539191,2.1793125,2.27475,-374.68749999999983,-2.3324999999999996,0
1746362217.2741427,2.3878125,2.3998125,-166.18749999999994,-1.081875000000001,0
1746362217.2939355,2.789625,2.6698125,235.6250000000002,1.6181249999999991,0
1746362217.313883,2.8940625,2.727,340.06250000000017,2.1899999999999986,0
1746362217.3336303,2.56575,2.5295625,11.75000000000015,0.2156249999999993,0
1746362217.3532474,2.20875,2.286,-345.2499999999996,-2.2199999999999998,0
1746362217.3735805,2.31675,2.458875,-237.24999999999997,-0.49125000000000085,0
1746362217.3945966,2.8591875,2.7140625000000003,305.18750000000017,2.0606250000000026,0
1746362217.4147828,2.83275,2.6863125,278.75000000000006,1.783125000000001,0
1746362217.434551,2.440875,2.4361875,-113.1249999999997,-0.7181250000000006,0
1746362217.4543073,2.1864375000000003,2.275875,-367.56249999999955,-2.321249999999999,0
1746362217.474154,2.3857500000000003,2.4016875,-168.24999999999957,-1.0631250000000003,0
1746362217.4939418,2.7909375,2.6593125,236.93750000000026,1.5131249999999996,0
1746362217.5141246,2.88225,2.7165,328.25000000000017,2.084999999999999,0
1746362217.533964,2.5183125,2.49,-35.68749999999987,-0.17999999999999794,0
1746362217.5536993,2.202375,2.286,-351.62499999999983,-2.2199999999999998,0
1746362217.5734189,2.2989375,2.376375,-255.06249999999974,-1.316250000000001,0
1746362217.593658,2.7583125,2.63775,204.31250000000034,1.2975000000000003,0
1746362217.6133754,2.9120625,2.7388125,358.0625000000004,2.3081249999999986,0
1746362217.633098,2.641875,2.564625,87.87500000000037,0.5662499999999993,0
1746362217.6528234,2.2575,2.321625,-296.5,-1.8637499999999996,0
1746362217.6725812,2.2280625,2.3028750000000002,-325.9374999999998,-2.051249999999998,0
1746362217.6924903,2.6101875,2.542875,56.18750000000006,0.3487499999999999,0
1746362217.7124536,2.9133750000000003,2.7380625,359.37500000000045,2.3006249999999984,0
1746362217.7323027,2.7414375,2.628,187.43750000000014,1.200000000000001,0
1746362217.7520547,2.3398125,2.3715,-214.18749999999997,-1.3649999999999984,0
1746362217.7717605,2.18925,2.27475,-364.7499999999999,-2.3324999999999996,0
1746362217.791477,2.466,2.4511875,-87.99999999999963,-0.5681249999999993,0
1746362217.811197,2.847375,2.6930625,293.37500000000017,1.850624999999999,0
1746362217.830791,2.8779375000000003,2.7133125000000002,323.93750000000045,2.0531250000000023,0
1746362217.850798,2.497875,2.4721875,-56.12499999999976,-0.35812500000000025,0
1746362217.8706293,2.1945,2.2785,-359.4999999999997,-2.294999999999998,0
1746362217.8904438,2.325,2.4210000000000003,-228.99999999999966,-0.8699999999999974,0
1746362217.9116743,2.8573125,2.7331875,303.3125000000001,2.251875000000001,0
1746362217.9321868,2.71875,2.5809375,164.75000000000017,0.729375000000001,0
1746362217.9531705,2.23425,2.2899375,-319.75,-2.1806249999999983,0
1746362217.9735382,2.3270625000000003,2.373,-226.93749999999957,-1.3499999999999979,0
1746362217.9935899,2.7586875,2.6435625000000003,204.68750000000034,1.3556250000000025,0
1746362218.013476,2.915625,2.734125,361.6250000000001,2.2612500000000013,0
1746362218.0335283,2.5845000000000002,2.521125,30.500000000000416,0.13125000000000053,0
1746362218.0534546,2.2029375,2.2876875,-351.06249999999983,-2.203124999999999,0
1746362218.0738223,2.347125,2.3664375,-206.8749999999997,-1.4156250000000004,0
1746362218.0935333,2.7436875,2.6326875,189.68750000000023,1.2468749999999984,0
1746362218.113381,2.9165625,2.739,362.5625000000001,2.3099999999999987,0
1746362218.1332552,2.6173125,2.5488750000000002,63.31250000000033,0.40875000000000217,0
1746362218.153092,2.2370625,2.308875,-316.9374999999999,-1.99125,0
1746362218.172835,2.247,2.3085,-306.99999999999994,-1.995,0
1746362218.19262,2.6236875,2.5520625,69.68750000000013,0.44062499999999893,0
1746362218.212385,2.9126250000000002,2.736,358.6250000000004,2.280000000000002,0
1746362218.232153,2.7650625,2.6428125000000002,211.06250000000014,1.3481250000000022,0
1746362218.2518978,2.3450625,2.3514375,-208.93749999999977,-1.5656250000000016,0
1746362218.272367,2.2471875,2.419125,-306.81249999999994,-0.8887499999999982,0
1746362218.2954633,2.9278125,2.7121875,373.8125000000001,2.041875000000002,0
1746362218.3186681,2.2981875,2.2745625,-255.81249999999977,-2.3343749999999996,0
1746362218.3419094,2.60025,2.6670000000000003,46.25000000000013,1.5900000000000025,0
1746362218.365076,2.7613125,2.512125,207.3125,0.04125000000000156,0
1746362218.388171,2.1958125,2.3424375,-358.18749999999966,-1.6556250000000006,0
1746362218.4111528,2.894625,2.7375000000000003,340.62500000000017,2.2950000000000026,0
1746362218.4346838,2.382,2.2965,-171.99999999999972,-2.115,0
1746362218.4578066,2.47725,2.598375,-76.74999999999966,0.9037499999999987,0
1746362218.4809492,2.851125,2.5734375000000003,297.1250000000003,0.6543750000000026,0
1746362218.504135,2.1883125,2.3116875,-365.68749999999994,-1.963124999999999,0
1746362218.5272655,2.8314375000000003,2.73975,277.43750000000045,2.317499999999999,0
1746362218.5504143,2.505,2.343,-48.99999999999993,-1.6500000000000004,0
1746362218.5735455,2.35575,2.517375,-198.24999999999983,0.09374999999999911,0
1746362218.5966125,2.908125,2.6465625,354.1250000000002,1.3856249999999992,0
1746362218.6197608,2.212875,2.2771875,-341.1249999999999,-2.3081249999999986,0
1746362218.642915,2.7275625,2.7018750000000002,173.56250000000006,1.9387500000000024,0
1746362218.66576,2.6653125,2.4255,111.31250000000037,-0.8250000000000002,0
1746362218.6890347,2.2423125,2.424,-311.68749999999966,-0.8400000000000007,0
1746362218.7123935,2.919,2.695125,365.0000000000002,1.8712499999999999,0
1746362218.7356224,2.2651875,2.2715625,-288.8124999999997,-2.364375000000001,0
1746362218.758817,2.6315625000000002,2.6814375,77.56250000000043,1.7343749999999991,0
1746362218.7820644,2.727,2.47125,173.00000000000006,-0.3675000000000006,0
1746362218.8051987,2.217,2.382375,-336.9999999999998,-1.2562499999999988,0
1746362218.8283405,2.9109375,2.72775,356.93750000000034,2.197499999999999,0
1746362218.8515592,2.3491875,2.2858125,-204.81249999999963,-2.221875,0
1746362218.874814,2.5348125,2.6353125,-19.18749999999969,1.2731249999999994,0
1746362218.8980603,2.801625,2.5258125000000002,247.6250000000002,0.1781250000000023,0
1746362218.921234,2.192625,2.34075,-361.3749999999998,-1.6725000000000012,0
1746362218.9441,2.8565625,2.7405,302.56250000000006,2.3249999999999993,0
1746362218.9672987,2.4671250000000002,2.32425,-86.87499999999959,-1.8374999999999986,0
1746362218.9904509,2.395125,2.5445625,-158.87499999999966,0.36562500000000053,0
1746362219.0135796,2.8955625,2.6251875,341.5625000000002,1.171875,0
1746362219.036735,2.2003125,2.28525,-353.68749999999994,-2.2275,0
1746362219.059892,2.7605625000000003,2.72775,206.56250000000043,2.197499999999999,0
1746362219.0831413,2.5794375,2.3814375,25.437500000000224,-1.2656249999999991,0
1746362219.1062837,2.2965,2.4729375,-257.49999999999983,-0.35062499999999996,0
1746362219.1294298,2.923125,2.683875,369.12500000000034,1.75875,0
1746362219.1525915,2.2438125,2.2730625,-310.1874999999996,-2.349375,0
1746362219.176106,2.7080625,2.7103125,154.06250000000023,2.023125000000001,0
1746362219.199238,2.6630625,2.4283125,109.06250000000028,-0.7968749999999991,0
1746362219.2221766,2.239875,2.4326250000000003,-314.1249999999998,-0.7537499999999975,0
1746362219.245669,2.9248125000000003,2.705625,370.81250000000045,1.9762499999999994,0
1746362219.2688246,2.2854375,2.277375,-268.56249999999983,-2.3062499999999986,0
1746362219.303453,2.203125,2.289,-350.87499999999983,-2.1899999999999986,0
1746362219.3268516,2.7819375,2.7316875,227.93750000000034,2.2368750000000004,0
1746362219.349966,2.5711875,2.3737500000000002,17.187500000000355,-1.3424999999999976,0
1746362219.3731306,2.299125,2.4825,-254.87499999999974,-0.2550000000000008,0
1746362219.3958454,2.9229375,2.6994375,368.93750000000034,1.9143750000000015,0
1746362219.4191518,2.2738125,2.2723125,-280.18749999999983,-2.3568750000000005,0
1746362219.4422545,2.613375,2.6716875,59.37500000000018,1.6368749999999999,0
1746362219.4653707,2.751,2.48175,197.00000000000006,-0.26250000000000107,0
1746362219.4885428,2.211375,2.3741250000000003,-342.62499999999994,-1.3387499999999974,0
1746362219.5113497,2.8756875,2.7405,321.68750000000034,2.3249999999999993,0
1746362219.5339754,2.45175,2.3169375,-102.24999999999973,-1.9106250000000014,0
1746362219.5571332,2.3818125,2.551875,-172.18749999999972,0.43874999999999886,0
1746362219.5800335,2.893875,2.73825,339.87500000000017,2.3024999999999984,0
1746362219.5999515,2.6308125,2.5550625,76.8125000000004,0.47062500000000007,0
1746362219.6197338,2.248875,2.3135625,-305.1249999999999,-1.9443749999999982,0
1746362219.6394768,2.2280625,2.325375,-325.9374999999998,-1.8262499999999982,0
1746362219.6596744,2.6656875,2.571,111.68750000000038,0.6300000000000017,0
1746362219.6794355,2.9180625,2.7405,364.06250000000017,2.3249999999999993,0
1746362219.699225,2.7249375000000002,2.61,170.9375000000004,1.0199999999999987,0
1746362219.7192068,2.29725,2.341875,-256.74999999999983,-1.6612500000000008,0
1746362219.739,2.207625,2.287125,-346.37499999999966,-2.2087499999999993,0
1746362219.7587814,2.5395,2.4991875,-14.499999999999957,-0.0881249999999989,0
1746362219.778536,2.886375,2.7328125,332.3750000000003,2.248125000000001,0
1746362219.7987363,2.7843750000000003,2.6555625000000003,230.37500000000045,1.4756250000000026,0
1746362219.8184838,2.3799375,2.3979375,-174.06249999999977,-1.1006250000000017,0
1746362219.8382661,2.184,2.273625,-369.99999999999966,-2.34375,0
1746362219.858125,2.4508125,2.4594375,-103.18749999999977,-0.48562500000000064,0
1746362219.8781142,2.857875,2.70375,303.8750000000001,1.9574999999999987,0
1746362219.8979356,2.858625,2.7046875,304.62500000000017,1.966874999999999,0
1746362219.9175453,2.5040625,2.4789375000000002,-49.93749999999997,-0.2906249999999977,0
1746362219.937304,2.1954375,2.2798125000000002,-358.56249999999966,-2.2818749999999977,0
1746362219.9571438,2.3259375,2.3653125,-228.0624999999996,-1.4268750000000008,0
1746362219.9769554,2.7421875,2.626125,188.18750000000017,1.1812500000000004,0
1746362219.9967217,2.9145,2.7403125,360.50000000000006,2.323124999999999,0
1746362220.016417,2.6611875,2.577375,107.18750000000021,0.6937499999999996,0
1746362220.0361218,2.2734375,2.329125,-280.56249999999983,-1.7887500000000012,0
1746362220.0559337,2.2209375000000002,2.2944375,-333.0624999999996,-2.135625000000001,0
1746362220.0757356,2.5820625,2.5213125,28.062500000000323,0.1331250000000006,0
1746362220.0954847,2.9013750000000003,2.7283125,347.37500000000045,2.203124999999999,0
1746362220.1152837,2.7975,2.6660625000000002,243.50000000000006,1.5806250000000022,0
1746362220.1351347,2.38275,2.398875,-171.2499999999997,-1.0912500000000014,0
1746362220.1548846,2.1849375,2.27175,-369.0624999999996,-2.3625000000000007,0
1746362220.1747656,2.4451875,2.4343125,-108.81249999999997,-0.7368750000000013,0
1746362220.1944976,2.8335,2.6859375,279.50000000000006,1.7793750000000008,0
1746362220.2142398,2.885625,2.7211875,331.6250000000003,2.131875000000001,0
1746362220.233923,2.5430625,2.505375,-10.937499999999822,-0.026250000000000995,0
1746362220.2536528,2.2093125000000002,2.2914375000000002,-344.6874999999996,-2.1656249999999977,0
1746362220.2732835,2.2745625,2.3360625,-279.4374999999998,-1.7193749999999985,0
1746362220.2932286,2.6874375,2.600625,133.4375000000003,0.9262499999999996,0
1746362220.313076,2.9180625,2.741625,364.06250000000017,2.3362499999999997,0
1746362220.3328137,2.6975625,2.5955625,143.56250000000026,0.8756250000000021,0
1746362220.3525994,2.2916250000000002,2.340375,-262.3749999999996,-1.6762500000000014,0
1746362220.3723724,2.2065,2.2888125,-347.4999999999997,-2.1918749999999987,0
1746362220.392191,2.5516875,2.5126875,-2.3124999999999396,0.046875000000001776,0
1746362220.4121795,2.9010000000000002,2.72775,347.0000000000004,2.197499999999999,0
1746362220.4319568,2.7980625,2.663625,244.06250000000006,1.5562500000000012,0
1746362220.4517198,2.3970000000000002,2.407875,-156.99999999999957,-1.001249999999998,0
1746362220.4714508,2.182875,2.271375,-371.1249999999997,-2.366250000000001,0
1746362220.4913213,2.426625,2.4301875,-127.3749999999998,-0.7781249999999984,0
1746362220.5115292,2.8653750000000002,2.7035625,311.3750000000004,1.9556249999999986,0
1746362220.5312781,2.860125,2.703,306.1250000000002,1.9499999999999984,0
1746362220.551213,2.4624375,2.4515625,-91.56249999999977,-0.5643749999999992,0
1746362220.5710173,2.1885,2.2749375,-365.49999999999994,-2.3306249999999995,0
1746362220.5907862,2.3574375,2.3818125,-196.56249999999974,-1.261874999999999,0
1746362220.6105287,2.763,2.6409375,209.00000000000009,1.3293750000000015,0
1746362220.6302388,2.9128125000000002,2.740875,358.8125000000004,2.3287499999999994,0
1746362220.6498673,2.64675,2.5708125,92.75000000000011,0.6281250000000016,0
1746362220.6696103,2.25975,2.3229375,-294.2499999999999,-1.850624999999999,0
1746362220.6894283,2.231625,2.2989375,-322.37499999999966,-2.0906249999999993,0
1746362220.709264,2.6064375,2.5524375,52.437500000000355,0.4443749999999991,0
1746362220.7292438,2.9139375,2.7363750000000002,359.9375,2.283750000000002,0
1746362220.749038,2.754375,2.6443125,200.3750000000002,1.3631249999999984,0
1746362220.768717,2.3570625,2.3848125000000002,-196.93749999999977,-1.2318749999999978,0
1746362220.788499,2.1883125,2.2738125,-365.68749999999994,-2.341875,0
1746362220.8082788,2.46675,2.4481875,-87.2499999999996,-0.5981250000000005,0
1746362220.8279905,2.8396875,2.7009375,285.68750000000034,1.929375000000002,0
1746362220.8478897,2.861625,2.701125,307.6250000000003,1.9312500000000021,0
1746362220.8678172,2.4733125,2.4635625,-80.6874999999998,-0.4443749999999991,0
1746362220.8875341,2.1883125,2.2768125,-365.68749999999994,-2.311874999999999,0
1746362220.907343,2.3415,2.3758125,-212.49999999999991,-1.3218750000000012,0
1746362220.9271517,2.7579375,2.6355,203.93750000000034,1.2749999999999995,0
1746362220.9468503,2.9124375000000002,2.7380625,358.4375000000004,2.3006249999999984,0
1746362220.9666631,2.6311875000000002,2.5610625000000002,77.18750000000041,0.5306250000000023,0
1746362220.986393,2.25225,2.3244375,-301.7499999999997,-1.8356249999999985,0
1746362221.0060475,2.223,2.296875,-330.99999999999994,-2.11125,0
1746362221.0257788,2.5775625,2.519625,23.562500000000153,0.11624999999999996,0
1746362221.0454817,2.9006250000000002,2.72625,346.6250000000004,2.1824999999999983,0
1746362221.0652854,2.800125,2.665875,246.12500000000014,1.578750000000002,0
1746362221.0850675,2.3975625000000003,2.4086250000000002,-156.43749999999957,-0.9937499999999977,0
1746362221.1048305,2.1860625000000002,2.2711875,-367.9374999999996,-2.368125000000001,0
1746362221.1244874,2.3994375,2.410875,-154.56249999999994,-0.9712500000000013,0
1746362221.144252,2.803125,2.6649375,249.12500000000026,1.5693750000000017,0
1746362221.1639864,2.9010000000000002,2.7309375,347.0000000000004,2.229375,0
1746362221.1837456,2.5760625,2.527125,22.062500000000096,0.19124999999999837,0
1746362221.2034743,2.2228125,2.3008125,-331.18749999999994,-2.0718749999999986,0
1746362221.2232153,2.2605,2.3214375,-293.4999999999999,-1.8656249999999996,0
1746362221.2428424,2.6304375,2.5546875,76.43750000000038,0.46687499999999993,0
1746362221.2627213,2.916,2.73825,362.0000000000001,2.3024999999999984,0
1746362221.2825215,2.74275,2.6285625,188.7500000000002,1.2056250000000013,0
1746362221.302304,2.322375,2.354625,-231.62499999999974,-1.5337500000000004,0
1746362221.328302,2.8725,2.7131250000000002,318.5000000000002,2.0512500000000022,0
1746362221.3482265,2.846625,2.6934375,292.6250000000001,1.8543749999999992,0
1746362221.3680496,2.446875,2.3964375,-107.12499999999991,-1.1156249999999979,0
1746362221.3883975,2.1868125,2.2726875,-367.1875,-2.3531250000000004,0
1746362221.4083705,2.4815625,2.494875,-72.43749999999993,-0.13125000000000053,0
1746362221.4288108,2.8981875,2.72325,344.18750000000034,2.1525000000000016,0
1746362221.4485855,2.8021875,2.67075,248.18750000000023,1.6274999999999995,0
1746362221.4683173,2.4080625,2.413125,-145.9374999999996,-0.9487500000000004,0
1746362221.4882934,2.1796875,2.269125,-374.31249999999983,-2.3887500000000017,0
1746362221.507968,2.413875,2.4196875,-140.12499999999983,-0.8831249999999979,0
1746362221.5281315,2.8550625000000003,2.7155625,301.06250000000045,2.0756249999999987,0
1746362221.5485406,2.8080000000000003,2.641125,254.00000000000045,1.3312500000000016,0
1746362221.5688548,2.3458125,2.3563125,-208.18749999999974,-1.5168749999999998,0
1746362221.5889204,2.2040625,2.2800000000000002,-349.9374999999998,-2.2799999999999976,0
1746362221.608685,2.5138125000000002,2.4798750000000003,-40.1874999999996,-0.28124999999999734,0
1746362221.628363,2.871,2.7075,317.00000000000017,1.995,0
1746362221.6481323,2.8535625000000002,2.698875,299.5625000000004,1.9087500000000013,0
1746362221.6678789,2.4564375,2.4253125,-97.5625,-0.8268750000000002,0
1746362221.6880307,2.184,2.27175,-369.99999999999966,-2.3625000000000007,0
1746362221.707778,2.3799375,2.424,-174.06249999999977,-0.8400000000000007,0
1746362221.7278264,2.8261875,2.6791875000000003,272.1875000000002,1.7118750000000027,0
1746362221.7474785,2.89425,2.72625,340.25000000000017,2.1824999999999983,0
1746362221.7672393,2.560125,2.512875,6.12500000000038,0.04875000000000185,0
1746362221.787001,2.2123125,2.2936875,-341.68749999999994,-2.1431250000000013,0
1746362221.8067355,2.2723125,2.3293125,-281.6874999999999,-1.786875000000001,0
1746362221.8264678,2.664,2.58,110.00000000000031,0.7200000000000006,0
1746362221.846257,2.91675,2.7395625,362.7500000000001,2.315624999999999,0
1746362221.8660011,2.7226875,2.613,168.6875000000003,1.0499999999999998,0
1746362221.8858478,2.3109375,2.3505000000000003,-243.06249999999974,-1.5749999999999975,0
1746362221.9058871,2.213625,2.2916250000000002,-340.3749999999999,-2.1637499999999976,0
1746362221.925696,2.5580625,2.511,4.062500000000302,0.030000000000001137,0
1746362221.9454525,2.896125,2.7230625,342.1250000000002,2.1506250000000016,0
1746362221.9651864,2.818125,2.6773125,264.1250000000004,1.693125000000002,0
1746362221.9853535,2.368125,2.38875,-185.8749999999998,-1.1925000000000008,0
1746362222.0051224,2.1886875,2.272875,-365.31249999999994,-2.3512500000000003,0
1746362222.0248482,2.4410625,2.4328125000000003,-112.93749999999969,-0.7518749999999974,0
1746362222.044553,2.827875,2.6799375,273.87500000000034,1.7193749999999985,0
1746362222.0642438,2.891625,2.7225,337.62500000000006,2.1450000000000014,0
1746362222.0840201,2.544,2.5065,-9.999999999999787,-0.015000000000000568,0
1746362222.1037817,2.2040625,2.2920000000000003,-349.9374999999998,-2.1599999999999975,0
1746362222.1234608,2.2815,2.3308125,-272.49999999999994,-1.7718750000000005,0
1746362222.1431978,2.6705625,2.5785,116.56250000000013,0.7050000000000001,0
1746362222.1629033,2.917875,2.7391875,363.87500000000017,2.311874999999999,0
1746362222.1826253,2.73525,2.6233125,181.25000000000034,1.1531249999999993,0
1746362222.2023406,2.3330625,2.36925,-220.93749999999977,-1.3874999999999993,0
1746362222.222053,2.190375,2.2730625,-363.6249999999999,-2.349375,0
1746362222.2416503,2.4616875,2.4465,-92.3124999999998,-0.6150000000000011,0
1746362222.261367,2.8415625,2.6885625,287.5625000000004,1.8056250000000018,0
1746362222.281089,2.87925,2.7174375,325.25000000000006,2.0943749999999994,0
1746362222.3008058,2.527125,2.49225,-26.874999999999982,-0.15750000000000153,0
1746362222.3205953,2.2006875,2.284875,-353.31249999999994,-2.23125,0
1746362222.3403687,2.298375,2.34075,-255.62499999999977,-1.6725000000000012,0
1746362222.3600302,2.6930625,2.593875,139.06250000000009,0.8587500000000015,0
1746362222.379747,2.9175,2.7410625,363.50000000000017,2.3306249999999995,0
1746362222.3994584,2.71275,2.6113125,158.7500000000004,1.0331249999999992,0
1746362222.4191854,2.3109375,2.35425,-243.06249999999974,-1.5375000000000005,0
1746362222.4389174,2.1978750000000002,2.2801875000000003,-356.1249999999996,-2.2781249999999975,0
1746362222.4586291,2.49975,2.4615,-54.24999999999969,-0.46499999999999986,0
1746362222.4783034,2.865,2.7043125,311.0000000000004,1.963124999999999,0
1746362222.4980738,2.85675,2.7035625,302.75000000000006,1.9556249999999986,0
1746362222.5177925,2.4860625,2.4688125,-67.93749999999976,-0.3918750000000015,0
1746362222.5375187,2.193375,2.2794375000000002,-360.6249999999998,-2.285624999999998,0
1746362222.557248,2.326125,2.3621250000000003,-227.8749999999996,-1.4587499999999975,0
1746362222.5769844,2.7256875000000003,2.6090625,171.68750000000043,1.0106249999999983,0
1746362222.5966597,2.91825,2.741625,364.25000000000017,2.3362499999999997,0
1746362222.6163936,2.6803125,2.5899375,126.31250000000006,0.819375,0
1746362222.6361103,2.285625,2.3388750000000003,-268.37499999999983,-1.6912499999999975,0
1746362222.655828,2.208,2.285625,-345.99999999999966,-2.22375,0
1746362222.675569,2.5425,2.4958125,-11.499999999999844,-0.12187500000000018,0
1746362222.6953087,2.886,2.7170625,332.0000000000003,2.0906249999999993,0
1746362222.715115,2.823375,2.67975,269.3750000000001,1.7174999999999985,0
1746362222.7349243,2.427,2.4268125,-126.99999999999977,-0.8118749999999997,0
1746362222.7546735,2.1838125,2.27175,-370.18749999999966,-2.3625000000000007,0
1746362222.7744272,2.3851875000000002,2.398125,-168.8124999999996,-1.0987500000000017,0
1746362222.7941523,2.785875,2.6548125000000002,231.87500000000006,1.4681250000000023,0
1746362222.813901,2.904375,2.733,350.3750000000001,2.250000000000001,0
1746362222.8335283,2.607375,2.523,53.3750000000004,0.15000000000000124,0
1746362222.8535888,2.2215000000000003,2.295,-332.49999999999955,-2.130000000000001,0
1746362222.8733654,2.265,2.3259375,-288.9999999999997,-1.820624999999998,0
1746362222.893148,2.6623125,2.5798125,108.31250000000026,0.7181250000000006,0
1746362222.9129558,2.918625,2.7395625,364.6250000000002,2.315624999999999,0
1746362222.9326687,2.7279375,2.6203125000000003,173.93750000000009,1.1231250000000026,0
1746362222.9523034,2.29425,2.3135625,-259.74999999999994,-1.9443749999999982,0
1746362222.9734552,2.2610625,2.3476875,-292.93749999999983,-1.6031249999999986,0
1746362222.994672,2.8273125,2.70375,273.3125000000003,1.9574999999999987,0
1746362223.014811,2.8573125,2.699625,303.3125000000001,1.9162500000000016,0
1746362223.034642,2.452875,2.42325,-101.12499999999969,-0.847500000000001,0
1746362223.054883,2.1890625,2.2726875,-364.9374999999999,-2.3531250000000004,0
1746362223.0748954,2.4530625,2.4322500000000002,-100.93749999999969,-0.7574999999999976,0
1746362223.0945804,2.833125,2.6863125,279.12500000000006,1.783125000000001,0
1746362223.1149092,2.838375,2.6735625,284.3750000000003,1.6556250000000006,0
1746362223.1351492,2.395875,2.4015,-158.12499999999963,-1.0650000000000004,0
1746362223.1549876,2.1879375,2.2715625,-366.06249999999994,-2.364375000000001,0
1746362223.1747305,2.4260625,2.4241875,-127.93749999999982,-0.8381250000000007,0
1746362223.1944523,2.82,2.6745,266.0,1.665000000000001,0
1746362223.2140903,2.8970625,2.7279375,343.0625000000003,2.199374999999999,0
1746362223.233834,2.5723125000000002,2.52375,18.312500000000398,0.15750000000000153,0
1746362223.2535605,2.2201875,2.29875,-333.8124999999996,-2.0924999999999994,0
1746362223.27329,2.2635,2.3225625,-290.4999999999998,-1.8543749999999992,0
1746362223.29305,2.6518125,2.569125,97.8125000000003,0.611250000000001,0
1746362223.3187897,2.348625,2.359875,-205.37499999999963,-1.4812499999999984,0
1746362223.3388991,2.19675,2.2796250000000002,-357.2499999999996,-2.2837499999999977,0
1746362223.3587065,2.5130625,2.4804375,-40.93749999999963,-0.27562500000000156,0
1746362223.3784661,2.8785000000000003,2.7103125,324.50000000000045,2.023125000000001,0
1746362223.3984752,2.8192500000000003,2.6776875,265.25000000000045,1.6968750000000021,0
1746362223.4186428,2.3724375,2.388375,-181.56249999999963,-1.196250000000001,0
1746362223.438461,2.1886875,2.272125,-365.31249999999994,-2.3587500000000006,0
1746362223.4582,2.4438750000000002,2.4255,-110.12499999999959,-0.8250000000000002,0
1746362223.4778645,2.8280625,2.6805,274.06250000000034,1.7249999999999988,0
1746362223.4975965,2.8905,2.722125,336.5,2.141250000000001,0
1746362223.5173593,2.5351875,2.486625,-18.812499999999677,-0.21374999999999922,0
1746362223.5375009,2.1886875,2.2756875,-365.31249999999994,-2.323124999999999,0
1746362223.5577903,2.3949375,2.417625,-159.06249999999966,-0.9037499999999987,0
1746362223.5777915,2.822625,2.7001875,268.6250000000001,1.9218750000000018,0
1746362223.5979977,2.8633125,2.7058125,309.31250000000034,1.9781249999999995,0
1746362223.617778,2.4879375,2.46375,-66.06249999999969,-0.442499999999999,0
1746362223.6376016,2.1913125,2.2771875,-362.68749999999983,-2.3081249999999986,0
1746362223.6573665,2.330625,2.39325,-223.3749999999999,-1.147499999999999,0
1746362223.6775072,2.7939375,2.658375,239.93750000000037,1.5037499999999993,0
1746362223.6972432,2.9060625,2.7335625,352.06250000000017,2.255625000000001,0
1746362223.7171543,2.567625,2.51625,13.62500000000022,0.08249999999999869,0
1746362223.736984,2.2153125,2.293875,-338.68749999999983,-2.141250000000001,0
1746362223.757012,2.3040000000000003,2.34675,-249.99999999999955,-1.612499999999999,0
1746362223.7767875,2.70825,2.606625,154.25000000000023,0.9862500000000018,0
1746362223.7965605,2.9195625,2.740875,365.5625000000002,2.3287499999999994,0
1746362223.816256,2.694375,2.5957500000000002,140.37500000000014,0.8775000000000022,0
1746362223.8359108,2.2996875,2.342625,-254.31249999999972,-1.6537500000000005,0
1746362223.8557909,2.2081875,2.287125,-345.81249999999966,-2.2087499999999993,0
1746362223.875597,2.546625,2.51025,-7.374999999999687,0.022500000000000853,0
1746362223.8955083,2.897625,2.7253125000000002,343.6250000000003,2.1731250000000024,0
1746362223.9152818,2.8059375,2.6653125,251.93750000000037,1.5731250000000019,0
1746362223.9350877,2.40225,2.4099375,-151.74999999999983,-0.9806250000000016,0
1746362223.954745,2.182125,2.2708125,-371.8749999999997,-2.371875000000001,0
1746362223.9746304,2.4129375,2.4193125,-141.06249999999986,-0.8868749999999981,0
1746362223.9943602,2.81025,2.66925,256.2500000000001,1.612499999999999,0
1746362224.0140636,2.8974375,2.72925,343.4375000000003,2.2124999999999995,0
1746362224.0338063,2.5715625,2.5213125,17.56250000000037,0.1331250000000006,0
1746362224.0535512,2.2201875,2.298375,-333.8124999999996,-2.0962499999999995,0
1746362224.0731642,2.2535625,2.3274375000000003,-300.4374999999997,-1.8056249999999974,0
1746362224.0931354,2.6653125,2.5755,111.31250000000037,0.6749999999999989,0
1746362224.113021,2.9221875,2.7414375,368.18750000000034,2.3343749999999996,0
1746362224.1328304,2.7043125,2.60625,150.31250000000006,0.9825000000000017,0
1746362224.1525528,2.301,2.3390625000000003,-252.99999999999966,-1.6893749999999974,0
1746362224.1725368,2.215125,2.2888125,-338.87499999999983,-2.1918749999999987,0
1746362224.1921887,2.5396875,2.493,-14.31249999999995,-0.15000000000000124,0
1746362224.211923,2.8665000000000003,2.727,312.50000000000045,2.1899999999999986,0
1746362224.232179,2.7774375,2.6506875,223.43750000000017,1.4268750000000008,0
1746362224.251953,2.36925,2.391,-184.74999999999974,-1.17,0
1746362224.2717178,2.179875,2.271375,-374.12499999999983,-2.366250000000001,0
1746362224.29152,2.4511875,2.4410625,-102.81249999999974,-0.6693749999999987,0
1746362224.3113644,2.8455,2.688375,291.5000000000001,1.8037500000000017,0
1746362224.3310792,2.8794375,2.7148125,325.43750000000006,2.0681249999999984,0
1746362224.3508675,2.5198125,2.4894375,-34.187499999999815,-0.18562499999999815,0
1746362224.3706076,2.199375,2.285625,-354.62499999999994,-2.22375,0
1746362224.3903213,2.3008125,2.346375,-253.1874999999997,-1.616249999999999,0
1746362224.4100654,2.6986875,2.6259375,144.6875000000003,1.1793750000000003,0
1746362224.4301472,2.9128125000000002,2.740875,358.8125000000004,2.3287499999999994,0
1746362224.449823,2.6589375,2.5760625,104.93750000000013,0.6806249999999991,0
1746362224.4695487,2.271,2.3268750000000002,-282.99999999999994,-1.8112499999999976,0
1746362224.489326,2.218125,2.2944375,-335.8749999999997,-2.135625000000001,0
1746362224.5090845,2.5715625,2.515875,17.56250000000037,0.07874999999999854,0
1746362224.528811,2.898,2.7255000000000003,344.0000000000003,2.1750000000000025,0
1746362224.5485477,2.8072500000000002,2.6743125,253.25000000000043,1.6631250000000009,0
1746362224.5683024,2.4121875,2.28675,-141.8124999999999,-2.2124999999999995,0
1746362224.5915134,2.5245,2.62575,-29.499999999999638,1.1775000000000002,0
1746362224.614654,2.825625,2.5501875000000003,271.6250000000002,0.42187500000000266,0
1746362224.6377833,2.193375,2.323875,-360.6249999999998,-1.8412499999999987,0
1746362224.6609256,2.856,2.7418125,302.00000000000006,2.338125,0
1746362224.6841784,2.454375,2.320875,-99.62499999999963,-1.8712499999999999,0
1746362224.7073538,2.4076875,2.5771875,-146.31249999999963,0.6918749999999996,0
1746362224.7308352,2.8644375,2.582625,310.43750000000034,0.7462500000000016,0
1746362224.7540739,2.1879375,2.3060625,-366.06249999999994,-2.019375000000001,0
1746362224.7772539,2.826,2.740125,272.0000000000002,2.321249999999999,0
1746362224.8004363,2.5081875,2.36325,-45.812499999999815,-1.4475000000000016,0
1746362224.823377,2.3338125,2.5006875,-220.18749999999977,-0.07312499999999833,0
1746362224.8465986,2.9116875,2.6565,357.6875000000004,1.4849999999999985,0
1746362224.8697853,2.2175625,2.2764375,-336.4374999999997,-2.315624999999999,0
1746362224.8930814,2.732625,2.7196875,178.62500000000026,2.1168750000000003,0
1746362224.9163039,2.61825,2.400375,64.25000000000037,-1.0762500000000008,0
1746362224.9394531,2.272125,2.4508125,-281.8749999999999,-0.5718749999999995,0
1746362224.962594,2.9236875,2.6975625,369.6875000000004,1.8956250000000008,0
1746362224.985787,2.2665,2.2723125,-287.49999999999966,-2.3568750000000005,0
1746362225.0089355,2.6295,2.6780625000000002,75.50000000000034,1.7006250000000023,0
1746362225.0320566,2.7406875,2.4795000000000003,186.6875000000001,-0.2849999999999975,0
1746362225.055352,2.2194375,2.389125,-334.56249999999966,-1.1887500000000006,0
1746362225.078529,2.911875,2.7313125,357.8750000000004,2.2331250000000002,0
1746362225.1016223,2.352,2.286375,-201.99999999999994,-2.2162499999999996,0
1746362225.124792,2.5224375,2.62425,-31.562499999999716,1.1624999999999996,0
1746362225.1479213,2.8246875,2.5496250000000003,270.68750000000017,0.41625000000000245,0
1746362225.1710806,2.189625,2.3274375000000003,-364.3749999999999,-1.8056249999999974,0
1746362225.1942616,2.860875,2.742,306.8750000000002,2.34,0
1746362225.2173605,2.470125,2.3268750000000002,-83.87499999999991,-1.8112499999999976,0
1746362225.2404752,2.3889375,2.54025,-165.0624999999999,0.3224999999999989,0
1746362225.2635899,2.8963125,2.632875,342.3125000000002,1.2487499999999985,0
1746362225.286765,2.201625,2.284125,-352.3749999999999,-2.2387500000000005,0
1746362225.309999,2.76825,2.7286875,214.25000000000028,2.2068749999999993,0
1746362225.3332028,2.5813125,2.3833125,27.312500000000295,-1.2468749999999984,0
1746362225.3563452,2.2995,2.4735,-254.49999999999972,-0.34499999999999975,0
1746362225.3792684,2.9244375000000002,2.6949375,370.4375000000004,1.8693749999999998,0
