1746064488.6200674,2.67475,2.165,155.14178000000015,-4.183783783783784
1746064488.6431184,2.691375,2.724875,170.79721000000006,1.8689189189189177
1746064488.6675317,2.298625,2.57975,-199.04760999999988,0.30000000000000177
1746064488.687335,2.523625,2.266,12.830390000000207,-3.0918918918918923
1746064488.7065928,2.70825,2.1625,186.68806000000023,-4.21081081081081
1746064488.7278223,2.596,2.723625,80.98448000000027,1.855405405405407
1746064488.7598045,2.691875,2.48525,171.26805000000022,-0.7216216216216201
1746064488.7885926,2.62875,2.870875,111.82450000000033,3.447297297297295
1746064488.823884,2.731375,2.786125,208.46441000000007,2.5310810810810827
1746064488.8519616,2.35875,2.202375,-142.42909999999966,-3.7797297297297305
1746064488.8830433,2.27675,2.68275,-219.64685999999995,1.4135135135135126
1746064488.9037688,2.5031250000000003,2.558875,-6.474049999999548,0.07432432432432394
1746064488.9357107,2.388375,2.1815,-114.53182999999987,-4.005405405405404
1746064488.9599946,2.6755,2.87125,155.8480400000002,3.451351351351349
1746064488.9830358,2.275,2.746125,-221.29479999999987,2.0986486486486498
1746064489.0032563,2.456625,2.2447500000000002,-50.26216999999995,-3.3216216216216194
1746064489.027206,2.634,2.6313750000000002,116.7683200000001,0.8581081081081102
1746064489.046679,2.404,2.907,-99.81807999999988,3.8378378378378377
1746064489.0661747,2.2763750000000003,2.856,-219.99998999999954,3.2864864864864844
1746064489.0848916,2.3301250000000002,2.617125,-169.38468999999958,0.7040540540540552
1746064489.1035068,2.47775,2.355375,-30.369179999999893,-2.125675675675676
1746064489.1221502,2.642125,2.1955,124.41947000000025,-3.8540540540540547
1746064489.1415107,2.740625,2.306375,217.17495000000028,-2.6554054054054053
1746064489.1603749,2.654875,2.68575,136.4258900000003,1.4459459459459463
1746064489.1799462,2.41575,2.879625,-88.75333999999974,3.5418918918918902
1746064489.1984873,2.3000000000000003,2.904375,-197.75279999999952,3.8094594594594584
1746064489.2170324,2.283375,2.76425,-213.40822999999986,2.2945945945945954
1746064489.2355506,2.37425,2.5195,-127.83305999999982,-0.3513513513513535
1746064489.2544594,2.562125,2.163375,49.08507000000019,-4.201351351351354
1746064489.2744555,2.741375,2.261625,217.8812100000003,-3.1391891891891897
1746064489.2942855,2.603,2.840375,87.57624000000038,3.1175675675675656
1746064489.3164842,2.277125,2.698375,-219.29372999999993,1.5824324324324317
1746064489.3414094,2.740875,2.456125,217.41037000000014,-1.0364864864864858
1746064489.3623881,2.48125,2.832375,-27.07329999999963,3.031081081081079
1746064489.3815186,2.308125,2.840625,-190.1016499999998,3.1202702702702716
1746064489.4014206,2.3295,2.176375,-169.9732399999999,-4.06081081081081
1746064489.4278107,2.583375,2.731875,69.09577000000039,1.9445945945945946
1746064489.4479537,2.317875,2.8457500000000002,-180.92026999999987,3.1756756756756777
1746064489.4677606,2.313875,2.465125,-184.68698999999987,-0.9391891891891896
1746064489.487739,2.567875,2.164625,54.49973000000011,-4.187837837837838
1746064489.5087054,2.730375,2.40875,207.5227300000002,-1.5486486486486497
1746064489.528858,2.4947500000000002,2.830625,-14.360619999999567,3.012162162162161
1746064489.54871,2.2880000000000003,2.1942500000000003,-209.05295999999956,-3.867567567567565
1746064489.5761678,2.698875,2.492125,177.85981000000032,-0.6472972972972962
1746064489.5992563,2.276625,2.875,-219.76456999999968,3.4918918918918913
1746064489.618049,2.327375,2.629875,-171.9743099999998,0.8418918918918934
1746064489.6367188,2.475375,2.36275,-32.6056699999997,-2.0459459459459453
1746064489.6552863,2.634875,2.198375,117.59229000000026,-3.822972972972974
1746064489.673864,2.732375,2.2175000000000002,209.4060900000004,-3.616216216216214
1746064489.692559,2.713,2.431625,191.16104000000027,-1.3013513513513526
1746064489.711313,2.5735,2.69575,59.796680000000315,1.5540540540540522
1746064489.7297392,2.422125,2.876625,-82.75012999999993,3.5094594594594613
1746064489.7483041,2.3025,2.9046250000000002,-195.3985999999996,3.8121621621621644
1746064489.766861,2.281625,2.7715,-215.05616999999978,2.372972972972973
1746064489.7853844,2.3693750000000002,2.527375,-132.4237499999996,-0.2662162162162151
1746064489.8039222,2.523125,2.2920000000000003,12.35955000000005,-2.8108108108108087
1746064489.8224826,2.672875,2.18425,153.3761300000001,-3.975675675675676
1746064489.841363,2.74025,2.275375,216.82182000000026,-2.990540540540542
1746064489.8598895,2.679125,2.49825,159.26163000000017,-0.5810810810810807
1746064489.8784084,2.53625,2.748125,24.7191000000001,2.120270270270269
1746064489.8969626,2.3785,2.899,-123.83091999999995,3.7513513513513512
1746064489.9155278,2.284875,2.8785000000000003,-211.9957099999998,3.5297297297297323
1746064489.9340699,2.299,2.6590000000000003,-198.69447999999986,1.156756756756759
1746064489.9528158,2.43325,2.416125,-72.27393999999967,-1.4689189189189187
1746064489.9714053,2.597625,2.215875,82.51471000000005,-3.633783783783784
1746064489.990056,2.718125,2.169125,195.9871500000003,-4.139189189189188
1746064490.0093024,2.703875,2.47275,182.56821000000022,-0.8567567567567572
1746064490.0283387,2.539,2.742875,27.308720000000335,2.0635135135135148
1746064490.046936,2.37925,2.898125,-123.12465999999992,3.7418918918918895
1746064490.0667608,2.282625,2.7643750000000002,-214.11448999999988,2.2959459459459484
1746064490.085427,2.378875,2.507875,-123.47778999999993,-0.4770270270270291
1746064490.1040328,2.53825,2.27625,26.60246000000031,-2.9810810810810806
1746064490.122574,2.6825,2.185125,162.4398000000003,-3.9662162162162145
1746064490.1412702,2.74125,2.27625,217.76350000000016,-2.9810810810810806
1746064490.1598554,2.6775,2.509125,157.7314000000004,-0.4635135135135135
1746064490.1784165,2.530875,2.741375,19.657570000000188,2.0472972972972983
1746064490.1968632,2.380875,2.9006250000000002,-121.59442999999972,3.768918918918921
1746064490.2154083,2.2865,2.8777500000000003,-210.4654799999996,3.521621621621624
1746064490.233959,2.2975,2.703625,-200.1069999999999,1.6391891891891905
1746064490.2525444,2.4162500000000002,2.440875,-88.28249999999957,-1.2013513513513505
1746064490.2711074,2.576,2.23875,62.150880000000264,-3.3864864864864868
1746064490.289688,2.707625,2.198125,186.09951000000035,-3.825675675675675
1746064490.3086371,2.730375,2.3535,207.5227300000002,-2.145945945945947
1746064490.327528,2.60075,2.657625,85.45746000000031,1.1418918918918903
1746064490.3461637,2.434625,2.8565,-70.97912999999976,3.291891891891892
1746064490.3648696,2.301125,2.903875,-196.69340999999991,3.8040540540540557
1746064490.3834774,2.2843750000000003,2.753875,-212.46654999999953,2.1824324324324302
1746064490.4020355,2.3795,2.519375,-122.88923999999963,-0.35270270270270165
1746064490.420587,2.535875,2.281375,24.365970000000086,-2.9256756756756745
1746064490.439155,2.68125,2.184,161.2627000000001,-3.9783783783783773
1746064490.457758,2.74125,2.263375,217.76350000000016,-3.1202702702702716
1746064490.4763365,2.684875,2.496,164.6762900000001,-0.605405405405406
1746064490.494941,2.53775,2.74225,26.13162000000015,2.0567567567567546
1746064490.5134928,2.3785,2.892875,-123.83091999999995,3.685135135135136
1746064490.5319214,2.288875,2.88275,-208.22898999999978,3.5756756756756767
1746064490.5505223,2.297125,2.708,-200.4601299999999,1.686486486486488
1746064490.56911,2.412875,2.449125,-91.4606699999997,-1.1121621621621627
1746064490.5876653,2.573375,2.1818750000000002,59.67897000000017,-4.0013513513513495
1746064490.6091352,2.70775,2.4831250000000002,186.21722000000008,-0.7445945945945924
1746064490.6286259,2.499375,2.844875,-10.005349999999682,3.1662162162162164
1746064491.0084045,2.726,2.3890000000000002,203.40288000000018,-1.7621621621621602
1746064491.0306954,2.328125,2.875,-171.2680499999998,3.4918918918918913
1746064491.0512788,2.3445,2.473,-155.84803999999977,-0.854054054054056
1746064491.0713298,2.61875,2.139875,102.4077000000001,-4.455405405405406
1746064491.0940385,2.595375,2.677125,80.39593000000039,1.3527027027027043
1746064491.11334,2.3725,2.92,-129.48099999999974,3.9783783783783773
1746064491.1335459,2.291875,2.739125,-205.4039499999997,2.0229729729729726
1746064491.1526666,2.4482500000000003,2.319875,-58.14873999999955,-2.5094594594594586
1746064491.1719368,2.6625,2.143625,143.60620000000029,-4.414864864864864
1746064491.1939225,2.599375,2.843375,84.1626500000004,3.1499999999999995
1746064491.2149723,2.2915,2.8388750000000003,-205.7570799999997,3.1013513513513535
1746064491.2349095,2.3645,2.148375,-137.01443999999975,-4.363513513513513
1746064491.2594006,2.68475,2.86125,164.55858000000038,3.3432432432432435
1746064491.28229,2.27825,2.739875,-218.2343399999999,2.0310810810810813
1746064491.3023171,2.42475,2.31775,-80.27821999999983,-2.5324324324324308
1746064491.3222551,2.68375,2.168625,163.61690000000007,-4.144594594594595
1746064491.3431995,2.6553750000000003,2.608,136.89673000000045,0.605405405405406
1746064491.362711,2.42075,2.8893750000000002,-84.04493999999984,3.6472972972972997
1746064491.3822887,2.27775,2.8465000000000003,-218.70517999999964,3.183783783783786
1746064491.4009767,2.3285,2.488875,-170.91491999999977,-0.6824324324324311
1746064491.420806,2.577625,2.178875,63.68111000000004,-4.033783783783783
1746064491.4403484,2.7375000000000003,2.28975,214.23220000000043,-2.835135135135134
1746064491.460252,2.6277500000000003,2.628625,110.88282000000044,0.8283783783783778
1746064491.4790952,2.4455,2.872375,-60.73835999999979,3.463513513513512
1746064491.498552,2.2840000000000003,2.8885,-212.81967999999955,3.637837837837838
1746064491.5171893,2.30475,2.69,-193.27981999999992,1.4918918918918909
1746064491.5357556,2.43,2.417375,-75.33439999999965,-1.4554054054054077
1746064491.5543168,2.593125,2.223875,78.27715000000032,-3.5472972972972974
1746064491.5729733,2.71725,2.191875,195.16318000000012,-3.893243243243244
1746064491.591486,2.735,2.331125,211.87800000000007,-2.387837837837837
1746064491.6100652,2.6426250000000002,2.577625,124.89031000000041,0.27702702702702475
1746064491.628615,2.487,2.815875,-21.658639999999703,2.8527027027027034
1746064491.6471806,2.339375,2.9085,-160.6741499999998,3.8540540540540547
1746064491.665741,2.2775,2.835375,-218.94059999999993,3.063513513513513
1746064491.6843073,2.32775,2.628625,-171.6211799999998,0.8283783783783778
1746064491.7028239,2.465125,2.301125,-42.25788999999979,-2.7121621621621643
1746064491.7235172,2.7395,2.373625,216.11556000000024,-1.9283783783783779
1746064491.7445228,2.52425,2.883375,13.41894000000009,3.5824324324324324
1746064491.7688391,2.442125,2.258875,-63.91652999999991,-3.1689189189189175
1746064491.7902477,2.74025,2.3905,216.82182000000026,-1.745945945945948
1746064491.8116798,2.47725,2.851125,-30.840019999999633,3.233783783783785
1746064491.8324273,2.2760000000000002,2.7258750000000003,-220.35311999999956,1.8797297297297322
1746064491.8528192,2.4751250000000002,2.171875,-32.84108999999957,-4.10945945945946
1746064491.8762312,2.665,2.657875,145.96040000000022,1.1445945945945963
1746064491.896468,2.378,2.83375,-124.30175999999969,3.045945945945948
1746064491.917546,2.329625,2.505,-169.85552999999973,-0.5081081081081098
1746064491.9375525,2.60175,2.1375,86.3991400000002,-4.481081081081079
1746064491.957862,2.73825,2.337625,214.93846000000005,-2.3175675675675675
1746064491.9821281,2.277375,2.7571250000000003,-219.05830999999964,2.21756756756757
1746064492.0037656,2.571,2.158125,57.44248000000036,-4.258108108108108
1746064492.0243678,2.739875,2.340625,216.46869000000024,-2.2851351351351337
1746064492.044331,2.5540000000000003,2.7603750000000002,41.433920000000455,2.2527027027027047
1746064492.0636985,2.3395,2.884875,-160.55643999999967,3.598648648648649
1746064492.0836606,2.30575,2.507375,-192.3381399999996,-0.4824324324324315
1746064492.1036572,2.551625,2.20575,39.19743000000023,-3.7432432432432425
1746064492.1251428,2.718,2.583375,195.86944000000017,0.33918918918919083
1746064492.1490116,2.2763750000000003,2.2155,-219.99998999999954,-3.637837837837838
1746064492.1750803,2.717,2.5445,194.92776000000026,-0.08108108108107935
1746064492.195596,2.440375,2.851375,-65.56446999999983,3.236486486486486
1746064492.2152355,2.279125,2.82975,-217.41036999999972,3.0027027027027047
1746064492.234675,2.36225,2.49025,-139.13321999999982,-0.6675675675675673
1746064492.2549376,2.657625,2.141625,139.0155100000001,-4.436486486486488
1746064492.2781851,2.5027500000000003,2.849125,-6.8271799999995615,3.2121621621621608
1746064492.298426,2.281875,2.5957500000000002,-214.82074999999992,0.4729729729729749
1746064492.3203347,2.558125,2.23225,45.31835000000018,-3.4567567567567568
1746064492.339363,2.715625,2.17575,193.63295000000036,-4.067567567567569
1746064492.358838,2.703125,2.456375,181.86195000000018,-1.0337837837837847
1746064492.3785386,2.464875,2.835375,-42.49330999999966,3.063513513513513
1746064492.399696,2.2865,2.62275,-210.4654799999996,0.7648648648648635
1746064492.4222677,2.702,2.1553750000000003,180.80256000000014,-4.287837837837835
1746064492.4469619,2.3341250000000002,2.94,-165.6179699999996,4.1945945945945935
1746064492.4661613,2.28075,2.778625,-215.88013999999995,2.4499999999999984
1746064492.484967,2.386625,2.403375,-116.17976999999979,-1.6067567567567569
1746064492.5042987,2.611,2.180375,95.1096800000004,-4.017567567567566
1746064492.52346,2.7371250000000003,2.2375000000000003,213.87907000000044,-3.3999999999999977
1746064492.543114,2.642,2.565,124.3017600000001,0.14054054054053947
1746064492.5621395,2.447,2.8232500000000003,-59.32583999999974,2.9324324324324347
1746064492.5813498,2.2855,2.859625,-211.40715999999992,3.3256756756756736
1746064492.6008425,2.3355,2.55875,-164.32315999999966,0.07297297297297094
1746064492.6200604,2.53475,2.28775,23.306580000000046,-2.856756756756758
1746064492.6387303,2.68525,2.193375,165.0294200000001,-3.877027027027027
1746064492.657276,2.74175,2.269375,218.23434000000032,-3.0554054054054043
1746064492.6758034,2.686875,2.4867500000000002,166.55965000000032,-0.7054054054054033
1746064492.6944141,2.537875,2.741875,26.249330000000295,2.0527027027027005
1746064492.7128644,2.38675,2.896375,-116.06205999999965,3.7229729729729715
1746064492.7314844,2.286,2.88425,-210.93631999999977,3.5918918918918936
1746064492.7500255,2.296625,2.714,-200.93096999999966,1.7513513513513506
1746064492.7685616,2.4086250000000002,2.4591250000000002,-95.46280999999956,-1.0040540540540521
1746064492.7870905,2.566375,2.2465,53.087210000000056,-3.3027027027027014
1746064492.8056526,2.70025,2.179125,179.15462000000022,-4.031081081081082
1746064492.824577,2.7338750000000003,2.328125,210.81861000000046,-2.420270270270271
1746064492.8431113,2.64225,2.5715,124.53718000000039,0.2108108108108092
1746064492.8616395,2.489,2.8095,-19.775279999999913,2.783783783783782
1746064492.8801641,2.342375,2.908,-157.8491099999997,3.8486486486486475
1746064492.8986857,2.276875,2.837625,-219.52914999999982,3.087837837837838
1746064492.917311,2.325125,2.6205000000000003,-174.0930899999999,0.740540540540543
1746064492.9357507,2.45575,2.37125,-51.0861399999997,-1.954054054054056
1746064492.954485,2.63,2.197125,113.0016000000001,-3.8364864864864847
1746064492.9730492,2.729375,2.202125,206.5810500000003,-3.7824324324324317
1746064492.9915864,2.72375,2.380125,201.28410000000008,-1.8581081081081081
1746064493.0162628,2.286375,2.738625,-210.58318999999975,2.0175675675675655
1746064493.034951,2.39125,2.464875,-111.82449999999992,-0.9418918918918908
1746064493.053752,2.574625,2.23625,60.85607000000035,-3.413513513513513
1746064493.0724077,2.7085,2.18525,186.9234800000001,-3.9648648648648663
1746064493.0912378,2.732875,2.37025,209.87693000000013,-1.9648648648648657
1746064493.1100729,2.61525,2.628875,99.11182000000026,0.831081081081079
1746064493.128659,2.4535,2.847,-53.20491999999978,3.1891891891891886
1746064493.1472142,2.318125,2.910625,-180.68484999999959,3.877027027027027
1746064493.165802,2.277625,2.75525,-218.82288999999977,2.197297297297299
1746064493.1850684,2.40775,2.301375,-96.28677999999974,-2.7094594594594583
1746064493.2050877,2.68325,2.198625,163.14606000000032,-3.8202702702702727
1746064493.2260365,2.660375,2.621625,141.60513000000034,0.7527027027027008
1746064493.2461064,2.380125,2.85975,-122.30068999999975,3.3270270270270266
1746064493.2670934,2.325125,2.238875,-174.0930899999999,-3.3851351351351338
1746064493.2896216,2.7335000000000003,2.5255,210.46548000000044,-0.28648648648648617
1746064493.3158252,2.27925,2.613375,-217.2926599999996,0.6635135135135131
1746064493.3359935,2.490875,2.245,-18.009629999999845,-3.3189189189189183
1746064493.3623803,2.407625,2.8655,-96.40448999999988,3.389189189189188
1746064493.3829763,2.291875,2.6121250000000003,-205.4039499999997,0.6500000000000022
1746064493.4032035,2.5435,2.201,31.546280000000078,-3.7945945945945945
1746064493.4230235,2.7335000000000003,2.271,210.46548000000044,-3.0378378378378392
1746064493.4432788,2.6105,2.685625,94.63884000000023,1.4445945945945933
1746064493.4671993,2.33725,2.51275,-162.67521999999974,-0.42432432432432443
1746064493.4873483,2.61,2.21175,94.16800000000008,-3.67837837837838
1746064493.5089197,2.6830000000000003,2.6515,162.91064000000046,1.075675675675675
1746064493.5293252,2.38525,2.898,-117.4745799999997,3.7405405405405414
1746064493.5497577,2.2975,2.6746250000000003,-200.1069999999999,1.325675675675678
1746064493.568639,2.4322500000000002,2.4398750000000002,-73.21561999999956,-1.21216216216216
1746064493.5872946,2.599375,2.23325,84.1626500000004,-3.445945945945947
1746064493.6059031,2.7178750000000003,2.1925,195.75173000000044,-3.886486486486488
1746064493.6245754,2.728125,2.3635,205.4039500000001,-2.0378378378378366
1746064493.643338,2.60975,2.64025,93.93258000000021,0.9540540540540534
1746064493.6619742,2.446125,2.85825,-60.14980999999991,3.31081081081081
1746064493.6805744,2.312875,2.9090000000000003,-185.62866999999977,3.859459459459462
1746064493.6991038,2.2796250000000002,2.79225,-216.93952999999956,2.597297297297298
1746064493.717705,2.3605,2.5435,-140.78115999999974,-0.09189189189189377
1746064493.7362945,2.514875,2.28575,4.590690000000174,-2.878378378378377
1746064493.7552085,2.68825,2.18275,167.85446000000022,-3.9918918918918926
1746064493.7738237,2.74175,2.2720000000000002,218.23434000000032,-3.027027027027025
1746064493.7923622,2.680125,2.503875,160.20331000000007,-0.5202702702702724
1746064493.8111053,2.5165,2.763625,6.120920000000371,2.2878378378378397
1746064493.831569,2.279375,2.7785,-217.17494999999985,2.4486486486486503
1746064493.852597,2.4965,2.1978750000000002,-12.712679999999645,-3.8283783783783765
1746064493.882295,2.280125,2.6906250000000003,-216.46868999999984,1.498648648648651
1746064493.9022334,2.46825,2.311875,-39.31513999999996,-2.595945945945945
1746064493.9215853,2.6778750000000002,2.212875,158.0845300000004,-3.6662162162162177
1746064493.9403994,2.742,2.309125,218.46976000000018,-2.6256756756756774
1746064493.9590726,2.67325,2.52875,153.7292600000001,-0.2513513513513513
1746064493.9777591,2.513125,2.788125,2.9427500000002507,2.552702702702702
1746064493.9963274,2.359,2.9045,-142.1936799999998,3.8108108108108114
1746064494.015264,2.27575,2.8275,-220.58853999999985,2.978378378378379
1746064494.0338821,2.333125,2.40525,-166.5596499999999,-1.5864864864864858
1746064494.0540123,2.617125,2.16375,100.87747000000033,-4.1972972972972995
1746064494.0734136,2.741,2.280625,217.52808000000027,-2.933783783783783
1746064494.092973,2.62875,2.666375,111.82450000000033,1.2364864864864853
1746064494.1134489,2.325125,2.84775,-174.0930899999999,3.197297297297297
1746064494.1353543,2.45775,2.269375,-49.20277999999991,-3.0554054054054043
1746064494.1579902,2.7135000000000002,2.469,191.63188000000042,-0.8972972972972993
1746064494.177848,2.4935,2.8925,-15.537719999999752,3.6810810810810812
1746064494.199862,2.3072500000000002,2.61425,-190.92561999999955,0.6729729729729744
1746064494.2194269,2.51625,2.274625,5.885500000000083,-2.99864864864865
1746064494.2388556,2.712375,2.16875,190.57249000000039,-4.143243243243242
1746064494.258383,2.7055000000000002,2.52225,184.0984400000004,-0.321621621621621
1746064494.2783961,2.45025,2.8661250000000003,-56.26537999999976,3.3959459459459485
1746064494.3001251,2.3195,2.5335,-179.3900399999997,-0.19999999999999957
1746064494.320097,2.57225,2.16875,58.61958000000013,-4.143243243243242
1746064494.3413157,2.72,2.3937500000000003,197.75280000000038,-1.7108108108108084
1746064494.3610945,2.496125,2.823375,-13.065809999999658,2.933783783783783
1746064494.3811104,2.2875,2.810375,-209.5237999999997,2.7932432432432437
1746064494.4007313,2.35525,2.407,-145.72497999999993,-1.5675675675675678
1746064494.4204748,2.610375,2.17075,94.5211300000001,-4.121621621621623
1746064494.4405506,2.739875,2.319875,216.46869000000024,-2.5094594594594586
1746064494.459557,2.629,2.634,112.0599200000002,0.8864864864864849
1746064494.4789026,2.4050000000000002,2.913625,-98.87639999999956,3.9094594594594603
1746064494.4982302,2.2795,2.872625,-217.05723999999972,3.466216216216218
1746064494.5168636,2.321875,2.61275,-177.15354999999988,0.6567567567567576
1746064494.5357,2.4835000000000003,2.3055,-24.95451999999955,-2.6648648648648665
1746064494.5550177,2.68975,2.19175,169.26698000000027,-3.894594594594597
1746064494.5735793,2.74275,2.278125,219.17602000000022,-2.9608108108108095
1746064494.5921803,2.68075,2.49725,160.79186000000038,-0.5918918918918903
1746064494.6108937,2.52,2.788125,9.416800000000217,2.552702702702702
1746064494.6296625,2.351625,2.9085,-149.13856999999993,3.8540540540540547
1746064494.648249,2.27875,2.791125,-217.76349999999974,2.5851351351351357
1746064494.669965,2.58625,2.197125,71.80310000000034,-3.8364864864864847
1746064494.6892676,2.728875,2.216125,206.11021000000014,-3.6310810810810827
1746064494.708238,2.709,2.452375,187.39432000000025,-1.077027027027028
1746064494.7269511,2.571875,2.7026250000000003,58.26645000000011,1.628378378378381
1746064494.745505,2.410375,2.885625,-93.81486999999964,3.6067567567567576
1746064494.764054,2.298625,2.90025,-199.04760999999988,3.7648648648648666
1746064494.7826018,2.2880000000000003,2.749,-209.05295999999956,2.1297297297297306
1746064494.8011644,2.386375,2.513375,-116.41518999999967,-0.417567567567569
1746064494.8196309,2.536875,2.279125,25.3076500000004,-2.9499999999999997
1746064494.8382065,2.682875,2.182875,162.7929300000003,-3.9905405405405396
1746064494.8567586,2.741625,2.263125,218.11663000000016,-3.1229729729729727
1746064494.8753252,2.688,2.480875,167.61904000000035,-0.7689189189189176
1746064494.8938487,2.5495,2.728,37.19636000000029,1.9027027027027044
1746064494.9126956,2.3665000000000003,2.902125,-135.13107999999954,3.7851351351351328
1746064494.9311955,2.2840000000000003,2.87325,-212.81967999999955,3.4729729729729732
1746064494.9499156,2.312875,2.658125,-185.62866999999977,1.1472972972972977
1746064494.9685886,2.45125,2.3893750000000002,-55.32369999999986,-1.758108108108106
1746064494.993146,2.601625,2.666875,86.28143000000006,1.2418918918918926
1746064495.011893,2.428875,2.87075,-76.39378999999968,3.445945945945947
1746064495.0305104,2.30425,2.6555,-193.75065999999967,1.1189189189189181
1746064495.0521405,2.4765,2.13825,-31.546279999999662,-4.472972972972971
1746064495.0746424,2.712625,2.4475000000000002,190.80791000000025,-1.1297297297297277
1746064495.0947952,2.458375,2.833625,-48.61422999999961,3.044594594594595
1746064495.1167536,2.329,2.380875,-170.44407999999962,-1.8499999999999996
1746064495.1445053,2.474125,2.833125,-33.782769999999886,3.039189189189188
1746064495.1681693,2.433,2.253375,-72.50935999999996,-3.2283783783783777
1746064495.1887658,2.71725,2.294875,195.16318000000012,-2.779729729729728
1746064495.2102425,2.557875,2.76325,45.08293000000031,2.2837837837837855
1746064495.230108,2.31575,2.532,-182.92133999999982,-0.21621621621621642
1746064495.2533138,2.58275,2.195125,68.50722000000009,-3.858108108108109
1746064495.272301,2.72325,2.279125,200.81326000000035,-2.9499999999999997
1746064495.2916281,2.7025,2.48525,181.27340000000032,-0.7216216216216201
1746064495.3105445,2.5385,2.756125,26.83788000000018,2.2067567567567554
1746064495.329182,2.3745,2.910875,-127.59763999999996,3.879729729729728
1746064495.347813,2.2835,2.872625,-213.2905199999997,3.466216216216218
1746064495.36656,2.316,2.634625,-182.68591999999995,0.8932432432432451
1746064495.385324,2.462875,2.373,-44.37666999999987,-1.9351351351351334
1746064495.4037776,2.616375,2.212625,100.1712100000003,-3.668918918918919
1746064495.4223552,2.72375,2.208375,201.28410000000008,-3.7148648648648632
1746064495.4410377,2.7247500000000002,2.3715,202.2257800000004,-1.95135135135135
1746064495.4596345,2.6121250000000003,2.7115,96.16907000000043,1.724324324324324
1746064495.4791,2.375125,2.871,-127.00908999999965,3.448648648648648
1746064495.497852,2.280625,2.865875,-215.99784999999966,3.3932432432432424
1746064495.5165496,2.317375,2.644,-181.39110999999963,0.9945945945945955
1746064495.535451,2.477125,2.358375,-30.957729999999778,-2.0932432432432426
1746064495.5538871,2.627875,2.202,111.00053000000015,-3.7837837837837847
1746064495.5725248,2.73075,2.21125,207.8758600000002,-3.683783783783783
1746064495.5912466,2.71575,2.4053750000000003,193.7506600000001,-1.5851351351351328
1746064495.60984,2.591625,2.668875,76.86463000000026,1.2635135135135118
1746064495.6284556,2.426875,2.863625,-78.27714999999989,3.368918918918917
1746064495.647039,2.3040000000000003,2.90425,-193.98607999999953,3.80810810810811
1746064495.6655638,2.2832500000000002,2.7727500000000003,-213.52593999999957,2.386486486486489
1746064495.6841047,2.371875,2.524125,-130.06954999999962,-0.30135135135135
1746064495.7027109,2.530625,2.281875,19.422150000000318,-2.9202702702702723
1746064495.7212985,2.679875,2.183125,159.9678900000002,-3.9878378378378385
1746064495.7398627,2.741625,2.24175,218.11663000000016,-3.3540540540540533
1746064495.758258,2.699125,2.4595000000000002,178.09523000000019,-0.9999999999999979
1746064495.7768335,2.56325,2.710125,50.14446000000022,1.7094594594594603
1746064495.7953768,2.402375,2.8853750000000002,-101.34830999999966,3.6040540540540564
1746064495.813926,2.294875,2.896875,-202.57890999999958,3.728378378378379
1746064495.8324726,2.29025,2.735375,-206.93417999999988,1.9824324324324307
1746064495.851038,2.394375,2.5,-108.88174999999966,-0.5621621621621626
1746064495.869466,2.5423750000000003,2.27175,30.486890000000457,-3.029729729729731
1746064495.888001,2.68525,2.179125,165.0294200000001,-4.031081081081082
1746064495.9066083,2.743125,2.275875,219.52915000000021,-2.9851351351351347
1746064495.9252377,2.68,2.50425,160.08560000000034,-0.5162162162162182
1746064495.9437191,2.53825,2.756125,26.60246000000031,2.2067567567567554
1746064495.962497,2.365,2.90775,-136.5435999999996,3.845945945945946
1746064495.9812639,2.278875,2.8508750000000003,-217.6457899999996,3.2310810810810837
1746064495.999838,2.320875,2.63625,-178.09522999999976,0.9108108108108102
1746064496.018451,2.45925,2.383,-47.790259999999854,-1.8270270270270275
1746064496.037093,2.62725,2.1978750000000002,110.41198000000027,-3.8283783783783765
1746064496.055767,2.731625,2.21225,208.69983000000036,-3.672972972972973
1746064496.0743291,2.721375,2.443125,199.04761000000028,-1.1770270270270253
1746064496.093296,2.5728750000000002,2.6982500000000003,59.20813000000043,1.5810810810810834
1746064496.1118507,2.410625,2.883125,-93.57944999999978,3.579729729729731
1746064496.1306236,2.2915,2.88775,-205.7570799999997,3.6297297297297297
1746064496.1493545,2.30125,2.7,-196.57569999999978,1.6000000000000014
1746064496.1678944,2.41725,2.4482500000000003,-87.34081999999968,-1.1216216216216193
1746064496.1865168,2.582625,2.2355,68.38951000000036,-3.4216216216216218
1746064496.2050803,2.70925,2.188125,187.62974000000014,-3.9337837837837855
1746064496.2236736,2.7375000000000003,2.317625,214.23220000000043,-2.5337837837837838
1746064496.2422235,2.652875,2.572375,134.54253000000008,0.22027027027027063
1746064496.2608457,2.494625,2.797375,-14.478329999999712,2.652702702702704
1746064496.279519,2.3375,2.91025,-162.43979999999988,3.8729729729729727
1746064496.2983427,2.27825,2.806375,-218.2343399999999,2.7500000000000004
1746064496.316888,2.348125,2.165625,-152.43444999999977,-4.177027027027028
1746064496.3388412,2.7407500000000002,2.299875,217.2926600000004,-2.725675675675675
1746064496.3597517,2.576125,2.86075,62.26859000000041,3.3378378378378364
1746064496.3815303,2.278,2.6985,-218.46975999999975,1.5837837837837847
1746064496.40393,2.65475,2.182875,136.30818000000014,-3.9905405405405396
1746064496.4246855,2.694125,2.55375,173.3868300000003,0.018918918918918035
1746064496.4441714,2.484,2.847875,-24.48367999999981,3.19864864864865
1746064496.4636323,2.298,2.8665000000000003,-199.63615999999976,3.4000000000000026
1746064496.482778,2.310625,2.5495,-187.74744999999984,-0.027027027027026453
1746064496.5026977,2.553875,2.18275,41.31621000000031,-3.9918918918918926
1746064496.5226626,2.74025,2.71575,216.82182000000026,1.7702702702702686
1746064496.5455804,2.369625,2.7872500000000002,-132.1883299999997,2.543243243243245
1746064496.5749393,2.679375,2.1622500000000002,159.49705000000003,-4.2135135135135116
1746064496.6082253,2.684375,2.791125,164.20545000000035,2.5851351351351357
1746064496.6421394,2.644125,2.1550000000000002,126.30283000000004,-4.29189189189189
1746064496.6829855,2.324125,2.2247500000000002,-175.03476999999978,-3.537837837837836
1746064496.7151859,2.285,2.632375,-211.87799999999964,0.8689189189189198
1746064496.7358053,2.5425,2.18925,30.604600000000183,-3.921621621621623
1746064496.763725,2.2912500000000002,2.143625,-205.99249999999958,-4.414864864864864
1746064496.7958586,2.344,2.4050000000000002,-156.31887999999992,-1.589189189189187
1746064496.820345,2.641875,2.318,124.18405000000038,-2.5297297297297296
1746064496.8433359,2.5265,2.888,15.537720000000169,3.632432432432431
1746064496.8650265,2.28625,2.464875,-210.70089999999988,-0.9418918918918908
1746064496.892643,2.58275,2.777875,68.50722000000009,2.44189189189189
1746064496.9221005,2.73825,2.847625,214.93846000000005,3.195945945945944
1746064496.9486392,2.2895,2.33925,-207.6404399999999,-2.3000000000000025
1746064496.9803693,2.288125,2.166375,-208.93524999999983,-4.16891891891892
1746064497.006643,2.738,2.351375,214.7030400000002,-2.1689189189189193
1746064497.0261712,2.581875,2.758125,67.68325000000033,2.2283783783783795
1746064497.0462682,2.31775,2.8850000000000002,-181.0379799999996,3.600000000000002
1746064497.0656223,2.2975,2.654875,-200.1069999999999,1.1121621621621627
1746064497.0925326,2.603875,2.688,88.40021000000014,1.4702702702702717
1746064497.111776,2.389125,2.890625,-113.82556999999984,3.66081081081081
1746064497.1317515,2.2840000000000003,2.69275,-212.81967999999955,1.5216216216216234
1746064497.1514492,2.463375,2.282875,-43.90582999999971,-2.9094594594594576
1746064497.1713712,2.70825,2.188,186.68806000000023,-3.935135135135134
1746064497.1912231,2.694,2.46375,173.26912000000016,-0.9540540540540534
1746064497.2101316,2.525,2.74825,14.125200000000117,2.121621621621622
1746064497.229928,2.3005,2.80075,-197.2819599999998,2.6891891891891873
1746064497.2499058,2.349625,2.4315,-151.0219299999997,-1.302702702702701
1746064497.2705624,2.6695,2.16075,150.1979600000004,-4.229729729729728
1746064497.2919474,2.6426250000000002,2.801875,124.89031000000041,2.7013513513513496
1746064497.316745,2.363375,2.17125,-138.0738299999998,-4.116216216216215
1746064497.3435156,2.5111250000000003,2.7945,1.0593900000004584,2.6216216216216233
1746064497.3631442,2.301875,2.806625,-195.9871499999999,2.7527027027027016
1746064497.3839638,2.407375,2.296625,-96.63990999999976,-2.76081081081081
1746064497.4076352,2.699625,2.6625,178.56607000000034,1.194594594594595
1746064497.4288702,2.348875,2.436375,-151.72818999999976,-1.2500000000000009
1746064497.453513,2.6475,2.170875,129.48100000000017,-4.12027027027027
1746064497.4742858,2.702875,2.465375,181.62653000000032,-0.9364864864864884
1746064497.493625,2.503875,2.83725,-5.767789999999939,3.083783783783784
1746064497.5134494,2.2935,2.831,-203.8737199999999,3.016216216216215
1746064497.5332332,2.3537500000000002,2.4725,-147.13749999999956,-0.8594594594594585
1746064497.5531037,2.620875,2.13675,104.40877000000005,-4.489189189189188
1746064497.5761974,2.561125,2.741,48.14339000000029,2.0432432432432437
1746064497.6013796,2.473625,2.25875,-34.253609999999625,-3.1702702702702705
1746064497.6228037,2.742125,2.30225,218.58747000000034,-2.7000000000000015
1746064497.6429448,2.5576250000000003,2.800125,44.84751000000044,2.6824324324324316
1746064497.662774,2.316625,2.88075,-182.09736999999964,3.5540540540540526
1746064497.682758,2.3268750000000002,2.54625,-172.44514999999956,-0.06216216216216132
1746064497.7020547,2.532875,2.180875,21.540930000000397,-4.012162162162164
1746064497.7223692,2.740875,2.28625,217.41037000000014,-2.8729729729729745
1746064497.7426798,2.577,2.704,63.092560000000155,1.6432432432432447
1746064497.7641478,2.27775,2.75,-218.70517999999964,2.14054054054054
1746064497.7841141,2.42525,2.38825,-79.80737999999967,-1.7702702702702686
1746064497.8072696,2.710375,2.476375,188.68913000000018,-0.8175675675675681
1746064497.8270934,2.48325,2.882875,-25.189939999999837,3.577027027027025
1746064497.8483825,2.2885,2.5855,-208.5821199999998,0.36216216216216307
1746064497.8684528,2.5135,2.2695,3.295880000000264,-3.054054054054056
1746064497.88752,2.695875,2.1710000000000003,175.0347700000002,-4.118918918918917
1746064497.9064999,2.737,2.379,213.76136000000028,-1.8702702702702707
1746064497.9268007,2.502625,2.768125,-6.944889999999705,2.3364864864864856
1746064497.946121,2.3115,2.800375,-186.9234799999997,2.6851351351351327
1746064497.9681742,2.499,2.252875,-10.358479999999695,-3.233783783783785
1746064497.9876554,2.704125,2.46,182.80363000000008,-0.9945945945945955
1746064498.0124497,2.324,2.74125,-175.15247999999994,2.0459459459459453
1746064498.0350358,2.513625,2.164875,3.413590000000408,-4.185135135135137
1746064498.0553727,2.7385,2.233625,215.17388000000034,-3.441891891891893
1746064498.0758836,2.5755,2.7182500000000003,61.680040000000105,1.7972972972972998
1746064498.096801,2.286375,2.846,-210.58318999999975,3.1783783783783788
1746064498.1163127,2.348,2.4598750000000003,-152.55215999999993,-0.9959459459459437
1746064498.1361804,2.6115,2.179,95.58052000000013,-4.032432432432435
1746064498.1559718,2.74175,2.32975,218.23434000000032,-2.402702702702701
1746064498.1755493,2.6008750000000003,2.699625,85.57517000000045,1.5959459459459473
1746064498.1955216,2.3381250000000002,2.817125,-161.85124999999957,2.8662162162162144
1746064498.217989,2.4885,2.328375,-20.24611999999965,-2.4175675675675694
1746064498.2372603,2.687875,2.178875,167.5013300000002,-4.033783783783783
1746064498.2566626,2.72925,2.751,206.46334000000016,2.15135135135135
1746064498.2784631,2.360625,2.903375,-140.6634499999996,3.7986486486486486
1746064498.2975752,2.27775,2.75175,-218.70517999999964,2.159459459459458
1746064498.3170092,2.42575,2.3145000000000002,-79.33653999999994,-2.5675675675675658
1746064498.3376846,2.70925,2.193,187.62974000000014,-3.881081081081081
1746064498.3569045,2.72125,2.398125,198.92990000000015,-1.6635135135135157
1746064498.3759043,2.570375,2.7365,56.85393000000006,1.9945945945945933
1746064498.3951077,2.360625,2.698,-140.6634499999996,1.5783783783783774
1746064498.4183023,2.5187500000000003,2.248,8.23970000000045,-3.2864864864864844
1746064498.437747,2.713,2.215,191.16104000000027,-3.643243243243245
1746064498.4573424,2.7018750000000002,2.61625,180.68485000000044,0.6945945945945937
1746064498.4784267,2.353625,2.861125,-147.25520999999972,3.3418918918918905
1746064498.4981372,2.288125,2.6506250000000002,-208.93524999999983,1.0662162162162183
1746064498.5177338,2.471375,2.282625,-36.372389999999704,-2.9121621621621636
1746064498.5381074,2.728,2.206375,205.2862400000004,-3.7364864864864873
1746064498.557463,2.6906250000000003,2.57075,170.09095000000045,0.20270270270270077
1746064498.5775466,2.4205,2.872875,-84.2803599999997,3.468918918918919
1746064498.5972235,2.277625,2.7218750000000003,-218.82288999999977,1.836486486486489
1746064498.6172762,2.4375,2.3675,-68.2717999999998,-1.9945945945945933
1746064498.6364179,2.643875,2.565375,126.06741000000017,0.14459459459459367
1746064498.6624658,2.314125,2.86475,-184.4515699999996,3.3810810810810796
1746064498.6820025,2.31225,2.565,-186.21721999999966,0.14054054054053947
1746064498.7014031,2.510625,2.238625,0.5885500000003011,-3.3878378378378398
1746064498.7231803,2.72975,2.4053750000000003,206.9341800000003,-1.5851351351351328
1746064498.7425685,2.55625,2.76125,43.552700000000115,2.2621621621621615
1746064498.7616806,2.3575,2.911875,-143.60619999999986,3.890540540540542
1746064498.780443,2.278125,2.595625,-218.35204999999962,0.4716216216216219
1746064498.8015487,2.519,2.2565,8.47512000000032,-3.1945945945945957
1746064498.8205876,2.69875,2.168875,177.74210000000016,-4.141891891891894
1746064498.8401031,2.719,2.4115,196.81112000000007,-1.5189189189189174
1746064498.8591757,2.559625,2.767125,46.73087000000024,2.325675675675676
1746064498.879524,2.2952500000000002,2.8365,-202.22577999999956,3.0756756756756753
1746064498.9002805,2.418125,2.3445,-86.51684999999993,-2.2432432432432434
1746064498.9197514,2.6510000000000002,2.16675,132.77688000000043,-4.164864864864866
1746064498.939877,2.72625,2.42975,203.63830000000004,-1.3216216216216237
1746064498.9594617,2.531375,2.771875,20.128410000000343,2.3770270270270277
1746064498.9783986,2.347125,2.911125,-153.37612999999968,3.882432432432434
1746064498.9979138,2.286375,2.69475,-210.58318999999975,1.5432432432432426
1746064499.017117,2.434125,2.367625,-71.44996999999992,-1.9932432432432452
1746064499.036541,2.663125,2.174,144.19475000000017,-4.086486486486487
1746064499.0587318,2.5892500000000003,2.681125,74.62814000000046,1.3959459459459476
1746064499.0781384,2.3625000000000003,2.8653750000000002,-138.89779999999953,3.3878378378378398
1746064499.0973063,2.278375,2.78425,-218.11662999999976,2.5108108108108116
1746064499.1199358,2.668125,2.181375,148.90315000000007,-4.006756756756757
1746064499.1468315,2.28025,2.802375,-216.35097999999968,2.7067567567567568
1746064499.1663113,2.37575,2.488125,-126.42053999999976,-0.6905405405405395
1746064499.1855748,2.593875,2.548125,78.98341000000035,-0.04189189189189028
1746064499.2114353,2.36,2.889875,-141.2519999999999,3.652702702702702
1746064499.2313113,2.29025,2.7251250000000002,-206.93417999999988,1.8716216216216237
1746064499.2500327,2.407875,2.294625,-96.16906999999959,-2.782432432432434
1746064499.2702422,2.689375,2.188,168.91385000000025,-3.935135135135134
1746064499.2892404,2.73825,2.33575,214.93846000000005,-2.3378378378378386
1746064499.3082438,2.6205000000000003,2.6825,104.05564000000045,1.4108108108108115
1746064499.32728,2.421625,2.895125,-83.22096999999967,3.709459459459461
1746064499.3458898,2.3015,2.914125,-196.3402799999999,3.914864864864863
1746064499.3647687,2.2956250000000002,2.706375,-201.87264999999957,1.6689189189189182
1746064499.3834176,2.415,2.43375,-89.45959999999977,-1.2783783783783804
1746064499.402303,2.601,2.228125,85.69288000000017,-3.501351351351353
1746064499.4208524,2.7178750000000003,2.200875,195.75173000000044,-3.7959459459459475
1746064499.4394138,2.735375,2.34,212.2311300000001,-2.291891891891894
1746064499.4579656,2.641625,2.573875,123.9486300000001,0.23648648648648746
1746064499.4763868,2.496375,2.8192500000000003,-12.830389999999788,2.8891891891891914
1746064499.4951181,2.334375,2.919125,-165.3825499999997,3.9689189189189205
1746064499.5137174,2.277875,2.8272500000000003,-218.5874699999999,2.975675675675678
1746064499.5323844,2.34275,2.593875,-157.4959799999997,0.45270270270270385
1746064499.5509424,2.488125,2.349625,-20.599249999999664,-2.1878378378378374
1746064499.5694826,2.64425,2.2051250000000002,126.42054000000019,-3.7499999999999982
1746064499.5879185,2.7325,2.21875,209.52380000000014,-3.6027027027027034
1746064499.6064794,2.7207500000000002,2.43775,198.4590600000004,-1.2351351351351372
1746064499.6255264,2.560625,2.74725,47.67255000000013,2.1108108108108126
1746064499.6446025,2.361625,2.890375,-139.7217699999997,3.658108108108109
1746064499.663137,2.282,2.85725,-214.70303999999976,3.3000000000000003
1746064499.6821194,2.3312500000000003,2.5968750000000003,-168.32529999999954,0.4851351351351375
1746064499.7011392,2.5145,2.20725,4.23756000000016,-3.727027027027026
1746064499.7210164,2.7285,2.227375,205.75708000000012,-3.5094594594594613
1746064499.739667,2.724375,2.390125,201.8726500000004,-1.7500000000000022
1746064499.75831,2.603375,2.6615,87.9293700000004,1.1837837837837855
1746064499.7769086,2.440875,2.86775,-65.09362999999968,3.413513513513513
1746064499.7954655,2.312125,2.915375,-186.33492999999982,3.9283783783783783
1746064499.8138995,2.279,2.806625,-217.52807999999987,2.7527027027027016
1746064499.8324625,2.354,2.564375,-146.9020799999997,0.13378378378378405
1746064499.8510501,2.507875,2.3235,-2.0010699999999364,-2.4702702702702695
1746064499.8695774,2.659875,2.19375,141.1342900000002,-3.8729729729729727
1746064499.8881302,2.7395,2.236,216.11556000000024,-3.4162162162162146
1746064499.90669,2.707625,2.44,186.09951000000035,-1.210810810810812
1746064499.9257722,2.528875,2.781875,17.774210000000394,2.4851351351351334
1746064499.9446843,2.348625,2.919125,-151.96360999999962,3.9689189189189205
1746064499.963381,2.2775,2.848125,-218.94059999999993,3.201351351351351
1746064499.9819582,2.327375,2.6273750000000002,-171.9743099999998,0.814864864864867
1746064500.0005243,2.46775,2.37525,-39.7859799999997,-1.9108108108108128
1746064500.0190828,2.62825,2.209375,111.35366000000018,-3.704054054054054
1746064500.037643,2.7295000000000003,2.205625,206.69876000000045,-3.7445945945945955
1746064500.0560515,2.72975,2.3635,206.9341800000003,-2.0378378378378366
1746064500.0745904,2.62625,2.613125,109.47030000000038,0.6608108108108118
1746064500.0931084,2.4707500000000002,2.8195,-36.96093999999959,2.8918918918918926
1746064500.1116948,2.326625,2.9170000000000003,-172.68056999999985,3.9459459459459483
1746064500.13041,2.279125,2.80625,-217.41036999999972,2.7486486486486474
1746064500.148999,2.354,2.57175,-146.9020799999997,0.21351351351351522
1746064500.1675375,2.503625,2.328,-6.003209999999809,-2.421621621621624
1746064500.1860878,2.6585,2.194625,139.83948000000026,-3.863513513513516
1746064500.2046437,2.739,2.237875,215.64472000000006,-3.3959459459459485
1746064500.223205,2.7091250000000002,2.43325,187.5120300000004,-1.2837837837837829
1746064500.24176,2.579625,2.691125,65.56447000000026,1.5040540540540535
1746064500.260354,2.414125,2.8770000000000002,-90.28356999999993,3.5135135135135154
1746064500.2788095,2.303875,2.883875,-194.1037899999997,3.5878378378378395
1746064500.2979915,2.3045,2.6942500000000003,-193.5152399999998,1.5378378378378401
1746064500.316584,2.427375,2.437875,-77.80630999999974,-1.2337837837837842
1746064500.3353548,2.609625,2.220625,93.81487000000007,-3.5824324324324324
1746064500.3539808,2.723375,2.21525,200.9309700000001,-3.640540540540539
1746064500.372812,2.722125,2.3935,199.75387000000032,-1.7135135135135144
1746064500.391374,2.60675,2.65225,91.1075400000001,1.0837837837837832
1746064500.409935,2.44625,2.863625,-60.032099999999765,3.368918918918917
1746064500.4285474,2.312125,2.91575,-186.33492999999982,3.9324324324324325
1746064500.4471116,2.2815,2.793875,-215.1738799999999,2.614864864864863
1746064500.4656703,2.3635,2.54875,-137.95611999999966,-0.035135135135134866
1746064500.4842193,2.516125,2.328375,5.767790000000358,-2.4175675675675694
1746064500.5026238,2.658,2.19725,139.3686400000001,-3.8351351351351366
1746064500.5211632,2.738,2.24,214.7030400000002,-3.3729729729729714
1746064500.5397766,2.70725,2.440125,185.74638000000033,-1.209459459459459
1746064500.558343,2.576375,2.700875,62.50401000000027,1.609459459459458
1746064500.576922,2.412125,2.90375,-92.16692999999972,3.8027027027027027
1746064500.5958996,2.28675,2.85625,-210.23005999999972,3.2891891891891905
1746064500.614937,2.322375,2.642375,-176.68270999999973,0.9770270270270257
1746064500.633489,2.458375,2.39125,-48.61422999999961,-1.7378378378378396
1746064500.6520302,2.61825,2.2135000000000002,101.93686000000038,-3.659459459459457
1746064500.670599,2.7258750000000003,2.2075,203.28517000000045,-3.7243243243243245
1746064500.68915,2.729375,2.367,206.5810500000003,-2.0000000000000004
1746064500.7076836,2.624625,2.60675,107.94007000000018,0.5918918918918903
1746064500.726113,2.47625,2.828,-31.781699999999947,2.9837837837837817
1746064500.7447464,2.32975,2.91025,-169.7378199999996,3.8729729729729727
1746064500.7633119,2.278625,2.8192500000000003,-217.88120999999987,2.8891891891891914
1746064500.7818532,2.342,2.603375,-158.2022399999997,0.5554054054054073
1746064500.8004024,2.485625,2.27025,-22.953449999999613,-3.045945945945948
1746064500.8196673,2.692875,2.104875,172.2097300000001,-4.833783783783786
1746064500.839332,2.71725,2.8428750000000003,195.16318000000012,3.144594594594597
1746064500.8629947,2.278125,2.84175,-218.35204999999962,3.1324324324324344
1746064500.8820553,2.356,2.58325,-145.01871999999992,0.33783783783783783
1746064500.9006853,2.515375,2.304375,5.061530000000331,-2.6770270270270293
1746064500.919427,2.6786250000000003,2.187,158.79079000000044,-3.9459459459459483
1746064500.9381914,2.74125,2.309125,217.76350000000016,-2.6256756756756774
1746064500.957199,2.65075,2.57425,132.54146000000014,0.24054054054054166
1746064500.9757843,2.49375,2.81325,-15.302299999999882,2.824324324324324
1746064500.994448,2.338375,2.914625,-161.6158299999997,3.92027027027027
1746064501.013161,2.277,2.83,-219.41143999999966,3.005405405405406
1746064501.037728,2.74,2.26275,216.5864000000004,-3.1270270270270273
1746064501.0564811,2.694375,2.48225,173.62225000000015,-0.7540540540540538
1746064501.0750678,2.5525,2.7331250000000002,40.0214000000004,1.9581081081081104
1746064501.0936358,2.391625,2.898375,-111.4713699999999,3.7445945945945955
1746064501.112865,2.276875,2.8515,-219.52914999999982,3.237837837837839
1746064501.1315203,2.33025,2.634625,-169.26697999999985,0.8932432432432451
1746064501.150023,2.465625,2.37875,-41.78704999999963,-1.872972972972972
1746064501.1685898,2.625875,2.210625,109.11717000000037,-3.690540540540543
1746064501.1871462,2.727875,2.212875,205.16853000000023,-3.6662162162162177
1746064501.205696,2.72525,2.376,202.69662000000014,-1.9027027027027044
1746064501.2241013,2.625625,2.606,108.88175000000008,0.5837837837837819
1746064501.2426395,2.465375,2.8501250000000002,-42.02246999999992,3.222972972972975
1746064501.261507,2.3116250000000003,2.893625,-186.80576999999954,3.693243243243244
1746064501.2808793,2.303125,2.6746250000000003,-194.8100499999997,1.325675675675678
1746064501.2996624,2.440875,2.41675,-65.09362999999968,-1.4621621621621632
1746064501.318227,2.603125,2.222625,87.69395000000011,-3.560810810810813
1746064501.337529,2.739125,2.2425,215.76243000000022,-3.3459459459459446
1746064501.3561504,2.704125,2.4455,182.80363000000008,-1.1513513513513518
1746064501.3747635,2.5675,2.704625,54.1466000000001,1.6500000000000001
1746064501.3937175,2.373875,2.908875,-128.18618999999984,3.858108108108109
1746064501.4123282,2.284125,2.88,-212.70196999999982,3.5459459459459444
1746064501.430986,2.30925,2.6742500000000002,-189.04225999999977,1.3216216216216237
1746064501.449562,2.43675,2.4366250000000003,-68.97805999999983,-1.2472972972972949
1746064501.4741302,2.608875,2.6435,93.10861000000004,0.9891891891891883
1746064501.4938374,2.3508750000000003,2.95175,-149.84482999999955,4.321621621621622
1746064501.5130932,2.278,2.834375,-218.46975999999975,3.052702702702703
1746064501.5317101,2.351125,2.582125,-149.60940999999966,0.32567567567567524
1746064501.5503173,2.504,2.333375,-5.650079999999796,-2.363513513513512
1746064501.5688765,2.6586250000000002,2.196625,139.95719000000042,-3.841891891891892
1746064501.5873747,2.737375,2.24175,214.1144900000003,-3.3540540540540533
1746064501.605969,2.70775,2.4365,186.21722000000008,-1.2486486486486479
1746064501.6245391,2.578375,2.694125,64.38737000000006,1.5364864864864871
1746064501.6430845,2.417625,2.883625,-86.98768999999967,3.5851351351351335
1746064501.661646,2.300875,2.907125,-196.92882999999978,3.8391891891891907
1746064501.6801968,2.285875,2.763,-211.0540299999999,2.2810810810810795
1746064501.6991246,2.41,2.465125,-94.16799999999967,-0.9391891891891896
1746064501.7176607,2.56775,2.253375,54.38202000000039,-3.2283783783783777
1746064501.7362094,2.700375,2.191375,179.27233000000038,-3.898648648648651
1746064501.7547626,2.73925,2.3000000000000003,215.88014000000035,-2.724324324324322
1746064501.7732959,2.6673750000000003,2.5335,148.19689000000045,-0.19999999999999957
1746064501.791825,2.519875,2.7720000000000002,9.299090000000072,2.3783783783783807
1746064501.8107333,2.340625,2.916875,-159.49704999999963,3.9445945945945953
1746064501.8292875,2.277625,2.848625,-218.82288999999977,3.206756756756758
1746064501.8478107,2.323,2.6361250000000003,-176.09415999999985,0.9094594594594619
1746064501.8663895,2.463,2.382,-44.258959999999725,-1.837837837837837
1746064501.8849208,2.62075,2.215,104.29106000000033,-3.643243243243245
1746064501.9037218,2.732375,2.2245,209.4060900000004,-3.540540540540542
1746064501.9222434,2.71775,2.52925,195.6340200000003,-0.24594594594594407
1746064501.9423027,2.454875,2.9162500000000002,-51.910109999999875,3.93783783783784
1746064501.9627757,2.276875,2.69675,-219.52914999999982,1.5648648648648666
1746064501.9835901,2.53425,2.227125,22.835740000000307,-3.5121621621621624
1746064502.0038807,2.740625,2.3348750000000003,217.17495000000028,-2.347297297297295
1746064502.0242622,2.5675,2.883625,54.1466000000001,3.5851351351351335
1746064502.046014,2.2800000000000002,2.5725000000000002,-216.58639999999954,0.22162162162162363
1746064502.068113,2.653125,2.233,134.77795000000037,-3.448648648648648
1746064502.0901332,2.610625,2.83975,94.75655000000037,3.1108108108108103
1746064502.1120214,2.277125,2.6586250000000002,-219.29372999999993,1.1527027027027048
1746064502.1340556,2.594125,2.19775,79.21883000000021,-3.8297297297297295
1746064502.156099,2.665375,2.762125,146.31353000000024,2.2716216216216227
1746064502.1780293,2.2895,2.7603750000000002,-207.6404399999999,2.2527027027027047
1746064502.1999502,2.528,2.19725,16.950240000000225,-3.8351351351351366
1746064502.221835,2.713625,2.651625,191.74959000000015,1.077027027027028
1746064502.243752,2.327375,2.8445,-171.9743099999998,3.162162162162162
1746064502.2657657,2.458125,2.225875,-48.8496499999999,-3.525675675675678
1746064502.2877553,2.7363750000000002,2.546125,213.1728100000004,-0.06351351351351432
1746064502.3096256,2.375125,2.89975,-127.00908999999965,3.7594594594594595
1746064502.3316073,2.394375,2.291875,-108.88174999999966,-2.8121621621621617
1746064502.3535318,2.739375,2.42725,215.99785000000008,-1.3486486486486502
1746064502.3752725,2.453625,2.9238750000000002,-53.08720999999964,4.020270270270272
1746064502.3972263,2.32475,2.4125,-174.4462199999999,-1.5081081081081076
1746064502.4191446,2.712375,2.313,190.57249000000039,-2.5837837837837827
1746064502.4410186,2.533875,2.904375,22.482610000000292,3.8094594594594584
1746064502.462911,2.287125,2.540875,-209.87692999999973,-0.12027027027026843
1746064502.4847722,2.65675,2.228375,138.19154000000034,-3.498648648648647
1746064502.5066059,2.620625,2.82775,104.17335000000018,2.9810810810810806
1746064502.5285106,2.27925,2.664375,-217.2926599999996,1.2148648648648661
1746064502.5504694,2.591,2.197625,76.27608000000038,-3.8310810810810825
1746064502.5724344,2.6715,2.750625,152.08132000000018,2.1472972972972957
1746064502.5943768,2.2925,2.7647500000000003,-204.8153999999998,2.3000000000000025
1746064502.6171584,2.5985,2.1982500000000003,83.33868000000022,-3.824324324324322
1746064502.6393735,2.658375,2.775,139.72177000000013,2.4108108108108093
1746064502.6612895,2.287125,2.74975,-209.87692999999973,2.137837837837839
1746064502.6831381,2.53125,2.1978750000000002,20.0107000000002,-3.8283783783783765
1746064502.7049804,2.714625,2.645625,192.69127000000003,1.0121621621621606
1746064502.7268877,2.3295,2.8755,-169.9732399999999,3.4972972972972984
1746064502.7484367,2.42575,2.261,-79.33653999999994,-3.1459459459459453
1746064502.770367,2.740125,2.4915000000000003,216.70411000000013,-0.6540540540540516
1746064502.7923248,2.404,2.9135,-99.81807999999988,3.9081081081081073
1746064502.8142307,2.33925,2.591125,-160.79185999999996,0.42297297297297143
1746064502.8359241,2.509375,2.56275,-0.5885499999998829,0.11621621621621422
1746064502.8578222,2.509625,2.558625,-0.35312999999959516,0.07162162162162274
1746064502.8794174,2.509125,2.55575,-0.8239699999997524,0.040540540540542076
1746064502.901334,2.50925,2.55875,-0.7062599999996085,0.07297297297297094
1746064502.923244,2.50925,2.558625,-0.7062599999996085,0.07162162162162274
1746064502.9454548,2.509125,2.55875,-0.8239699999997524,0.07297297297297094
1746064502.9676511,2.509375,2.5595,-0.5885499999998829,0.08108108108107935
1746064502.9895227,2.509625,2.55875,-0.35312999999959516,0.07297297297297094
1746064503.0114322,2.509625,2.559625,-0.35312999999959516,0.08243243243243235
1746064503.0333405,2.510125,2.558125,0.11771000000014385,0.06621621621621553
1746064503.055249,2.509625,2.55825,-0.35312999999959516,0.06756756756756853
1746064503.087966,2.50925,2.5608750000000002,-0.7062599999996085,0.09594594594594798
1746064503.1100764,2.5095,2.55975,-0.470839999999739,0.08378378378378536
1746064503.1320088,2.50925,2.55425,-0.7062599999996085,0.024324324324325245
1746064503.1536262,2.510125,2.55675,0.11771000000014385,0.051351351351351694
1746064503.1775746,2.5107500000000003,2.56025,0.7062600000004449,0.08918918918918776
1746064503.1991367,2.5103750000000002,2.559375,0.35313000000043154,0.07972972972973115
1746064503.2210624,2.51025,2.558875,0.2354200000002877,0.07432432432432394
1746064503.2430959,2.5111250000000003,2.559125,1.0593900000004584,0.07702702702702514
1746064503.2650301,2.5105,2.560375,0.4708400000001572,0.09054054054054077
1746064503.2869995,2.5103750000000002,2.548625,0.35313000000043154,-0.03648648648648787
1746064503.3082616,2.5103750000000002,2.5492500000000002,0.35313000000043154,-0.029729729729727657
1746064503.3290842,2.5103750000000002,2.56175,0.35313000000043154,0.1054054054054046
1746064503.3510723,2.5105,2.559125,0.4708400000001572,0.07702702702702514
1746064503.3728294,2.510625,2.558125,0.5885500000003011,0.06621621621621553
1746064503.3948066,2.5103750000000002,2.55825,0.35313000000043154,0.06756756756756853
1746064503.4167283,2.510125,2.5545,0.11771000000014385,0.027027027027026453
1746064503.438063,2.5103750000000002,2.56025,0.35313000000043154,0.08918918918918776
1746064503.4600286,2.510625,2.5525,0.5885500000003011,0.005405405405407211
1746064503.4819944,2.5103750000000002,2.5495,0.35313000000043154,-0.027027027027026453
1746064503.5038943,2.51025,2.5540000000000003,0.2354200000002877,0.02162162162162404
1746064503.5258224,2.510875,2.5540000000000003,0.8239700000001706,0.02162162162162404
1746064503.5482132,2.5103750000000002,2.563625,0.35313000000043154,0.12567567567567564
1746064503.5701804,2.5100000000000002,2.560625,4.1818992713160694e-13,0.09324324324324197
1746064503.592129,2.5103750000000002,2.559625,0.35313000000043154,0.08243243243243235
1746064503.613743,2.5103750000000002,2.542625,0.35313000000043154,-0.10135135135135039
1746064503.6358447,2.51025,2.538875,0.2354200000002877,-0.14189189189189247
1746064503.6583652,2.5103750000000002,2.545375,0.35313000000043154,-0.07162162162162274
1746064503.6808062,2.5103750000000002,2.551625,0.35313000000043154,-0.004054054054054208
1746064503.7031083,2.51025,2.5465,0.2354200000002877,-0.059459459459460115
1746064503.7261178,2.5105,2.528625,0.4708400000001572,-0.2527027027027043
1746064503.746353,2.5105,2.5616250000000003,0.4708400000001572,0.10405405405405639
1746064503.765123,2.510125,2.5575,0.11771000000014385,0.059459459459460115
1746064503.783714,2.51025,2.5545,0.2354200000002877,0.027027027027026453
1746064503.8021724,2.5100000000000002,2.555875,4.1818992713160694e-13,0.04189189189189028
1746064503.8208106,2.51025,2.549875,0.2354200000002877,-0.022972972972972242
1746064503.8393872,2.510625,2.551625,0.5885500000003011,-0.004054054054054208
1746064503.8580668,2.510125,2.555125,0.11771000000014385,0.033783783783781864
1746064503.8767178,2.509875,2.554625,-0.11770999999972566,0.028378378378379455
1746064503.8952777,2.510875,2.553,0.8239700000001706,0.01081081081080962
1746064503.9142897,2.5100000000000002,2.555625,4.1818992713160694e-13,0.03918918918918907
1746064503.9328573,2.5100000000000002,2.550125,4.1818992713160694e-13,-0.020270270270271038
1746064503.9516554,2.510625,2.553375,0.5885500000003011,0.014864864864863828
1746064503.9702756,2.51025,2.553875,0.2354200000002877,0.020270270270271038
1746064503.9888177,2.5103750000000002,2.55475,0.35313000000043154,0.029729729729727657
1746064504.0073626,2.509875,2.5528750000000002,-0.11770999999972566,0.009459459459461418
1746064504.025947,2.509375,2.55425,-0.5885499999998829,0.024324324324325245
1746064504.044422,2.50925,2.550125,-0.7062599999996085,-0.020270270270271038
1746064504.0635242,2.5095,2.5535,-0.470839999999739,0.01621621621621683
1746064504.0821304,2.50975,2.553875,-0.2354199999998695,0.020270270270271038
1746064504.1007159,2.509125,2.5555,-0.8239699999997524,0.03783783783783607
1746064504.1192632,2.509125,2.552,-0.8239699999997524,0.0
1746064504.1378503,2.509125,2.551625,-0.8239699999997524,-0.004054054054054208
1746064504.15636,2.509125,2.554875,-0.8239699999997524,0.03108108108108066
1746064504.174932,2.50975,2.55425,-0.2354199999998695,0.024324324324325245
1746064504.1934924,2.509625,2.553375,-0.35312999999959516,0.014864864864863828
1746064504.2120326,2.508875,2.55375,-1.059389999999622,0.018918918918918035
1746064504.2306156,2.5095,2.554625,-0.470839999999739,0.028378378378379455
1746064504.249163,2.50925,2.5536250000000003,-0.7062599999996085,0.017567567567569834
1746064504.2677708,2.509375,2.553125,-0.5885499999998829,0.012162162162162623
1746064504.2863324,2.509625,2.555,-0.35312999999959516,0.03243243243243366
1746064504.3048794,2.509625,2.55175,-0.35312999999959516,-0.002702702702701205
1746064504.3234499,2.509625,2.552,-0.35312999999959516,0.0
1746064504.3420508,2.50975,2.555625,-0.2354199999998695,0.03918918918918907
1746064504.3606155,2.50975,2.5540000000000003,-0.2354199999998695,0.02162162162162404
1746064504.3790708,2.50975,2.5540000000000003,-0.2354199999998695,0.02162162162162404
1746064504.3976605,2.509125,2.5536250000000003,-0.8239699999997524,0.017567567567569834
1746064504.4162073,2.509,2.553125,-0.9416799999998963,0.012162162162162623
1746064504.4347599,2.509375,2.553375,-0.5885499999998829,0.014864864864863828
1746064504.4532974,2.509375,2.553875,-0.5885499999998829,0.020270270270271038
1746064504.471851,2.509,2.55225,-0.9416799999998963,0.002702702702701205
1746064504.4907181,2.509625,2.5535,-0.35312999999959516,0.01621621621621683
1746064504.5092728,2.5103750000000002,2.55375,0.35313000000043154,0.018918918918918035
1746064504.5278215,2.5095,2.5555,-0.470839999999739,0.03783783783783607
1746064504.5464091,2.5095,2.5535,-0.470839999999739,0.01621621621621683
1746064504.5649424,2.5095,2.554625,-0.470839999999739,0.028378378378379455
1746064504.5834956,2.509375,2.55425,-0.5885499999998829,0.024324324324325245
1746064504.6018949,2.5100000000000002,2.5456250000000002,4.1818992713160694e-13,-0.06891891891891673
1746064504.6208572,2.509125,2.55275,-0.8239699999997524,0.008108108108108416
1746064504.6394622,2.509375,2.55425,-0.5885499999998829,0.024324324324325245
1746064504.6580167,2.5085,2.5536250000000003,-1.4125199999996352,0.017567567567569834
1746064504.676556,2.509,2.554625,-0.9416799999998963,0.028378378378379455
1746064504.695113,2.50925,2.554125,-0.7062599999996085,0.022972972972972242
1746064504.7135258,2.5095,2.5545,-0.470839999999739,0.027027027027026453
1746064504.7320714,2.509,2.553375,-0.9416799999998963,0.014864864864863828
1746064504.7506616,2.50925,2.553125,-0.7062599999996085,0.012162162162162623
1746064504.7692387,2.509375,2.5545,-0.5885499999998829,0.027027027027026453
1746064504.787777,2.509625,2.547125,-0.35312999999959516,-0.0527027027027047
1746064504.8065627,2.509,2.55275,-0.9416799999998963,0.008108108108108416
1746064504.824983,2.50975,2.556125,-0.2354199999998695,0.04459459459459628
1746064504.843577,2.509375,2.5535,-0.5885499999998829,0.01621621621621683
1746064504.862122,2.50875,2.5536250000000003,-1.1770999999997658,0.017567567567569834
1746064504.8806806,2.50925,2.554625,-0.7062599999996085,0.028378378378379455
1746064504.8992083,2.509375,2.553375,-0.5885499999998829,0.014864864864863828
1746064504.917814,2.509125,2.551125,-0.8239699999997524,-0.009459459459461418
1746064504.9367762,2.508875,2.555625,-1.059389999999622,0.03918918918918907
1746064504.9555473,2.509,2.553,-0.9416799999998963,0.01081081081080962
1746064504.974118,2.509375,2.55375,-0.5885499999998829,0.018918918918918035
1746064504.9927227,2.509,2.554125,-0.9416799999998963,0.022972972972972242
1746064505.0112612,2.509125,2.554125,-0.8239699999997524,0.022972972972972242
1746064505.029813,2.508875,2.553,-1.059389999999622,0.01081081081080962
