2025-05-29T11:26:39.385247,2.533125,2.50875,25.23462500000005,0.19030013049151884,0
2025-05-29T11:26:39.411366,2.5310625,2.5085625,23.663412499999993,0.18622227055241472,0
2025-05-29T11:26:39.434213,2.5404375,2.508375,30.805287499999924,0.1821444106133106,0
2025-05-29T11:26:39.455444,2.5134375,2.5089375,10.236687500000162,0.19437799043062293,0
2025-05-29T11:26:39.477184,2.5239375,2.5089375,18.235587500000126,0.19437799043062293,0
2025-05-29T11:26:39.498971,2.5284375,2.50875,21.663687499999916,0.19030013049151884,0
2025-05-29T11:26:39.519925,2.554875,2.508375,41.803775,0.1821444106133106,0
2025-05-29T11:26:39.540958,2.556,2.5095,42.66080000000004,0.20661157024793528,0
2025-05-29T11:26:39.561673,2.5543125,2.509125,41.375262499999984,0.19845585036972704,0
2025-05-29T11:26:39.582942,2.5383750000000003,2.509125,29.234075000000203,0.19845585036972704,0
2025-05-29T11:26:39.605117,2.5380000000000003,2.509125,28.948400000000195,0.19845585036972704,0
2025-05-29T11:26:39.626853,2.5453125,2.509125,34.51906250000007,0.19845585036972704,0
2025-05-29T11:26:39.647553,2.5449375,2.509125,34.233387500000056,0.19845585036972704,0
2025-05-29T11:26:39.668455,2.5496250000000003,2.509125,37.80432500000019,0.19845585036972704,0
2025-05-29T11:26:39.691762,2.5500000000000003,2.5089375,38.0900000000002,0.19437799043062293,0
2025-05-29T11:26:39.715589,2.5496250000000003,2.5095,37.80432500000019,0.20661157024793528,0
2025-05-29T11:26:39.738928,2.5488750000000002,2.5100625,37.23297500000017,0.2188451500652476,0
2025-05-29T11:26:39.762713,2.546625,2.5093125,35.5189250000001,0.20253371030883116,0
2025-05-29T11:26:39.787215,2.548125,2.5096875,36.66162500000015,0.2106894301870394,0
2025-05-29T11:26:39.811067,2.5490625000000002,2.5095,37.37581250000017,0.20661157024793528,0
2025-05-29T11:26:39.834939,2.544,2.509125,33.519200000000026,0.19845585036972704,0
2025-05-29T11:26:39.858345,2.551875,2.5095,39.518374999999914,0.20661157024793528,0
2025-05-29T11:26:39.881652,2.5501875000000003,2.5095,38.23283750000021,0.20661157024793528,0
2025-05-29T11:26:39.904907,2.548125,2.50875,36.66162500000015,0.19030013049151884,0
2025-05-29T11:26:39.928178,2.5492500000000002,2.5095,37.51865000000018,0.20661157024793528,0
2025-05-29T11:26:39.951443,2.5483125,2.5096875,36.80446250000015,0.2106894301870394,0
2025-05-29T11:26:39.974742,2.5492500000000002,2.5095,37.51865000000018,0.20661157024793528,0
2025-05-29T11:26:39.998649,2.5374375000000002,2.5093125,28.519887500000177,0.20253371030883116,0
2025-05-29T11:26:40.022175,2.5411875,2.5096875,31.376637499999948,0.2106894301870394,0
2025-05-29T11:26:40.046187,2.5456875,2.509125,34.80473750000008,0.19845585036972704,0
2025-05-29T11:26:40.069631,2.547375,2.5093125,36.090275000000126,0.20253371030883116,0
2025-05-29T11:26:40.092618,2.5460625,2.5095,35.090412500000085,0.20661157024793528,0
2025-05-29T11:26:40.115706,2.55075,2.5089375,38.661349999999885,0.19437799043062293,0
2025-05-29T11:26:40.139322,2.5496250000000003,2.5089375,37.80432500000019,0.19437799043062293,0
2025-05-29T11:26:40.162383,2.5509375,2.5095,38.80418749999989,0.20661157024793528,0
2025-05-29T11:26:40.185439,2.5486875,2.509125,37.09013750000016,0.19845585036972704,0
2025-05-29T11:26:40.208568,2.5483125,2.508375,36.80446250000015,0.1821444106133106,0
2025-05-29T11:26:40.232775,2.5366875,2.509125,27.948537500000157,0.19845585036972704,0
2025-05-29T11:26:40.256041,2.5464375,2.50875,35.3760875000001,0.19030013049151884,0
2025-05-29T11:26:40.279248,2.5501875000000003,2.509125,38.23283750000021,0.19845585036972704,0
2025-05-29T11:26:40.303032,2.54475,2.5095,34.09055000000005,0.20661157024793528,0
2025-05-29T11:26:40.326376,2.5543125,2.5093125,41.375262499999984,0.20253371030883116,0
2025-05-29T11:26:40.349723,2.551125,2.5095,38.9470249999999,0.20661157024793528,0
2025-05-29T11:26:40.373012,2.550375,2.5093125,38.37567499999987,0.20253371030883116,0
2025-05-29T11:26:40.396493,2.5505625,2.50875,38.51851249999988,0.19030013049151884,0
2025-05-29T11:26:40.419764,2.5486875,2.509125,37.09013750000016,0.19845585036972704,0
2025-05-29T11:26:40.443297,2.5325625,2.5089375,24.806112500000037,0.19437799043062293,0
2025-05-29T11:26:40.466576,2.5496250000000003,2.50875,37.80432500000019,0.19030013049151884,0
2025-05-29T11:26:40.489683,2.5500000000000003,2.5089375,38.0900000000002,0.19437799043062293,0
2025-05-29T11:26:40.513288,2.5425,2.5089375,32.376499999999986,0.19437799043062293,0
2025-05-29T11:26:40.536599,2.5455,2.5093125,34.661900000000074,0.20253371030883116,0
2025-05-29T11:26:40.559693,2.5501875000000003,2.5089375,38.23283750000021,0.19437799043062293,0
2025-05-29T11:26:40.583150,2.5380000000000003,2.509125,28.948400000000195,0.19845585036972704,0
2025-05-29T11:26:40.606220,2.5494375000000002,2.509125,37.661487500000185,0.19845585036972704,0
2025-05-29T11:26:40.629705,2.5505625,2.5085625,38.51851249999988,0.18622227055241472,0
2025-05-29T11:26:40.652956,2.53575,2.50875,27.234350000000127,0.19030013049151884,0
2025-05-29T11:26:40.676429,2.54775,2.50875,36.37595000000014,0.19030013049151884,0
2025-05-29T11:26:40.699537,2.550375,2.50875,38.37567499999987,0.19030013049151884,0
2025-05-29T11:26:40.722665,2.5483125,2.50875,36.80446250000015,0.19030013049151884,0
2025-05-29T11:26:40.745679,2.5492500000000002,2.5089375,37.51865000000018,0.19437799043062293,0
2025-05-29T11:26:40.768944,2.5490625000000002,2.509125,37.37581250000017,0.19845585036972704,0
2025-05-29T11:26:40.792021,2.5494375000000002,2.50875,37.661487500000185,0.19030013049151884,0
2025-05-29T11:26:40.815350,2.54475,2.509125,34.09055000000005,0.19845585036972704,0
2025-05-29T11:26:40.838483,2.54625,2.509125,35.23325000000009,0.19845585036972704,0
2025-05-29T11:26:40.862397,2.5408125,2.5093125,31.090962499999936,0.20253371030883116,0
2025-05-29T11:26:40.885462,2.5498125000000003,2.508375,37.947162500000196,0.1821444106133106,0
2025-05-29T11:26:40.908574,2.5500000000000003,2.5089375,38.0900000000002,0.19437799043062293,0
2025-05-29T11:26:40.931845,2.547375,2.50875,36.090275000000126,0.19030013049151884,0
2025-05-29T11:26:40.955062,2.548125,2.509125,36.66162500000015,0.19845585036972704,0
2025-05-29T11:26:40.978176,2.5483125,2.5095,36.80446250000015,0.20661157024793528,0
2025-05-29T11:26:41.001211,2.5479375,2.5093125,36.518787500000144,0.20253371030883116,0
2025-05-29T11:26:41.024613,2.544375,2.5093125,33.80487500000004,0.20253371030883116,0
2025-05-29T11:26:41.048524,2.542125,2.50875,32.090824999999974,0.19030013049151884,0
2025-05-29T11:26:41.072648,2.5325625,2.5093125,24.806112500000037,0.20253371030883116,0
2025-05-29T11:26:41.095773,2.5573125,2.508375,43.66066250000007,0.1821444106133106,0
2025-05-29T11:26:41.118938,2.5531875,2.50875,40.518237499999955,0.19030013049151884,0
2025-05-29T11:26:41.142857,2.546625,2.50875,35.5189250000001,0.19030013049151884,0
2025-05-29T11:26:41.166027,2.5490625000000002,2.50875,37.37581250000017,0.19030013049151884,0
2025-05-29T11:26:41.189177,2.54775,2.509125,36.37595000000014,0.19845585036972704,0
2025-05-29T11:26:41.212310,2.5486875,2.5085625,37.09013750000016,0.18622227055241472,0
2025-05-29T11:26:41.235426,2.5492500000000002,2.5089375,37.51865000000018,0.19437799043062293,0
2025-05-29T11:26:41.258986,2.5500000000000003,2.509125,38.0900000000002,0.19845585036972704,0
2025-05-29T11:26:41.283431,2.547,2.5081875,35.804600000000114,0.1780665506742065,0
2025-05-29T11:26:41.306696,2.542125,2.50875,32.090824999999974,0.19030013049151884,0
2025-05-29T11:26:41.329998,2.5500000000000003,2.50875,38.0900000000002,0.19030013049151884,0
2025-05-29T11:26:41.353616,2.548125,2.509125,36.66162500000015,0.19845585036972704,0
2025-05-29T11:26:41.376941,2.5490625000000002,2.5089375,37.37581250000017,0.19437799043062293,0
2025-05-29T11:26:41.400277,2.548125,2.5093125,36.66162500000015,0.20253371030883116,0
2025-05-29T11:26:41.424075,2.548125,2.50875,36.66162500000015,0.19030013049151884,0
2025-05-29T11:26:41.447670,2.5486875,2.5089375,37.09013750000016,0.19437799043062293,0
2025-05-29T11:26:41.471000,2.5488750000000002,2.5085625,37.23297500000017,0.18622227055241472,0
2025-05-29T11:26:41.495558,2.5464375,2.5085625,35.3760875000001,0.18622227055241472,0
2025-05-29T11:26:41.519050,2.160375,2.349375,-258.72632499999986,-3.2758808177468417,0
2025-05-29T11:26:41.545241,2.8974375,2.6775,302.7678875000001,3.860374075685085,0
2025-05-29T11:26:41.568785,2.1871875,2.346,-238.3005625000001,-3.3492822966507156,0
2025-05-29T11:26:41.592494,2.9122500000000002,2.679375,314.0520500000002,3.9011526750761165,0
2025-05-29T11:26:41.615643,2.320125,2.3973750000000003,-137.028775,-2.2319486733362277,0
2025-05-29T11:26:41.638792,2.5400625,2.509875,30.519612499999916,0.2147672901261435,0
2025-05-29T11:26:41.661867,2.794875,2.6195625000000002,224.63577500000017,2.6003153545019626,0
2025-05-29T11:26:41.685858,2.18325,2.3608125,-241.3001499999999,-3.0271313614615005,0
2025-05-29T11:26:41.710364,2.907375,2.682,310.338275,3.9582427142235743,0
2025-05-29T11:26:41.734209,2.193,2.34075,-233.87259999999995,-3.463462374945631,0
2025-05-29T11:26:41.757476,2.80875,2.6349375,235.20574999999988,2.9346998695084805,0
2025-05-29T11:26:41.780924,2.4973125,2.473875,-2.0473374999999647,-0.5681818181818171,0
2025-05-29T11:26:41.804191,2.38125,2.43825,-90.46374999999993,-1.3429752066115697,0
2025-05-29T11:26:41.827480,2.881875,2.6626875,290.91237499999994,3.53822314049587,0
2025-05-29T11:26:41.851497,2.1871875,2.33775,-238.3005625000001,-3.5287081339712874,0
2025-05-29T11:26:41.874848,2.8659375000000002,2.6608125,278.77118750000017,3.4974445411048287,0
2025-05-29T11:26:41.898628,2.406375,2.4365625,-71.32352499999988,-1.3796759460635066,0
2025-05-29T11:26:41.922373,2.53575,2.5231875,27.234350000000127,0.5042953458025259,0
2025-05-29T11:26:41.945724,2.75175,2.5884375,191.78314999999992,1.9233906046106992,0
2025-05-29T11:26:41.968862,2.2063125,2.351625,-223.7311374999999,-3.226946498477602,0
2025-05-29T11:26:41.992197,2.898375,2.6754375,303.48207500000007,3.81551761635494,0
2025-05-29T11:26:42.015897,2.2809375,2.38125,-166.8818125000001,-2.5826446280991715,0
2025-05-29T11:26:42.039277,2.5918125,2.53575,69.94276250000006,0.7775119617224917,0
2025-05-29T11:26:42.063056,2.72025,2.5726875000000002,167.78645000000003,1.580850369725973,0
2025-05-29T11:26:42.086433,2.2441875000000002,2.3806875,-194.87796249999982,-2.594878207916484,0
2025-05-29T11:26:42.109725,2.919,2.6818125,319.1942,3.95416485428447,0
2025-05-29T11:26:42.133974,2.2351875,2.3585625,-201.73416250000008,-3.07606568073075,0
2025-05-29T11:26:42.157465,2.793375,2.632875,223.49307500000012,2.8898434101783352,0
2025-05-29T11:26:42.180616,2.5065,2.485875,4.951699999999962,-0.3071987820791636,0
2025-05-29T11:26:42.203808,2.3326875,2.4166875,-127.45866249999997,-1.8119290996085233,0
2025-05-29T11:26:42.227217,2.9041875,2.673,307.91003749999993,3.7625054371465865,0
2025-05-29T11:26:42.250659,2.1982500000000003,2.339625,-229.87314999999978,-3.487929534580256,0
2025-05-29T11:26:42.274356,2.781,2.623125,214.06580000000008,2.6777946933449313,0
2025-05-29T11:26:42.297464,2.48175,2.47275,-13.902850000000075,-0.5926489778164419,0
2025-05-29T11:26:42.320667,2.3649375,2.4309375,-102.89061250000006,-1.5020117442366203,0
2025-05-29T11:26:42.344528,2.8835625,2.6611875,292.19791250000003,3.505600260983037,0
2025-05-29T11:26:42.367832,2.1800625,2.3368125,-243.72838749999997,-3.5490974336668075,0
2025-05-29T11:26:42.391021,2.8355625,2.6476875,255.63151249999999,3.2119943453675504,0
2025-05-29T11:26:42.414896,2.478,2.463,-16.759599999999846,-0.8046976946498461,0
2025-05-29T11:26:42.438230,2.4654375,2.4778125,-26.329712499999868,-0.4825467594606308,0
2025-05-29T11:26:42.461370,2.82825,2.637,250.0608500000001,2.9795563288386258,0
2025-05-29T11:26:42.484531,2.1793125,2.3368125,-244.2997375,-3.5490974336668075,0
2025-05-29T11:26:42.507779,2.8460625,2.6510625,263.6304124999999,3.2853958242714247,0
2025-05-29T11:26:42.531046,2.4624375,2.4645,-28.615112499999956,-0.7720748151370131,0
2025-05-29T11:26:42.554089,2.4005625,2.4436875000000002,-75.75148750000005,-1.2247172683775505,0
2025-05-29T11:26:42.578183,2.8790625,2.6521875,288.7698124999999,3.3098629839060494,0
2025-05-29T11:26:42.601601,2.1796875,2.3398125,-244.0140625,-3.4838516746411514,0
2025-05-29T11:26:42.624843,2.8813125,2.6660625000000002,290.48386249999993,3.611624619399744,0
2025-05-29T11:26:42.648090,2.40525,2.4326250000000003,-72.18054999999991,-1.4653110047846833,0
2025-05-29T11:26:42.671269,2.4551250000000002,2.4733125,-34.18577499999983,-0.5804153979991296,0
2025-05-29T11:26:42.694445,2.848125,2.646,265.201625,3.1752936059156136,0
2025-05-29T11:26:42.717776,2.178,2.3368125,-245.29960000000003,-3.5490974336668075,0
2025-05-29T11:26:42.741475,2.8209375,2.6536875,244.49018749999988,3.342485863418882,0
2025-05-29T11:26:42.765819,2.382,2.4095625,-89.89239999999991,-1.9668877772944795,0
2025-05-29T11:26:42.789029,2.6145,2.547,87.22610000000003,1.0221835580687288,0
2025-05-29T11:26:42.812229,2.7354375,2.59125,179.35628750000012,1.9845585036972608,0
2025-05-29T11:26:42.835449,2.20725,2.3525625,-223.01694999999987,-3.2065571987820816,0
2025-05-29T11:26:42.858612,2.9013750000000003,2.67675,305.76747500000016,3.8440626359286685,0
2025-05-29T11:26:42.881753,2.3461875,2.4080625,-117.17436249999992,-1.9995106568073029,0
2025-05-29T11:26:42.904914,2.5143750000000002,2.4988125,10.950875000000188,-0.025826446280989495,0
2025-05-29T11:26:42.928065,2.8145625,2.629875,239.63371250000006,2.824597651152679,0
2025-05-29T11:26:42.951438,2.1800625,2.337375,-243.72838749999997,-3.5368638538494954,0
2025-05-29T11:26:42.975388,2.867625,2.6679375,280.05672499999986,3.6524032187907753,0
2025-05-29T11:26:42.999486,2.323875,2.367375,-134.17202499999988,-2.8844062635928664,0
2025-05-29T11:26:43.022741,2.6701875,2.571375,129.64883749999996,1.5523053501522441,0
2025-05-29T11:26:43.045960,2.6778750000000002,2.560125,135.50517500000018,1.307633753806007,0
2025-05-29T11:26:43.069144,2.2359375,2.3668125,-201.16281250000006,-2.8966398434101785,0
2025-05-29T11:26:43.092932,2.91,2.6829375,312.3380000000001,3.978632013919095,0
2025-05-29T11:26:43.116356,2.2335000000000003,2.3565,-203.0196999999998,-3.120922140060895,0
2025-05-29T11:26:43.139502,2.6902500000000003,2.581125,144.9324500000002,1.7643540669856483,0
2025-05-29T11:26:43.162941,2.664375,2.5545,125.22087500000012,1.1852979556328838,0
2025-05-29T11:26:43.186755,2.2674375,2.386125,-177.16611249999983,-2.476620269682474,0
2025-05-29T11:26:43.210386,2.9017500000000003,2.6670000000000003,306.0531500000002,3.6320139190952645,0
2025-05-29T11:26:43.233699,2.1905625,2.34075,-235.7294875,-3.463462374945631,0
2025-05-29T11:26:43.257281,2.813625,2.6379375,238.91952500000002,2.9999456285341464,0
2025-05-29T11:26:43.280585,2.4811875,2.47425,-14.331362500000091,-0.5600260983036089,0
2025-05-29T11:26:43.303932,2.3829375,2.440875,-89.17821249999987,-1.285885167464112,0
2025-05-29T11:26:43.327320,2.8760625,2.6595,286.48441250000013,3.4688995215311,0
2025-05-29T11:26:43.350696,2.182125,2.33775,-242.1571749999999,-3.5287081339712874,0
2025-05-29T11:26:43.374363,2.826,2.6433750000000003,248.34680000000003,3.1182035667681656,0
2025-05-29T11:26:43.398611,2.4106875,2.4163125,-68.03826250000009,-1.8200848194867314,0
2025-05-29T11:26:43.422215,2.5516875,2.5280625,39.37553749999991,0.6103197042192231,0
2025-05-29T11:26:43.445352,2.7388125,2.5914375,181.9273624999999,1.9886363636363649,0
2025-05-29T11:26:43.468597,2.204625,2.3505000000000003,-225.01667499999994,-3.251413658112217,0
2025-05-29T11:26:43.491745,2.8985625,2.6746875,303.6249125000001,3.799206176598523,0
2025-05-29T11:26:43.514858,2.3585625,2.4144375,-107.7470874999999,-1.8608634188777726,0
2025-05-29T11:26:43.538006,2.49975,2.49225,-0.19044999999989443,-0.16855154414963344,0
2025-05-29T11:26:43.561692,2.8235625,2.635125,246.48991249999997,2.9387777294475845,0
2025-05-29T11:26:43.584891,2.188875,2.343,-237.01502500000007,-3.4145280556763815,0
2025-05-29T11:26:43.608567,2.8749375,2.6746875,285.6273875000001,3.799206176598523,0
2025-05-29T11:26:43.631944,2.317875,2.405625,-138.74282500000007,-2.0525228360156564,0
2025-05-29T11:26:43.655188,2.5629375,2.5205625,47.945787499999895,0.44720530665506825,0
2025-05-29T11:26:43.678517,2.7770625,2.6030625,211.06621249999998,2.2414636798608103,0
2025-05-29T11:26:43.701841,2.2033125,2.351625,-226.01653749999997,-3.226946498477602,0
2025-05-29T11:26:43.725739,2.9184375,2.6829375,318.7656875,3.978632013919095,0
2025-05-29T11:26:43.749104,2.2563750000000002,2.3701875,-185.5935249999998,-2.8232383645063046,0
2025-05-29T11:26:43.772569,2.65275,2.5651875,116.36495000000012,1.4177359721618086,0
2025-05-29T11:26:43.795854,2.6835,2.5666875,139.7903,1.4503588516746413,0
2025-05-29T11:26:43.819839,2.2327500000000002,2.368875,-203.5910499999998,-2.8517833840800333,0
2025-05-29T11:26:43.843081,2.9124375000000002,2.6773125,314.19488750000016,3.856296215745981,0
2025-05-29T11:26:43.866417,2.218875,2.3559375,-214.16102499999988,-3.1331557198782076,0
2025-05-29T11:26:43.889849,2.7268125,2.608875,172.7857624999999,2.3678773379730282,0
2025-05-29T11:26:43.913028,2.592,2.524875,70.08560000000006,0.5409960852544629,0
2025-05-29T11:26:43.936187,2.2775625,2.38875,-169.45288749999986,-2.419530230535017,0
2025-05-29T11:26:43.959341,2.9154375,2.682,316.4802874999999,3.9582427142235743,0
2025-05-29T11:26:43.982492,2.2505625,2.368875,-190.02148749999998,-2.8517833840800333,0
2025-05-29T11:26:44.005900,2.6341875,2.5543125,102.22403749999992,1.1812200956937795,0
2025-05-29T11:26:44.029531,2.645625,2.562,110.93712499999991,1.3484123531970384,0
2025-05-29T11:26:44.053187,2.269875,2.403375,-175.30922500000008,-2.1014571552849057,0
2025-05-29T11:26:44.076406,2.9115,2.6765625,313.4807000000001,3.8399847759895644,0
2025-05-29T11:26:44.099580,2.2211250000000002,2.3548125,-212.4469749999998,-3.1576228795128323,0
2025-05-29T11:26:44.123362,2.687625,2.5985625,142.93272500000012,2.1435950413223117,0
2025-05-29T11:26:44.147407,2.559375,2.4586875,45.23187500000013,-0.8984884732492406,0
2025-05-29T11:26:44.170607,2.403375,2.4500625,-73.60892499999997,-1.0860700304480202,0
2025-05-29T11:26:44.193775,2.8741875,2.659125,285.05603750000006,3.4607438016528915,0
2025-05-29T11:26:44.217382,2.187375,2.3394375,-238.1577250000001,-3.49200739451936,0
2025-05-29T11:26:44.241096,2.8381875,2.651625,257.63123750000005,3.297629404088737,0
2025-05-29T11:26:44.265207,2.4166875,2.422875,-63.46746249999992,-1.6773597216180973,0
2025-05-29T11:26:44.288403,2.56875,2.5224375,52.373750000000065,0.4879839060461094,0
2025-05-29T11:26:44.311598,2.7733125,2.6098125,208.20946249999986,2.388266637668549,0
2025-05-29T11:26:44.334773,2.18925,2.344125,-236.72935000000004,-3.390060896041757,0
2025-05-29T11:26:44.357916,2.884875,2.668125,293.19777500000004,3.6564810787298794,0
2025-05-29T11:26:44.381104,2.3926875,2.43,-81.75066249999993,-1.522401043932141,0
2025-05-29T11:26:44.404254,2.456625,2.4729375,-33.04307500000012,-0.5885711178773377,0
2025-05-29T11:26:44.428097,2.84775,2.64675,264.91595,3.1916050456720297,0
2025-05-29T11:26:44.459646,2.2912500000000002,2.5108125,-159.02574999999982,0.23515658982166407,0
2025-05-29T11:26:44.490205,2.1875625,2.3857500000000003,-238.0148875000001,-2.484775989560673,0
2025-05-29T11:26:44.520735,2.36775,2.3465625,-100.74804999999998,-3.3370487168334035,0
2025-05-29T11:26:44.548474,2.7309375,2.5125,175.9281875,0.27185732927360107,0
2025-05-29T11:26:44.575162,2.6615625,2.6145,123.07831250000004,2.4902131361461515,0
2025-05-29T11:26:44.601728,2.254875,2.3475,-186.73622499999985,-3.316659417137883,0
2025-05-29T11:26:44.628729,2.9199375,2.6758125,319.90838750000006,3.823673336233148,0
2025-05-29T11:26:44.658247,2.316375,2.4976875,-139.88552500000011,-0.05029360591561417,0
2025-05-29T11:26:44.687085,2.25075,2.3450625,-189.87864999999996,-3.3696715963462363,0
2025-05-29T11:26:44.717100,2.81625,2.5261875000000003,240.9192500000001,0.5695411048281916,0
2025-05-29T11:26:44.744440,2.8845,2.682375,292.9121,3.9663984341017824,0
2025-05-29T11:26:44.771000,2.1978750000000002,2.3720625,-230.1588249999998,-2.7824597651152634,0
2025-05-29T11:26:44.797373,2.7886875,2.5663125,219.92213749999996,1.4422031317964332,0
2025-05-29T11:26:44.823721,2.4915000000000003,2.5426875,-6.475299999999794,0.9283927794693343,0
2025-05-29T11:26:44.851791,2.429625,2.3863125,-53.611674999999885,-2.47254240974337,0
2025-05-29T11:26:44.881088,2.9158125,2.648625,316.76596249999994,3.232383645063071,0
2025-05-29T11:26:44.909654,2.602875,2.61225,78.37017500000003,2.441278816876902,0
2025-05-29T11:26:44.937917,2.181375,2.3653125,-242.72852499999993,-2.9292627229230117,0
2025-05-29T11:26:44.965992,2.7131250000000002,2.5305,162.35862500000016,0.6633318834275765,0
2025-05-29T11:26:44.995954,2.80275,2.6806875,230.63495000000003,3.929697694649845,0
2025-05-29T11:26:45.024860,2.346,2.524875,-117.31719999999993,0.5409960852544629,0
2025-05-29T11:26:45.052132,2.2595625,2.3401875,-183.16528750000006,-3.4756959547629434,0
2025-05-29T11:26:45.078810,2.9175,2.66325,318.0515,3.550456720313182,0
2025-05-29T11:26:45.106533,2.2719375,2.4748125,-173.73801250000002,-0.5477925184862966,0
2025-05-29T11:26:45.134323,2.454375,2.395125,-34.757124999999846,-2.280882992605477,0
2025-05-29T11:26:45.163427,2.9135625000000003,2.6630625,315.0519125000002,3.546378860374078,0
2025-05-29T11:26:45.192227,2.45025,2.5468125,-37.89954999999997,1.0181056981296248,0
2025-05-29T11:26:45.221177,2.212125,2.3458125,-219.30317500000007,-3.35336015658982,0
2025-05-29T11:26:45.248299,2.7140625000000003,2.5265625000000003,163.0728125000002,0.5776968247063998,0
2025-05-29T11:26:45.274894,2.6454375,2.6030625,110.79428749999991,2.2414636798608103,0
2025-05-29T11:26:45.301469,2.2719375,2.3535,-173.73801250000002,-3.186167899086561,0
2025-05-29T11:26:45.328873,2.91,2.669625,312.3380000000001,3.6891039582427125,0
2025-05-29T11:26:45.356502,2.33175,2.4911250000000003,-128.17285,-0.19301870378424846,0
2025-05-29T11:26:45.383149,2.475375,2.4223125,-18.75932499999992,-1.6895933014354096,0
2025-05-29T11:26:45.409723,2.832,2.6529375,252.91759999999988,3.3261744236624655,0
2025-05-29T11:26:45.436945,2.1965625,2.3593125,-231.15868749999984,-3.0597542409743337,0
2025-05-29T11:26:45.465397,2.8089375,2.5603125,235.3485874999999,1.3117116137451112,0
2025-05-29T11:26:45.494501,2.70975,2.6135625,159.78755000000007,2.469823836450631,0
2025-05-29T11:26:45.524397,2.2426875,2.440125,-196.02066249999987,-1.3021966072205284,0
2025-05-29T11:26:45.553253,2.2674375,2.37975,-177.16611249999983,-2.6152675076120047,0
2025-05-29T11:26:45.582718,2.7688125,2.5305,204.78136250000009,0.6633318834275765,0
2025-05-29T11:26:45.611716,2.7984375,2.593125,227.34968749999993,2.025337103088302,0
2025-05-29T11:26:45.638738,2.2605,2.5048125,-182.45110000000003,0.10466507177033245,0
2025-05-29T11:26:45.666208,2.6090625,2.5100625,83.08381249999988,0.2188451500652476,0
2025-05-29T11:26:45.692827,2.8093125,2.509875,235.6342624999999,0.2147672901261435,0
2025-05-29T11:26:45.719565,2.1795,2.427375,-244.15689999999998,-1.5794910830795985,0
2025-05-29T11:26:45.746613,2.9060625,2.51025,309.3384125,0.22292301000435172,0
2025-05-29T11:26:45.775002,2.4234375,2.4605625,-58.32531250000007,-0.8577098738581995,0
2025-05-29T11:26:45.803300,2.23575,2.5100625,-201.30565000000007,0.2188451500652476,0
2025-05-29T11:26:45.830212,2.856,2.5095,271.2007999999999,0.20661157024793528,0
2025-05-29T11:26:45.858897,2.461125,2.51025,-29.614974999999994,0.22292301000435172,0
2025-05-29T11:26:45.887848,2.2029375,2.51025,-226.3022125,0.22292301000435172,0
2025-05-29T11:26:45.916795,2.7129375000000002,2.5095,162.21578750000015,0.20661157024793528,0
2025-05-29T11:26:45.945845,2.8820625,2.5100625,291.0552125,0.2188451500652476,0
2025-05-29T11:26:45.974822,2.3559375,2.509875,-109.74681249999998,0.2147672901261435,0
2025-05-29T11:26:46.004743,2.2040625,2.5095,-225.44518749999995,0.20661157024793528,0
2025-05-29T11:26:46.033523,2.638125,2.5095,105.22362500000004,0.20661157024793528,0
2025-05-29T11:26:46.060475,2.887125,2.5104375,294.9118250000001,0.22700086994345584,0
2025-05-29T11:26:46.088105,2.1849375,2.51025,-240.01461249999983,0.22292301000435172,0
2025-05-29T11:26:46.114808,2.694,2.509875,147.78919999999997,0.2147672901261435,0
2025-05-29T11:26:46.142242,2.6433750000000003,2.5096875,109.22307500000018,0.2106894301870394,0
2025-05-29T11:26:46.171932,2.198625,2.5100625,-229.58747500000013,0.2188451500652476,0
2025-05-29T11:26:46.201432,2.56425,2.510625,48.94564999999994,0.23107872988255995,0
2025-05-29T11:26:46.231742,2.902125,2.5096875,306.3388249999999,0.2106894301870394,0
2025-05-29T11:26:46.256475,2.7661875,2.5096875,202.78163750000002,0.2106894301870394,0
2025-05-29T11:26:46.279907,2.5179375,2.5100625,13.664787499999953,0.2188451500652476,0
2025-05-29T11:26:46.304196,2.3728125,2.509875,-96.89143749999984,0.2147672901261435,0
2025-05-29T11:26:46.327583,2.8119375,2.509875,237.63398749999996,0.2147672901261435,0
2025-05-29T11:26:46.350992,2.1826875,2.509875,-241.7286624999999,0.2147672901261435,0
2025-05-29T11:26:46.374406,2.890875,2.509875,297.7685749999999,0.2147672901261435,0
2025-05-29T11:26:46.397776,2.35425,2.5100625,-111.03235000000002,0.2188451500652476,0
2025-05-29T11:26:46.421360,2.5303125,2.508375,23.092062499999972,0.1821444106133106,0
2025-05-29T11:26:46.445148,2.7549375,2.51025,194.21138750000003,0.22292301000435172,0
2025-05-29T11:26:46.469008,2.2276875,2.5100625,-207.44766249999995,0.2188451500652476,0
2025-05-29T11:26:46.492890,2.911875,2.509875,313.76637500000015,0.2147672901261435,0
2025-05-29T11:26:46.516251,2.2018125,2.509875,-227.15923750000002,0.2147672901261435,0
2025-05-29T11:26:46.539465,2.7466875,2.5095,187.9265375000001,0.20661157024793528,0
2025-05-29T11:26:46.562799,2.589375,2.5089375,68.08587499999999,0.19437799043062293,0
2025-05-29T11:26:46.586153,2.307,2.5089375,-147.02740000000003,0.19437799043062293,0
2025-05-29T11:26:46.609312,2.9115,2.5085625,313.4807000000001,0.18622227055241472,0
2025-05-29T11:26:46.632566,2.2138125,2.5089375,-218.0176375,0.19437799043062293,0
2025-05-29T11:26:46.656312,2.7001875,2.508375,152.50283750000014,0.1821444106133106,0
2025-05-29T11:26:46.679899,2.5040625,2.5081875,3.0948124999998914,0.1780665506742065,0
2025-05-29T11:26:46.703341,2.353125,2.5093125,-111.88937500000006,0.20253371030883116,0
2025-05-29T11:26:46.726599,2.893875,2.5093125,300.053975,0.20253371030883116,0
2025-05-29T11:26:46.750444,2.19075,2.509125,-235.58665,0.19845585036972704,0
2025-05-29T11:26:46.773782,2.8430625000000003,2.5085625,261.34501250000017,0.18622227055241472,0
2025-05-29T11:26:46.797033,2.4459375,2.5085625,-41.18481250000009,0.18622227055241472,0
2025-05-29T11:26:46.820276,2.4088125000000002,2.5089375,-69.4666374999998,0.19437799043062293,0
2025-05-29T11:26:46.843537,2.8726875,2.5089375,283.9133375,0.19437799043062293,0
2025-05-29T11:26:46.866873,2.1793125,2.5089375,-244.2997375,0.19437799043062293,0
2025-05-29T11:26:46.890835,2.8228125,2.5093125,245.91856249999995,0.20253371030883116,0
2025-05-29T11:26:46.914117,2.3945625,2.5089375,-80.32228749999989,0.19437799043062293,0
2025-05-29T11:26:46.937333,2.4673125000000002,2.50875,-24.901337499999816,0.19030013049151884,0
2025-05-29T11:26:46.960657,2.8318125,2.509875,252.77476249999987,0.2147672901261435,0
2025-05-29T11:26:46.983924,2.1759375,2.5093125,-246.87081250000008,0.20253371030883116,0
2025-05-29T11:26:47.007183,2.86125,2.5089375,275.20025000000004,0.19437799043062293,0
2025-05-29T11:26:47.030433,2.4335625,2.508375,-50.61208750000011,0.1821444106133106,0
2025-05-29T11:26:47.053782,2.4196875,2.5093125,-61.18206249999984,0.20253371030883116,0
2025-05-29T11:26:47.077318,2.8537500000000002,2.5089375,269.48675000000014,0.19437799043062293,0
2025-05-29T11:26:47.101144,2.172375,2.509875,-249.58472499999985,0.2147672901261435,0
2025-05-29T11:26:47.124303,2.88675,2.509875,294.6261500000001,0.2147672901261435,0
2025-05-29T11:26:47.147550,2.374875,2.509875,-95.32022500000011,0.2147672901261435,0
2025-05-29T11:26:47.171214,2.480625,2.5095,-14.759875000000108,0.20661157024793528,0
2025-05-29T11:26:47.196029,2.7241875,2.509125,170.78603750000013,0.19845585036972704,0
2025-05-29T11:26:47.220397,2.3105625,2.5093125,-144.31348749999992,0.20253371030883116,0
2025-05-29T11:26:47.243699,2.863875,2.5096875,277.1999750000001,0.2106894301870394,0
2025-05-29T11:26:47.266969,2.1795,2.5096875,-244.15689999999998,0.2106894301870394,0
2025-05-29T11:26:47.290373,2.8421250000000002,2.5096875,260.6308250000002,0.2106894301870394,0
2025-05-29T11:26:47.314918,2.422125,2.5096875,-59.3251750000001,0.2106894301870394,0
2025-05-29T11:26:47.338675,2.617125,2.5096875,89.2258250000001,0.2106894301870394,0
2025-05-29T11:26:47.362139,2.6758125,2.509875,133.9339625000001,0.2147672901261435,0
2025-05-29T11:26:47.385863,2.250375,2.5096875,-190.164325,0.2106894301870394,0
2025-05-29T11:26:47.409178,2.9161875,2.5095,317.0516374999999,0.20661157024793528,0
2025-05-29T11:26:47.432542,2.2093125000000002,2.5095,-221.4457374999998,0.20661157024793528,0
2025-05-29T11:26:47.456396,2.721375,2.5095,168.64347500000005,0.20661157024793528,0
2025-05-29T11:26:47.479681,2.5260000000000002,2.5096875,19.806800000000184,0.2106894301870394,0
2025-05-29T11:26:47.503122,2.3398125,2.509125,-122.0308375000001,0.19845585036972704,0
2025-05-29T11:26:47.527569,2.8790625,2.5089375,288.7698124999999,0.19437799043062293,0
2025-05-29T11:26:47.551012,2.18175,2.5093125,-242.44284999999994,0.20253371030883116,0
2025-05-29T11:26:47.574343,2.895,2.5085625,300.911,0.18622227055241472,0
2025-05-29T11:26:47.597650,2.3566875,2.509125,-109.17546249999995,0.19845585036972704,0
2025-05-29T11:26:47.621604,2.6030625,2.5093125,78.51301250000004,0.20253371030883116,0
2025-05-29T11:26:47.644956,2.7219375,2.509125,169.0719875000001,0.19845585036972704,0
2025-05-29T11:26:47.668260,2.215125,2.5093125,-217.01777499999997,0.20253371030883116,0
2025-05-29T11:26:47.692039,2.905125,2.509125,308.62422499999997,0.19845585036972704,0
2025-05-29T11:26:47.716102,2.2228125,2.5096875,-211.1614375000001,0.2106894301870394,0
2025-05-29T11:26:47.740105,2.786625,2.5093125,218.3509249999999,0.20253371030883116,0
2025-05-29T11:26:47.764391,2.37075,2.509125,-98.4626499999999,0.19845585036972704,0
2025-05-29T11:26:47.787858,2.552625,2.5093125,40.08972499999994,0.20253371030883116,0
2025-05-29T11:26:47.811246,2.7716250000000002,2.509125,206.92392500000017,0.19845585036972704,0
2025-05-29T11:26:47.834581,2.1946875,2.509125,-232.5870624999999,0.19845585036972704,0
2025-05-29T11:26:47.857888,2.9064375,2.5089375,309.6240875,0.19437799043062293,0
2025-05-29T11:26:47.881728,2.3244375,2.50875,-133.74351249999987,0.19030013049151884,0
2025-05-29T11:26:47.905085,2.6278125,2.5089375,97.36756250000008,0.19437799043062293,0
2025-05-29T11:26:47.928518,2.7046875,2.50875,155.9309374999999,0.19030013049151884,0
2025-05-29T11:26:47.952235,2.23875,2.5093125,-199.02024999999998,0.20253371030883116,0
2025-05-29T11:26:47.975393,2.9130000000000003,2.5093125,314.6234000000002,0.20253371030883116,0
2025-05-29T11:26:47.998825,2.2430625,2.509875,-195.73498749999985,0.2147672901261435,0
2025-05-29T11:26:48.022333,2.67975,2.5089375,136.93354999999988,0.19437799043062293,0
2025-05-29T11:26:48.046330,2.5445625,2.5095,33.947712500000044,0.20661157024793528,0
2025-05-29T11:26:48.069668,2.342625,2.5096875,-119.88827500000002,0.2106894301870394,0
2025-05-29T11:26:48.093038,2.89425,2.5095,300.33964999999995,0.20661157024793528,0
2025-05-29T11:26:48.116388,2.1883125,2.5095,-237.44353750000008,0.20661157024793528,0
2025-05-29T11:26:48.140175,2.7988125,2.5093125,227.63536249999993,0.20253371030883116,0
2025-05-29T11:26:48.164474,2.4418125,2.5095,-44.327237499999875,0.20661157024793528,0
2025-05-29T11:26:48.187676,2.544,2.5095,33.519200000000026,0.20661157024793528,0
2025-05-29T11:26:48.211318,2.7840000000000003,2.5085625,216.35120000000018,0.18622227055241472,0
2025-05-29T11:26:48.235122,2.1973125000000002,2.5093125,-230.58733749999982,0.20253371030883116,0
2025-05-29T11:26:48.258529,2.9242500000000002,2.509125,323.19365000000016,0.19845585036972704,0
2025-05-29T11:26:48.281839,2.2573125,2.5093125,-184.8793375000001,0.20253371030883116,0
2025-05-29T11:26:48.305708,2.645625,2.509125,110.93712499999991,0.19845585036972704,0
2025-05-29T11:26:48.329085,2.6094375,2.509125,83.36948749999988,0.19845585036972704,0
2025-05-29T11:26:48.352400,2.2845,2.5089375,-164.1679,0.19437799043062293,0
2025-05-29T11:26:48.376344,2.9143125,2.5093125,315.6232624999999,0.20253371030883116,0
2025-05-29T11:26:48.399640,2.1770625,2.5093125,-246.01378750000006,0.20253371030883116,0
2025-05-29T11:26:48.423027,2.791125,2.5095,221.77902500000005,0.20661157024793528,0
2025-05-29T11:26:48.446459,2.5216875,2.50875,16.52153750000006,0.19030013049151884,0
2025-05-29T11:26:48.470375,2.433375,2.5095,-50.754925000000114,0.20661157024793528,0
2025-05-29T11:26:48.493684,2.847375,2.5096875,264.630275,0.2106894301870394,0
2025-05-29T11:26:48.517082,2.1755625,2.50875,-247.1564875000001,0.19030013049151884,0
2025-05-29T11:26:48.540406,2.86275,2.5093125,276.3429500000001,0.20253371030883116,0
2025-05-29T11:26:48.563867,2.4215625,2.5095,-59.75368750000012,0.20661157024793528,0
2025-05-29T11:26:48.587846,2.4725625,2.50875,-20.9018875,0.19030013049151884,0
2025-05-29T11:26:48.611851,2.6848125,2.5093125,140.79016250000004,0.20253371030883116,0
2025-05-29T11:26:48.635214,2.240625,2.5093125,-197.59187499999993,0.20253371030883116,0
2025-05-29T11:26:48.658926,2.9195625,2.509125,319.62271250000003,0.19845585036972704,0
2025-05-29T11:26:48.682321,2.22225,2.5089375,-211.5899500000001,0.19437799043062293,0
2025-05-29T11:26:48.705664,2.7099375,2.50875,159.93038750000008,0.19030013049151884,0
2025-05-29T11:26:48.730236,2.60625,2.5085625,80.94125000000012,0.18622227055241472,0
2025-05-29T11:26:48.753916,2.4264375,2.5085625,-56.03991249999998,0.18622227055241472,0
2025-05-29T11:26:48.777974,2.821125,2.5089375,244.6330249999999,0.19437799043062293,0
2025-05-29T11:26:48.801894,2.2091250000000002,2.5081875,-221.58857499999982,0.1780665506742065,0
2025-05-29T11:26:48.825182,2.9169375,2.508375,317.62298749999997,0.1821444106133106,0
2025-05-29T11:26:48.848566,2.249625,2.5089375,-190.735675,0.19437799043062293,0
2025-05-29T11:26:48.871927,2.65725,2.5096875,119.79304999999991,0.2106894301870394,0
2025-05-29T11:26:48.895304,2.6660625000000002,2.5095,126.50641250000017,0.20661157024793528,0
2025-05-29T11:26:48.918696,2.249625,2.5093125,-190.735675,0.20253371030883116,0
2025-05-29T11:26:48.942103,2.9218125,2.5096875,321.3367625000001,0.2106894301870394,0
2025-05-29T11:26:48.965470,2.2321875,2.509875,-204.01956249999984,0.2147672901261435,0
2025-05-29T11:26:48.988980,2.694,2.509125,147.78919999999997,0.19845585036972704,0
2025-05-29T11:26:49.012816,2.5828125,2.5095,63.086562500000134,0.20661157024793528,0
2025-05-29T11:26:49.036558,2.332875,2.5096875,-127.31582499999996,0.2106894301870394,0
2025-05-29T11:26:49.059935,2.88075,2.5096875,290.0553499999999,0.2106894301870394,0
2025-05-29T11:26:49.083498,2.176125,2.5100625,-246.7279750000001,0.2188451500652476,0
2025-05-29T11:26:49.106893,2.8479375,2.509875,265.0587875,0.2147672901261435,0
2025-05-29T11:26:49.130275,2.439375,2.5096875,-46.184124999999945,0.2106894301870394,0
2025-05-29T11:26:49.153590,2.4316875000000002,2.51025,-52.040462499999826,0.22292301000435172,0
2025-05-29T11:26:49.177037,2.841375,2.51025,260.05947500000013,0.22292301000435172,0
2025-05-29T11:26:49.200553,2.1759375,2.5096875,-246.87081250000008,0.2106894301870394,0
2025-05-29T11:26:49.225299,2.885625,2.509875,293.7691250000001,0.2147672901261435,0
2025-05-29T11:26:49.248934,2.2321875,2.5095,-204.01956249999984,0.20661157024793528,0
2025-05-29T11:26:49.272320,2.710125,2.509875,160.0732250000001,0.2147672901261435,0
2025-05-29T11:26:49.296354,2.5888125,2.5096875,67.65736249999996,0.2106894301870394,0
2025-05-29T11:26:49.319716,2.3625000000000003,2.51025,-104.74749999999979,0.22292301000435172,0
2025-05-29T11:26:49.343055,2.890875,2.5096875,297.7685749999999,0.2106894301870394,0
2025-05-29T11:26:49.366519,2.182875,2.5095,-241.5858249999999,0.20661157024793528,0
2025-05-29T11:26:49.389874,2.8190625000000002,2.5096875,243.06181250000017,0.2106894301870394,0
2025-05-29T11:26:49.413642,2.478,2.5096875,-16.759599999999846,0.2106894301870394,0
2025-05-29T11:26:49.437216,2.4525,2.5096875,-36.185499999999905,0.2106894301870394,0
2025-05-29T11:26:49.460868,2.7984375,2.5095,227.34968749999993,0.20661157024793528,0
2025-05-29T11:26:49.484377,2.18775,2.5104375,-237.8720500000001,0.22700086994345584,0
2025-05-29T11:26:49.507991,2.9079375,2.509875,310.7667875,0.2147672901261435,0
2025-05-29T11:26:49.531374,2.2978125,2.5100625,-154.02643749999996,0.2188451500652476,0
2025-05-29T11:26:49.554873,2.5966875000000003,2.5095,73.6565375000002,0.20661157024793528,0
2025-05-29T11:26:49.578241,2.7103125,2.5095,160.21606250000008,0.20661157024793528,0
2025-05-29T11:26:49.601606,2.2239375,2.5095,-210.30441250000007,0.20661157024793528,0
2025-05-29T11:26:49.624880,2.9206875,2.509125,320.47973750000006,0.19845585036972704,0
2025-05-29T11:26:49.648534,2.253,2.5100625,-188.1645999999999,0.2188451500652476,0
2025-05-29T11:26:49.672432,2.6769375,2.509875,134.79098750000014,0.2147672901261435,0
2025-05-29T11:26:49.695887,2.581875,2.51025,62.372375000000105,0.22292301000435172,0
2025-05-29T11:26:49.719291,2.313,2.509875,-142.45659999999987,0.2147672901261435,0
2025-05-29T11:26:49.743272,2.907,2.509875,310.0526,0.2147672901261435,0
2025-05-29T11:26:49.767482,2.172375,2.5096875,-249.58472499999985,0.2106894301870394,0
2025-05-29T11:26:49.791066,2.89725,2.5100625,302.62505000000004,0.2188451500652476,0
2025-05-29T11:26:49.814468,2.324625,2.5096875,-133.60067499999988,0.2106894301870394,0
2025-05-29T11:26:49.837779,2.565375,2.5100625,49.802674999999965,0.2188451500652476,0
2025-05-29T11:26:49.861639,2.721375,2.509875,168.64347500000005,0.2147672901261435,0
2025-05-29T11:26:49.885355,2.2494375,2.509875,-190.8785125,0.2147672901261435,0
2025-05-29T11:26:49.908804,2.92125,2.5095,320.90825000000007,0.20661157024793528,0
2025-05-29T11:26:49.932234,2.2220625,2.51025,-211.73278750000011,0.22292301000435172,0
2025-05-29T11:26:49.955627,2.7121875,2.5095,161.64443750000015,0.20661157024793528,0
2025-05-29T11:26:49.979017,2.6045625,2.5095,79.65571250000008,0.20661157024793528,0
2025-05-29T11:26:50.002438,2.2925625,2.5096875,-158.02588750000012,0.2106894301870394,0
2025-05-29T11:26:50.025793,2.9130000000000003,2.5096875,314.6234000000002,0.2106894301870394,0
2025-05-29T11:26:50.049161,2.200125,2.509875,-228.44477500000008,0.2147672901261435,0
2025-05-29T11:26:50.073172,2.7568125,2.5095,195.63976250000007,0.20661157024793528,0
2025-05-29T11:26:50.096627,2.4703125,2.5093125,-22.615937500000065,0.20253371030883116,0
2025-05-29T11:26:50.120055,2.404875,2.5096875,-72.46622499999992,0.2106894301870394,0
2025-05-29T11:26:50.143529,2.8565625,2.509125,271.6293124999999,0.19845585036972704,0
2025-05-29T11:26:50.166925,2.1744375000000002,2.5089375,-248.0135124999998,0.19437799043062293,0
2025-05-29T11:26:50.190357,2.859,2.5095,273.4862,0.20661157024793528,0
2025-05-29T11:26:50.213821,2.3977500000000003,2.5096875,-77.8940499999998,0.2106894301870394,0
2025-05-29T11:26:50.237252,2.4875625,2.51025,-9.474887499999907,0.22292301000435172,0
2025-05-29T11:26:50.260885,2.8065,2.5096875,233.49170000000015,0.2106894301870394,0
2025-05-29T11:26:50.284981,2.1856875000000002,2.5104375,-239.4432624999998,0.22700086994345584,0
2025-05-29T11:26:50.308376,2.9085,2.5100625,311.19530000000003,0.2188451500652476,0
2025-05-29T11:26:50.332347,2.25225,2.5104375,-188.73594999999992,0.22700086994345584,0
2025-05-29T11:26:50.356043,2.732625,2.5100625,177.21372500000004,0.2188451500652476,0
2025-05-29T11:26:50.379472,2.53875,2.5096875,29.519749999999878,0.2106894301870394,0
2025-05-29T11:26:50.402931,2.349,2.5100625,-115.03179999999985,0.2188451500652476,0
2025-05-29T11:26:50.426347,2.8901250000000003,2.509875,297.1972250000002,0.2147672901261435,0
2025-05-29T11:26:50.449776,2.1751875,2.5093125,-247.4421625000001,0.20253371030883116,0
2025-05-29T11:26:50.473101,2.818125,2.509875,242.34762500000014,0.2147672901261435,0
2025-05-29T11:26:50.497041,2.4583125,2.509875,-31.757537500000073,0.2147672901261435,0
2025-05-29T11:26:50.520748,2.4556875000000002,2.5095,-33.75726249999981,0.20661157024793528,0
2025-05-29T11:26:50.544142,2.7952500000000002,2.5089375,224.92145000000016,0.19437799043062293,0
2025-05-29T11:26:50.567697,2.190375,2.5096875,-235.87232500000002,0.2106894301870394,0
2025-05-29T11:26:50.591110,2.90775,2.5095,310.62395000000004,0.20661157024793528,0
2025-05-29T11:26:50.614526,2.316,2.5093125,-140.1712000000001,0.20253371030883116,0
2025-05-29T11:26:50.637948,2.586375,2.5093125,65.80047499999989,0.20253371030883116,0
2025-05-29T11:26:50.661376,2.726625,2.5096875,172.64292499999988,0.2106894301870394,0
2025-05-29T11:26:50.684755,2.2218750000000003,2.509875,-211.8756249999998,0.2147672901261435,0
2025-05-29T11:26:50.708547,2.90925,2.5096875,311.7666500000001,0.2106894301870394,0
2025-05-29T11:26:50.732624,2.2044375,2.5096875,-225.15951249999995,0.2106894301870394,0
2025-05-29T11:26:50.756239,2.7961875000000003,2.5096875,225.6356375000002,0.2106894301870394,0
2025-05-29T11:26:50.780041,2.4678750000000003,2.509875,-24.472824999999798,0.2147672901261435,0
2025-05-29T11:26:50.804470,2.443125,2.5100625,-43.32737499999983,0.2188451500652476,0
2025-05-29T11:26:50.828732,2.6660625000000002,2.5095,126.50641250000017,0.20661157024793528,0
2025-05-29T11:26:50.852330,2.2951875,2.5095,-156.02616250000003,0.20661157024793528,0
2025-05-29T11:26:50.875939,2.908875,2.5096875,311.48097500000006,0.2106894301870394,0
2025-05-29T11:26:50.901225,2.1855,2.5100625,-239.58609999999982,0.2188451500652476,0
2025-05-29T11:26:50.925494,2.9154375,2.509875,316.4802874999999,0.2147672901261435,0
2025-05-29T11:26:50.949284,2.1958125,2.51025,-231.73003749999987,0.22292301000435172,0
2025-05-29T11:26:50.972744,2.7793125,2.51025,212.78026250000005,0.22292301000435172,0
2025-05-29T11:26:50.996250,2.5235625,2.5096875,17.949912500000114,0.2106894301870394,0
2025-05-29T11:26:51.019668,2.3690625,2.51025,-99.74818749999994,0.22292301000435172,0
2025-05-29T11:26:51.043755,2.87925,2.5095,288.91264999999987,0.20661157024793528,0
2025-05-29T11:26:51.067231,2.18025,2.5104375,-243.58554999999996,0.22700086994345584,0
2025-05-29T11:26:51.090744,2.8876875,2.5093125,295.34033750000015,0.20253371030883116,0
2025-05-29T11:26:51.114387,2.3488125,2.509875,-115.17463749999985,0.2147672901261435,0
2025-05-29T11:26:51.138582,2.5771875,2.5100625,58.80143749999997,0.2188451500652476,0
2025-05-29T11:26:51.162132,2.633625,2.509875,101.7955249999999,0.2147672901261435,0
2025-05-29T11:26:51.186123,2.2876875,2.509125,-161.73966249999992,0.19845585036972704,0
2025-05-29T11:26:51.209658,2.8903125,2.5093125,297.3400624999999,0.20253371030883116,0
2025-05-29T11:26:51.233065,2.18025,2.509875,-243.58554999999996,0.2147672901261435,0
2025-05-29T11:26:51.261510,2.848125,2.5093125,265.201625,0.20253371030883116,0
2025-05-29T11:26:51.291658,2.351625,2.5095,-113.0320750000001,0.20661157024793528,0
2025-05-29T11:26:51.323061,2.187375,2.5096875,-238.1577250000001,0.2106894301870394,0
2025-05-29T11:26:51.352610,2.2588125,2.5095,-183.73663750000009,0.20661157024793528,0
2025-05-29T11:26:51.380838,2.8068750000000002,2.509125,233.77737500000015,0.19845585036972704,0
2025-05-29T11:26:51.407984,2.6698125,2.5093125,129.36316249999993,0.20253371030883116,0
2025-05-29T11:26:51.435714,2.2209375000000002,2.5089375,-212.58981249999982,0.19437799043062293,0
2025-05-29T11:26:51.463336,2.8505625,2.5095,267.05851250000006,0.20661157024793528,0
2025-05-29T11:26:51.490294,2.543625,2.5095,33.233525000000014,0.20661157024793528,0
2025-05-29T11:26:51.517326,2.3090625,2.509125,-145.45618749999997,0.19845585036972704,0
2025-05-29T11:26:51.544969,2.914875,2.5995,316.0517749999999,2.1639843410178323,0
2025-05-29T11:26:51.572809,2.34,2.4680625000000003,-121.8880000000001,-0.6945954762940351,0
2025-05-29T11:26:51.599945,2.374875,2.392875,-95.32022500000011,-2.3298173118747263,0
2025-05-29T11:26:51.626853,2.9246250000000003,2.6578125,323.4793250000002,3.432198782079163,0
2025-05-29T11:26:51.653759,2.1684375,2.3745,-252.58431249999998,-2.72944758590692,0
2025-05-29T11:26:51.680677,2.7165,2.4620625,164.9296999999999,-0.8250869943453666,0
2025-05-29T11:26:51.708401,2.588625,2.5783125,67.51452499999996,1.7031861678990867,0
2025-05-29T11:26:51.735269,2.1855,2.3694375,-239.58609999999982,-2.839549804262721,0
2025-05-29T11:26:51.764137,2.8711875,2.4909375000000002,282.77063749999996,-0.19709656372335257,0
2025-05-29T11:26:51.792201,2.6829375,2.49825,139.36178749999996,-0.038060026098301836,0
2025-05-29T11:26:51.819411,2.17725,2.367,-245.87095000000005,-2.8925619834710745,0
2025-05-29T11:26:51.847254,2.83575,2.5966875000000003,255.77434999999997,2.1028164419312803,0
2025-05-29T11:26:51.874178,2.6338125,2.509125,101.93836249999991,0.19845585036972704,0
2025-05-29T11:26:51.901104,2.2531875,2.50875,-188.0217624999999,0.19030013049151884,0
2025-05-29T11:26:51.928089,2.9229375,2.50875,322.1937875000001,0.19030013049151884,0
2025-05-29T11:26:51.955020,2.3032500000000002,2.5089375,-149.8841499999998,0.19437799043062293,0
2025-05-29T11:26:51.983542,2.5543125,2.5095,41.375262499999984,0.20661157024793528,0
2025-05-29T11:26:52.011556,2.908875,2.5089375,311.48097500000006,0.19437799043062293,0
2025-05-29T11:26:52.038988,2.3469375,2.5095,-116.6030124999999,0.20661157024793528,0
2025-05-29T11:26:52.065867,2.4680625000000003,2.5089375,-24.329987499999792,0.19437799043062293,0
2025-05-29T11:26:52.092835,2.8603125,2.5095,274.4860625,0.20661157024793528,0
2025-05-29T11:26:52.119889,2.1826875,2.5089375,-241.7286624999999,0.19437799043062293,0
2025-05-29T11:26:52.147303,2.787,2.5093125,218.63659999999993,0.20253371030883116,0
2025-05-29T11:26:52.176547,2.6611875,2.509125,122.79263750000003,0.19845585036972704,0
2025-05-29T11:26:52.206210,2.1965625,2.5096875,-231.15868749999984,0.2106894301870394,0
2025-05-29T11:26:52.236136,2.3439375,2.5093125,-118.88841249999999,0.20253371030883116,0
2025-05-29T11:26:52.263889,2.7995625,2.5093125,228.20671249999995,0.20253371030883116,0
2025-05-29T11:26:52.290840,2.63025,2.5093125,99.22445000000015,0.20253371030883116,0
2025-05-29T11:26:52.317934,2.24625,2.5089375,-193.3067500000001,0.19437799043062293,0
2025-05-29T11:26:52.345749,2.91,2.509125,312.3380000000001,0.19845585036972704,0
2025-05-29T11:26:52.375593,2.4725625,2.5095,-20.9018875,0.20661157024793528,0
2025-05-29T11:26:52.404846,2.1778125,2.509125,-245.44243750000004,0.19845585036972704,0
2025-05-29T11:26:52.433937,2.5288125,2.509125,21.94936249999993,0.19845585036972704,0
2025-05-29T11:26:52.462686,2.9006250000000002,2.509125,305.19612500000017,0.19845585036972704,0
2025-05-29T11:26:52.489714,2.486625,2.50875,-10.189074999999935,0.19030013049151884,0
2025-05-29T11:26:52.517502,2.3593125,2.5093125,-107.17573749999988,0.20253371030883116,0
2025-05-29T11:26:52.544502,2.9251875000000003,2.509125,323.9078375000002,0.19845585036972704,0
2025-05-29T11:26:52.571451,2.2845,2.509125,-164.1679,0.19845585036972704,0
2025-05-29T11:26:52.598351,2.5783125,2.5089375,59.6584625,0.19437799043062293,0
2025-05-29T11:26:52.625204,2.7770625,2.5089375,211.06621249999998,0.19437799043062293,0
2025-05-29T11:26:52.653044,2.1860625000000002,2.5089375,-239.1575874999998,0.19437799043062293,0
2025-05-29T11:26:52.681647,2.694375,2.5095,148.07487499999996,0.20661157024793528,0
2025-05-29T11:26:52.708670,2.785125,2.5093125,217.20822499999989,0.20253371030883116,0
2025-05-29T11:26:52.735921,2.1819375,2.5093125,-242.30001249999992,0.20253371030883116,0
2025-05-29T11:26:52.763017,2.8205625,2.509125,244.20451249999988,0.19845585036972704,0
2025-05-29T11:26:52.791023,2.5374375000000002,2.5089375,28.519887500000177,0.19437799043062293,0
2025-05-29T11:26:52.817892,2.2265625,2.509125,-208.3046875,0.19845585036972704,0
2025-05-29T11:26:52.845210,2.9191875,2.50875,319.3370375,0.19030013049151884,0
2025-05-29T11:26:52.874141,2.3623125000000003,2.5085625,-104.8903374999998,0.18622227055241472,0
2025-05-29T11:26:52.901775,2.2261875,2.50875,-208.5903625,0.19030013049151884,0
2025-05-29T11:26:52.928816,2.8955625,2.508375,301.3395125,0.1821444106133106,0
2025-05-29T11:26:52.956886,2.4090000000000003,2.50875,-69.3237999999998,0.19030013049151884,0
2025-05-29T11:26:52.986291,2.27025,2.5085625,-175.02355000000009,0.18622227055241472,0
2025-05-29T11:26:53.014592,2.782125,2.50875,214.92282500000013,0.19030013049151884,0
2025-05-29T11:26:53.043881,2.757375,2.50875,196.06827500000009,0.19030013049151884,0
2025-05-29T11:26:53.070832,2.2464375,2.5093125,-193.1639125000001,0.20253371030883116,0
2025-05-29T11:26:53.098288,2.6420625,2.50875,108.22321250000014,0.19030013049151884,0
2025-05-29T11:26:53.126394,2.802375,2.509125,230.34927500000003,0.19845585036972704,0
2025-05-29T11:26:53.154117,2.191125,2.5093125,-235.300975,0.20253371030883116,0
2025-05-29T11:26:53.182994,2.6034375,2.5096875,78.79868750000004,0.2106894301870394,0
2025-05-29T11:26:53.212377,2.9049375,2.5093125,308.4813874999999,0.20253371030883116,0
2025-05-29T11:26:53.241677,2.46075,2.5093125,-29.900650000000002,0.20253371030883116,0
2025-05-29T11:26:53.269193,2.1785625,2.5089375,-244.87108750000002,0.19437799043062293,0
2025-05-29T11:26:53.296220,2.8291875,2.5095,250.77503750000014,0.20661157024793528,0
2025-05-29T11:26:53.324145,2.5029375000000003,2.509875,2.237787500000197,0.2147672901261435,0
2025-05-29T11:26:53.353381,2.181,2.5100625,-243.01419999999996,0.2188451500652476,0
2025-05-29T11:26:53.382132,2.6596875,2.51025,121.64993749999998,0.22292301000435172,0
2025-05-29T11:26:53.410525,2.85825,2.51025,272.91484999999994,0.22292301000435172,0
2025-05-29T11:26:53.439910,2.25375,2.51025,-187.59324999999987,0.22292301000435172,0
2025-05-29T11:26:53.467625,2.3019375,2.5100625,-150.88401249999984,0.2188451500652476,0
2025-05-29T11:26:53.494570,2.9233125,2.509875,322.4794625000001,0.2147672901261435,0
2025-05-29T11:26:53.521461,2.3034375000000002,2.51025,-149.7413124999998,0.22292301000435172,0
2025-05-29T11:26:53.549651,2.5395,2.51025,30.091099999999898,0.22292301000435172,0
2025-05-29T11:26:53.578114,2.91975,2.509875,319.76555,0.2147672901261435,0
2025-05-29T11:26:53.604998,2.3289375,2.509875,-130.3154125000001,0.2147672901261435,0
2025-05-29T11:26:53.632022,2.5171875,2.509875,13.093437499999931,0.2147672901261435,0
2025-05-29T11:26:53.659035,2.8316250000000003,2.5108125,252.6319250000002,0.23515658982166407,0
2025-05-29T11:26:53.685962,2.2096875000000002,2.3593125,-221.1600624999998,-3.0597542409743337,0
2025-05-29T11:26:53.712961,2.7956250000000002,2.586375,225.2071250000002,1.878534145280554,0
2025-05-29T11:26:53.739931,2.53575,2.5580625,27.234350000000127,1.262777294475862,0
2025-05-29T11:26:53.767935,2.3199375,2.3625000000000003,-137.1716125,-2.9904306220095638,0
2025-05-29T11:26:53.795927,2.8970625,2.6321250000000003,302.48221250000006,2.8735319704219284,0
2025-05-29T11:26:53.823066,2.4928125,2.548125,-5.475437500000094,1.0466507177033535,0
2025-05-29T11:26:53.850016,2.3398125,2.37,-122.0308375000001,-2.8273162244454086,0
2025-05-29T11:26:53.878021,2.9158125,2.6806875,316.76596249999994,3.929697694649845,0
2025-05-29T11:26:53.905654,2.3199375,2.48775,-137.1716125,-0.2664201826881225,0
2025-05-29T11:26:53.932642,2.4245625,2.3973750000000003,-57.46828750000003,-2.2319486733362277,0
2025-05-29T11:26:53.960383,2.8846875,2.682,293.05493750000005,3.9582427142235743,0
2025-05-29T11:26:53.988416,2.2471875,2.4193125,-192.59256250000007,-1.7548390604610657,0
2025-05-29T11:26:54.017180,2.424375,2.3930625,-57.61112500000004,-2.3257394519356223,0
2025-05-29T11:26:54.046651,2.9225625,2.6360625,321.90811250000013,2.959167029143105,0
2025-05-29T11:26:54.074147,2.6128125,2.6131875,85.94056249999998,2.461668116572423,0
2025-05-29T11:26:54.101083,2.230875,2.34,-205.01942499999987,-3.4797738147020474,0
2025-05-29T11:26:54.128021,2.9165625,2.6608125,317.33731249999994,3.4974445411048287,0
2025-05-29T11:26:54.156067,2.32125,2.504625,-136.17174999999997,0.10058721183122835,0
2025-05-29T11:26:54.185313,2.361,2.346,-105.89019999999984,-3.3492822966507156,0
2025-05-29T11:26:54.215014,2.8490625,2.5666875,265.9158125,1.4503588516746413,0
2025-05-29T11:26:54.244038,2.8365,2.67975,256.3457,3.9093083949543246,0
2025-05-29T11:26:54.271771,2.27925,2.4675000000000002,-168.16734999999983,-0.7068290561113474,0
2025-05-29T11:26:54.298671,2.5070625,2.434125,5.380212499999978,-1.4326881252718602,0
2025-05-29T11:26:54.325642,2.832375,2.671875,253.20327499999988,3.738038277511962,0
2025-05-29T11:26:54.352585,2.1830625,2.3469375,-241.4429874999999,-3.3288929969551955,0
2025-05-29T11:26:54.381917,2.820375,2.5305,244.06167499999987,0.6633318834275765,0
2025-05-29T11:26:54.410818,2.8485,2.6848125,265.4873,4.019410613310136,0
2025-05-29T11:26:54.440817,2.2831875,2.5147500000000003,-165.16776250000004,0.3207916485428504,0
2025-05-29T11:26:54.470419,2.2089375,2.335875,-221.7314124999998,-3.569486733362328,0
2025-05-29T11:26:54.498464,2.592375,2.44725,70.37127500000007,-1.1472379295345818,0
2025-05-29T11:26:54.525822,2.8438125,2.6731875,261.9163624999999,3.7665832970856905,0
2025-05-29T11:26:54.553039,2.1920625,2.3617500000000002,-234.58678749999996,-3.00674206176598,0
2025-05-29T11:26:54.580347,2.7264375,2.5348125,172.50008749999986,0.7571226620269712,0
2025-05-29T11:26:54.607321,2.6450625,2.607375,110.5086124999999,2.335254458460205,0
2025-05-29T11:26:54.634218,2.2423125,2.3420625,-196.30633749999987,-3.434917355371902,0
2025-05-29T11:26:54.663488,2.914875,2.6090625,316.0517749999999,2.3719551979121323,0
2025-05-29T11:26:54.692700,2.7133125000000002,2.6619375,162.50146250000017,3.5219117007394534,0
2025-05-29T11:26:54.720059,2.202,2.371875,-227.01640000000003,-2.7865376250543674,0
2025-05-29T11:26:54.747046,2.7260625000000003,2.5303125,172.2144125000002,0.6592540234884725,0
2025-05-29T11:26:54.774116,2.6454375,2.6085000000000003,110.79428749999991,2.3597216180948295,0
2025-05-29T11:26:54.801009,2.231625,2.3394375,-204.44807499999985,-3.49200739451936,0
2025-05-29T11:26:54.828056,2.9150625,2.6566875,316.1946124999999,3.407731622444538,0
2025-05-29T11:26:54.855106,2.337,2.4609375,-124.17339999999984,-0.8495541539799913,0
2025-05-29T11:26:54.884751,2.4890625,2.3473125,-8.332187499999865,-3.320737277076987,0
2025-05-29T11:26:54.914605,2.8741875,2.6180625,285.05603750000006,2.5676924749891294,0
2025-05-29T11:26:54.943355,2.7958125000000003,2.6668125000000003,225.34996250000017,3.6279360591561605,0
2025-05-29T11:26:54.971293,2.231625,2.3945625,-204.44807499999985,-2.293116572422789,0
2025-05-29T11:26:54.998248,2.55375,2.454,40.94674999999997,-1.0004349717268337,0
2025-05-29T11:26:55.025142,2.7958125000000003,2.659875,225.34996250000017,3.477055241409308,0
2025-05-29T11:26:55.052110,2.1871875,2.3398125,-238.3005625000001,-3.4838516746411514,0
2025-05-29T11:26:55.079063,2.8516875,2.609625,267.9155375000001,2.3841887777294444,0
2025-05-29T11:26:55.107360,2.46225,2.5845000000000002,-28.757949999999962,1.8377555458895225,0
2025-05-29T11:26:55.134796,2.2183125,2.3353125,-214.5895374999999,-3.5817203131796407,0
2025-05-29T11:26:55.162773,2.8966875,2.6431875000000002,302.19653750000003,3.1141257068290615,0
2025-05-29T11:26:55.192308,2.5494375000000002,2.6285625,37.661487500000185,2.7960526315789505,0
2025-05-29T11:26:55.221667,2.1853125,2.3908125,-239.72893749999983,-2.3746737712048716,0
2025-05-29T11:26:55.251106,2.62125,2.3780625,92.36824999999989,-2.6519682470639414,0
2025-05-29T11:26:55.280592,2.8899375000000003,2.6146875,297.0543875000002,2.4942909960852555,0
2025-05-29T11:26:55.312585,2.7418125,2.6745,184.21276249999997,3.795128316659419,0
2025-05-29T11:26:55.344653,2.7375000000000003,2.6780625000000002,180.92750000000018,3.8726076555023976,0
2025-05-29T11:26:55.374849,2.401875,2.5815,-74.751625,1.7725097868638566,0
2025-05-29T11:26:55.403386,2.1879375,2.3570625,-237.72921250000007,-3.108688560243583,0
2025-05-29T11:26:55.432398,2.5021875000000002,2.510625,1.6664375000001759,0.23107872988255995,0
2025-05-29T11:26:55.461781,2.5561875,2.5104375,42.80363750000004,0.22700086994345584,0
2025-05-29T11:26:55.491173,2.5528125,2.5104375,40.23256249999994,0.22700086994345584,0
2025-05-29T11:26:55.522566,2.553,2.511,40.37539999999995,0.2392344497607682,0
2025-05-29T11:26:55.551736,2.5496250000000003,2.5111875,37.80432500000019,0.2433123096998723,0
2025-05-29T11:26:55.579617,2.553,2.5115625,40.37539999999995,0.2514680295780805,0
2025-05-29T11:26:55.606691,2.552625,2.511,40.08972499999994,0.2392344497607682,0
2025-05-29T11:26:55.633624,2.5515,2.510625,39.23269999999991,0.23107872988255995,0
2025-05-29T11:26:55.660773,2.5520625,2.510625,39.66121249999992,0.23107872988255995,0
2025-05-29T11:26:55.690296,2.551125,2.510625,38.9470249999999,0.23107872988255995,0
2025-05-29T11:26:55.719686,2.5520625,2.5108125,39.66121249999992,0.23515658982166407,0
2025-05-29T11:26:55.749469,2.542875,2.511,32.662175,0.2392344497607682,0
2025-05-29T11:26:55.777103,2.5464375,2.51025,35.3760875000001,0.22292301000435172,0
2025-05-29T11:26:55.804849,2.552625,2.511,40.08972499999994,0.2392344497607682,0
2025-05-29T11:26:55.832941,2.5483125,2.510625,36.80446250000015,0.23107872988255995,0
2025-05-29T11:26:55.860281,2.55225,2.5108125,39.804049999999926,0.23515658982166407,0
2025-05-29T11:26:55.889585,2.551125,2.5104375,38.9470249999999,0.22700086994345584,0
2025-05-29T11:26:55.919312,2.5528125,2.5108125,40.23256249999994,0.23515658982166407,0
2025-05-29T11:26:55.948332,2.55075,2.5104375,38.661349999999885,0.22700086994345584,0
2025-05-29T11:26:55.976018,2.544,2.511,33.519200000000026,0.2392344497607682,0
2025-05-29T11:26:56.004190,2.5430625,2.5108125,32.805012500000004,0.23515658982166407,0
2025-05-29T11:26:56.031318,2.5464375,2.510625,35.3760875000001,0.23107872988255995,0
2025-05-29T11:26:56.058342,2.5492500000000002,2.5108125,37.51865000000018,0.23515658982166407,0
2025-05-29T11:26:56.085369,2.5535625,2.5108125,40.80391249999997,0.23515658982166407,0
2025-05-29T11:26:56.113230,2.5543125,2.510625,41.375262499999984,0.23107872988255995,0
2025-05-29T11:26:56.140199,2.552625,2.511,40.08972499999994,0.2392344497607682,0
2025-05-29T11:26:56.167636,2.5515,2.5104375,39.23269999999991,0.22700086994345584,0
2025-05-29T11:26:56.197132,2.551875,2.5100625,39.518374999999914,0.2188451500652476,0
2025-05-29T11:26:56.228010,2.5378125000000002,2.5104375,28.80556250000019,0.22700086994345584,0
2025-05-29T11:26:56.258970,2.539125,2.5104375,29.805424999999886,0.22700086994345584,0
