1746428537.2306867,2.8831875,2.740125,328.49720999999994,2.33762626262626,0
1746428537.26293,2.763,2.7384375,208.59815999999984,2.320580808080805,0
1746428537.2954073,2.6546250000000002,2.6769375,100.48326000000017,1.6993686868686873,0
1746428537.3263023,2.32425,2.4193125,-229.0988399999999,-0.9029040404040399,0
1746428537.3563902,2.2123125,2.277375,-340.7676900000002,-2.3366161616161616,0
1746428537.3864515,2.5612500000000002,2.3506875000000003,7.33236000000019,-1.5960858585858575,0
1746428537.4185648,2.6994375,2.4579375,145.1882100000001,-0.5127525252525279,0
1746428537.4505994,2.8415625,2.556375,286.97211000000016,0.48156565656565564,0
1746428537.4827914,2.9086875,2.626125,353.93601000000007,1.18611111111111,0
1746428537.5152333,2.9154375,2.709375,360.66980999999987,2.0270202020202013,0
1746428537.547224,2.8569375,2.742375,302.31020999999987,2.360353535353534,0
1746428537.5791965,2.7151875,2.7163125,160.90040999999982,2.097095959595957,0
1746428537.6111956,2.5400625,2.63475,-13.804290000000169,1.2732323232323208,0
1746428537.6430979,2.35125,2.5126875,-202.1636400000002,0.040277777777778107,0
1746428537.6747034,2.2095000000000002,2.3705625,-343.57343999999983,-1.395328282828283,0
1746428537.706716,2.198625,2.2981875,-354.42234000000025,-2.12638888888889,0
1746428537.7386389,2.2798125000000002,2.278125,-273.4296899999998,-2.329040404040404,0
1746428537.7705295,2.451375,2.3240625,-102.27893999999998,-1.8650252525252526,0
1746428537.8024266,2.6458125,2.4206250000000002,91.69190999999985,-0.8896464646464636,0
1746428537.8343666,2.8186875000000002,2.5471875,264.1520100000002,0.3887626262626263,0
1746428537.8662841,2.9105625,2.6551875000000003,355.8065100000001,1.4796717171717182,0
1746428537.8983045,2.9165625,2.7226875,361.7921099999999,2.161489898989899,0
1746428537.9303305,2.8333125,2.7405,278.74190999999985,2.341414141414139,0
1746428537.9624527,2.6941875,2.7080625,139.9508099999999,2.013762626262625,0
1746428537.9944277,2.505,2.62275,-48.782640000000164,1.1520202020201995,0
1746428538.0264144,2.3311875,2.5035,-222.1779900000001,-0.05252525252525571,0
1746428538.058061,2.206875,2.363625,-346.19213999999994,-1.4654040404040432,0
1746428538.0900002,2.2005,2.293875,-352.55184000000014,-2.1699494949494977,0
1746428538.1220193,2.28225,2.277,-270.9980400000002,-2.3404040404040405,0
1746428538.1542742,2.413875,2.309625,-139.68894000000006,-2.010858585858587,0
1746428538.1862571,2.5996875,2.3956875,45.67760999999987,-1.1415404040404036,0
1746428538.2182326,2.775,2.512125,220.56935999999985,0.03459595959595971,0
1746428538.2501385,2.8974375,2.6278125,342.71301000000005,1.203156565656565,0
1746428538.2820892,2.9205,2.712,365.72016,2.053535353535354,0
1746428538.3141236,2.8606875,2.741625,306.05121,2.352777777777776,0
1746428538.3460543,2.704875,2.708625,150.61265999999986,2.0194444444444435,0
1746428538.378089,2.5355625,2.6353125,-18.293489999999895,1.2789141414141392,0
1746428538.4100518,2.35125,2.517,-202.1636400000002,0.08383838383838133,0
1746428538.4429376,2.3000625,2.476125,-253.22828999999993,-0.32904040404040424,0
1746428538.4749181,2.2065,2.3656875,-346.56623999999994,-1.444570707070709,0
1746428538.50694,2.1978750000000002,2.294625,-355.17053999999985,-2.1623737373737395,0
1746428538.538885,2.2850625,2.2786875,-268.19229000000007,-2.3233585858585855,0
1746428538.570789,2.4553125000000002,2.328,-98.35088999999984,-1.8252525252525282,0
1746428538.6026344,2.6619375,2.4328125000000003,107.77821000000002,-0.7665404040404028,0
1746428538.63452,2.8312500000000003,2.5608750000000002,276.6843600000002,0.5270202020202028,0
1746428538.666373,2.91975,2.6746875,364.97196,1.6766414141414137,0
1746428538.6982803,2.9023125,2.7343125,347.5763099999998,2.278914141414141,0
1746428538.7302854,2.7958125000000003,2.7335625,241.3319100000002,2.2713383838383834,0
1746428538.7621765,2.611875,2.6735625,57.83585999999989,1.6652777777777767,0
1746428538.7940893,2.4181875,2.5599375,-135.3867899999999,0.5175505050505055,0
1746428538.8269017,2.35125,2.5149375000000003,-202.1636400000002,0.06300505050505169,0
1746428538.8587856,2.2231875,2.3941875,-329.9187900000002,-1.1566919191919194,0
1746428538.890697,2.193,2.30775,-360.03384,-2.0297979797979817,0
1746428538.92271,2.2546875,2.2771875,-298.4943899999999,-2.338510101010101,0
1746428538.9546845,2.3985,2.3040000000000003,-155.0270400000002,-2.0676767676767662,0
1746428538.9866972,2.579625,2.3859375000000003,25.663259999999998,-1.2400252525252513,0
1746428539.0186038,2.7718125000000002,2.5096875,217.38951000000017,0.009974747474746656,0
1746428539.0505114,2.89125,2.62575,336.54035999999985,1.182323232323231,0
1746428539.0824318,2.9238750000000002,2.710875,369.0870600000002,2.042171717171717,0
1746428539.1144836,2.8618125,2.7421875,307.17351,2.3584595959595944,0
1746428539.146414,2.712,2.7129375000000002,157.72056000000012,2.0630050505050512,0
1746428539.1783392,2.52075,2.625,-33.07044000000001,1.174747474747473,0
1746428539.2111917,2.457,2.5884375,-96.66744000000021,0.8054292929292908,0
1746428539.243461,2.33325,2.516625,-220.12044000000003,0.0800505050505024,0
1746428539.2756898,2.2299375,2.40075,-323.1849899999999,-1.0904040404040425,0
1746428539.3077173,2.19225,2.3156250000000003,-360.78204000000005,-1.950252525252524,0
1746428539.3396862,2.2460625,2.276625,-307.0986900000002,-2.3441919191919194,0
1746428539.3716016,2.39325,2.3041875,-160.26443999999995,-2.065782828282831,0
1746428539.4035852,2.57175,2.37975,17.807160000000145,-1.3025252525252538,0
1746428539.435561,2.7575625,2.498625,203.17371000000009,-0.10176767676767733,0
1746428539.4674804,2.8854375,2.6146875,330.74181000000004,1.070580808080807,0
1746428539.4994588,2.92575,2.704125,370.9575599999998,1.9739898989898963,0
1746428539.531483,2.874,2.7414375,319.33176000000003,2.3508838383838366,0
1746428539.563416,2.7324375,2.719125,178.10901,2.125505050505049,0
1746428539.597111,2.7748125,2.7315,220.38230999999985,2.2505050505050495,0
1746428539.6291277,2.60325,2.6666250000000002,49.23156000000001,1.5952020202020212,0
1746428539.6610227,2.4058125,2.5531875,-147.73208999999994,0.44936868686868475,0
1746428539.69292,2.257125,2.4361875,-296.06274000000025,-0.732449494949497,0
1746428539.7249186,2.1935625,2.3341875,-359.47269,-1.7627525252525258,0
1746428539.7568538,2.2254375,2.2800000000000002,-327.6741900000001,-2.310101010101009,0
1746428539.7891726,2.3038125000000003,2.2816875,-249.4872899999998,-2.2930555555555583,0
1746428539.8211825,2.472,2.3285625,-81.70344000000009,-1.81957070707071,0
1746428539.8531437,2.6593125,2.4286875,105.15950999999991,-0.8082070707070711,0
1746428539.8851001,2.8231875,2.5254375000000002,268.6412099999999,0.16906565656565728,0
1746428539.917342,2.904375,2.637375,349.63385999999986,1.2997474747474733,0
1746428539.9492998,2.9203125,2.715375,365.53311,2.0876262626262596,0
1746428539.9823515,2.916,2.7234375,361.23095999999987,2.1690656565656568,0
1746428540.0144768,2.8299375,2.740125,275.37501000000015,2.33762626262626,0
1746428540.0464416,2.668875,2.697375,114.69905999999983,1.90580808080808,0
1746428540.0783505,2.4671250000000002,2.5974375,-86.56673999999983,0.8963383838383807,0
1746428540.1106696,2.3435625,2.51025,-209.83269000000007,0.015656565656565053,0
1746428540.1426296,2.223,2.3930625,-330.1058400000002,-1.168055555555556,0
1746428540.174523,2.195625,2.3038125000000003,-357.4151399999999,-2.0695707070707057,0
1746428540.2064085,2.2670625,2.2775625,-286.1490899999999,-2.334722222222222,0
1746428540.2384145,2.4202500000000002,2.3115,-133.32923999999983,-1.9919191919191923,0
1746428540.2703292,2.6055,2.4039375,51.47616000000009,-1.0582070707070717,0
1746428540.3022678,2.7819375,2.5198125,227.49021000000013,0.11224747474747332,0
1746428540.3342962,2.893125,2.634,338.4108599999999,1.265656565656563,0
1746428540.3671272,2.919375,2.6698125,364.59786,1.6273989898989876,0
1746428540.399015,2.9071875,2.7361875,352.43960999999996,2.297853535353536,0
1746428540.4440272,2.31975,2.5040625,-233.5880400000001,-0.04684343434343731,0
1746428540.4761724,2.2194375,2.391,-333.6597899999999,-1.1888888888888902,0
1746428540.5082395,2.1905625,2.319375,-362.4654900000001,-1.9123737373737393,0
1746428540.5404022,2.241375,2.2771875,-311.77493999999996,-2.338510101010101,0
1746428540.5720425,2.391,2.2835625,-162.50904000000006,-2.274116161616164,0
1746428540.6047678,2.4789375000000002,2.3356875,-74.78258999999983,-1.7476010101010102,0
1746428540.636967,2.625,2.374875,70.92935999999995,-1.3517676767676798,0
1746428540.6697214,2.71125,2.463,156.9723600000001,-0.46161616161616237,0
1746428540.7027426,2.7388125,2.4650625,184.46870999999982,-0.4407828282828282,0
1746428540.7354145,2.8254375,2.5989375,270.88581,0.9114898989898964,0
1746428540.7669148,2.926125,2.698875,371.33165999999983,1.9209595959595958,0
1746428540.798875,2.8770000000000002,2.742,322.3245600000002,2.356565656565655,0
1746428540.8307707,2.7459375,2.728875,191.57661000000007,2.2239898989898967,0
1746428540.862602,2.5543125,2.6450625,0.411509999999927,1.377398989898987,0
1746428540.894559,2.377125,2.5505625,-176.35074000000014,0.4228535353535322,0
1746428540.9269545,2.271375,2.4558750000000003,-281.84694000000013,-0.5335858585858575,0
1746428540.9593787,2.2125,2.379,-340.58064000000013,-1.3101010101010115,0
1746428540.9914258,2.1946875,2.3019375,-358.35038999999995,-2.0885101010101006,0
1746428541.0234787,2.265375,2.277375,-287.83253999999994,-2.3366161616161616,0
1746428541.0554912,2.41125,2.3101875,-142.30764000000016,-2.0051767676767684,0
1746428541.0875676,2.559375,2.337375,5.461860000000119,-1.730555555555555,0
1746428541.1203182,2.6521875,2.4271875,98.05161000000008,-0.8233585858585868,0
1746428541.1531305,2.7251250000000002,2.4474375,170.81406000000018,-0.6188131313131335,0
1746428541.1857116,2.815125,2.5265625000000003,260.59806000000003,0.18042929292929408,0
1746428541.2179406,2.9015625000000003,2.6317500000000003,346.8281100000002,1.2429292929292939,0
1746428541.250059,2.9246250000000003,2.7140625000000003,369.8352600000002,2.074368686868688,0
1746428541.2819967,2.8546875000000003,2.743875,300.0656100000002,2.3755050505050495,0
1746428541.313978,2.7080625,2.7110625,153.79251,2.0440656565656563,0
1746428541.3459163,2.5156875,2.62875,-38.120790000000206,1.2126262626262625,0
1746428541.3779233,2.3431875,2.510625,-210.2067900000001,0.019444444444443983,0
1746428541.4098167,2.22,2.39025,-333.0986399999999,-1.196464646464648,0
1746428541.4417274,2.194875,2.3041875,-358.16333999999995,-2.065782828282831,0
1746428541.4736943,2.2655625,2.278125,-287.64548999999994,-2.329040404040404,0
1746428541.505636,2.4208125000000003,2.3270625000000003,-132.7680899999998,-1.834722222222221,0
1746428541.5372782,2.653875,2.4298125,99.73506000000015,-0.7968434343434343,0
1746428541.5692031,2.81775,2.5033125000000003,263.21676000000014,-0.05441919191919069,0
1746428541.6026177,2.7939375,2.4268125,239.46141000000014,-0.8271464646464658,0
1746428541.6362407,2.763,2.4894375,208.59815999999984,-0.19457070707070667,0
1746428541.6679723,2.9146875,2.733375,359.9216099999998,2.269444444444444,0
1746428541.6972249,2.605125,2.571375,51.10206000000008,0.6330808080808085,0
1746428541.7265348,2.1995625,2.2809375,-353.4870900000002,-2.300631313131316,0
1746428541.7551548,2.5588125,2.515125,4.900710000000097,0.06489898989898667,0
1746428541.7842674,2.9205,2.743125,365.72016,2.3679292929292917,0
1746428541.8131511,2.4946875,2.468625,-59.07039000000011,-0.4047979797979829,0
1746428541.841706,2.213625,2.2970625,-339.45834000000013,-2.1377525252525267,0
1746428541.8702435,2.7729375000000003,2.6469375,218.51181000000022,1.3963383838383816,0
1746428541.898837,2.7963750000000003,2.6638125,241.89306000000022,1.566792929292929,0
1746428541.9274802,2.223,2.321625,-330.1058400000002,-1.8896464646464657,0
1746428541.9567323,2.3619375000000002,2.3955,-191.50178999999983,-1.143434343434343,0
1746428541.9853692,2.8944375,2.727375,339.72020999999995,2.208838383838381,0
1746428542.0141,2.6116875,2.5441875,57.648809999999884,0.35845959595959487,0
1746428542.0426548,2.1875625,2.278875,-365.4582900000002,-2.321464646464646,0
1746428542.0711944,2.6664375000000002,2.5839375,112.26741000000018,0.7599747474747481,0
1746428542.099751,2.8693125,2.709,314.6555099999999,2.0232323232323224,0
1746428542.1283073,2.288625,2.337375,-264.6383399999999,-1.730555555555555,0
1746428542.1567576,2.3754375,2.399625,-178.0341900000002,-1.1017676767676794,0
1746428542.1852758,2.9060625,2.7369375000000002,351.31730999999996,2.305429292929294,0
1746428542.213784,2.5573125,2.5074375,3.4043100000000406,-0.01275252525252693,0
1746428542.2423103,2.1939375,2.2854375,-359.09858999999994,-2.255176767676769,0
1746428542.2708263,2.728125,2.6225625,173.80685999999986,1.15012626262626,0
1746428542.2993412,2.8243125,2.704125,269.76350999999994,1.9739898989898963,0
1746428542.3283017,2.2835625,2.336625,-269.6886900000001,-1.7381313131313127,0
1746428542.3568287,2.3761875,2.3994375,-177.28599000000017,-1.1036616161616188,0
1746428542.3853617,2.9083125,2.7375000000000003,353.56191,2.3111111111111122,0
1746428542.4139037,2.55975,2.5130625,5.835960000000132,0.04406565656565704,0
1746428542.4424586,2.19375,2.2828125,-359.28564,-2.2816919191919216,0
1746428542.4710143,2.712,2.5809375,157.72056000000012,0.7296717171717166,0
1746428542.4999518,2.8723125,2.70975,317.64831,2.03080808080808,0
1746428542.5285065,2.2914375000000002,2.3445,-261.8325899999998,-1.6585858585858597,0
1746428542.557036,2.3617500000000002,2.3908125,-191.68883999999983,-1.1907828282828297,0
1746428542.5855613,2.9015625000000003,2.7346875,346.8281100000002,2.28270202020202,0
1746428542.6140842,2.5730625000000003,2.518875,19.116510000000194,0.10277777777777598,0
1746428542.6426177,2.1894375,2.2783125,-363.58779000000015,-2.3271464646464644,0
1746428542.6715653,2.651625,2.5775625,97.49046000000007,0.6955808080808062,0
1746428542.7000835,2.87475,2.711625,320.0799600000001,2.0497474747474747,0
1746428542.72863,2.296875,2.3475,-256.40814000000006,-1.6282828282828283,0
1746428542.7571707,2.3565,2.3865,-196.92624000000004,-1.2343434343434374,0
1746428542.7857077,2.8995,2.733,344.77056000000016,2.265656565656565,0
1746428542.8142285,2.5809375,2.5209375,26.97261000000005,0.1236111111111101,0
1746428542.8427148,2.1901875,2.2828125,-362.8395900000001,-2.2816919191919216,0
1746428542.871253,2.7046875,2.606625,150.42560999999986,0.9891414141414145,0
1746428542.8998349,2.85075,2.6979375,296.13756000000006,1.9114898989898983,0
1746428542.9284341,2.272875,2.3326875,-280.3505400000001,-1.7779040404040416,0
1746428542.9571562,2.36325,2.3904375,-190.1924400000002,-1.1945707070707086,0
1746428542.985763,2.902875,2.718,348.1374599999998,2.1141414141414123,0
1746428543.0147848,2.6461875,2.566125,92.06600999999986,0.5800505050505034,0
1746428543.0433156,2.1795,2.277375,-373.50144000000006,-2.3366161616161616,0
1746428543.0718908,2.621625,2.5616250000000003,67.56245999999982,0.5345959595959607,0
1746428543.1004403,2.8843125,2.7208125,329.61951,2.142550505050504,0
1746428543.1291819,2.3458125,2.379375,-207.58809,-1.3063131313131326,0
1746428543.1578581,2.2966875,2.346375,-256.59519000000006,-1.639646464646465,0
1746428543.1863275,2.875125,2.7165,320.4540600000001,2.0989898989898963,0
1746428543.214857,2.6475,2.5655625,93.3753599999999,0.574368686868685,0
1746428543.2433887,2.1858750000000002,2.2756875,-367.14173999999986,-2.3536616161616166,0
1746428543.2719038,2.6364375,2.566125,82.33940999999993,0.5800505050505034,0
1746428543.3004289,2.8820625,2.7159375,327.37490999999994,2.093308080808078,0
1746428543.3289902,2.3090625,2.3548125,-244.24989000000005,-1.5544191919191936,0
1746428543.3579483,2.2903125,2.340375,-262.95488999999986,-1.700252525252528,0
1746428543.3866248,2.858625,2.7058125,303.9936599999999,1.9910353535353515,0
1746428543.4151711,2.6805,2.586375,126.29615999999983,0.7845959595959567,0
1746428543.4496589,2.820375,2.683125,265.8354599999998,1.761868686868685,0
1746428543.4783967,2.2528125,2.317875,-300.36488999999995,-1.9275252525252549,0
1746428543.5069847,2.4088125000000002,2.4039375,-144.7392899999998,-1.0582070707070717,0
1746428543.5357893,2.9045625,2.7309375,349.8209099999999,2.2448232323232307,0
1746428543.5645545,2.58825,2.527875,34.26755999999988,0.19368686868686585,0
1746428543.5930834,2.191125,2.2796250000000002,-361.9043400000001,-2.3138888888888878,0
1746428543.6216197,2.6925,2.5996875,138.26735999999983,0.9190656565656543,0
1746428543.6501677,2.8569375,2.711625,302.31020999999987,2.0497474747474747,0
1746428543.6790912,2.3131875,2.3731875000000002,-240.1347899999999,-1.3688131313131304,0
1746428543.7079408,2.30625,2.3563125,-247.05564000000015,-1.5392676767676778,0
1746428543.7364557,2.8781250000000003,2.71725,323.44686000000024,2.1065656565656545,0
1746428543.7650032,2.641125,2.5606875000000002,87.01566000000011,0.5251262626262634,0
1746428543.7936263,2.187,2.27625,-366.01944000000026,-2.3479797979797983,0
1746428543.8223424,2.6064375,2.5449375,52.411410000000124,0.3660353535353527,0
1746428543.8508797,2.895375,2.723625,340.65546,2.170959595959596,0
1746428543.8794696,2.3475,2.4255,-205.90463999999992,-0.840404040404042,0
1746428543.9087799,2.23575,2.31075,-317.38644000000016,-1.99949494949495,0
1746428543.9373567,2.812125,2.6630625,257.60525999999993,1.5592171717171712,0
1746428543.966114,2.7680625,2.6473125,213.64851000000004,1.4001262626262605,0
1746428543.9946866,2.215125,2.293875,-337.9619400000001,-2.1699494949494977,0
1746428544.0232735,2.4871875,2.469375,-66.55238999999996,-0.397222222222225,0
1746428544.0518365,2.9184375,2.74125,363.66261,2.348989898989897,0
1746428544.0802736,2.434125,2.4301875,-119.4875400000002,-0.7930555555555554,0
1746428544.108838,2.2385625,2.313,-314.58069000000006,-1.9767676767676765,0
1746428544.1373885,2.8192500000000003,2.6790000000000003,264.7131600000002,1.7202020202020214,0
1746428544.1659195,2.7363750000000002,2.625375,182.03706000000017,1.178535353535352,0
1746428544.1944702,2.2029375,2.2846875,-350.1201900000001,-2.2627525252525267,0
1746428544.2229924,2.5359375,2.503875,-17.919389999999883,-0.04873737373737678,0
1746428544.2519262,2.9203125,2.74125,365.53311,2.348989898989897,0
1746428544.280443,2.4440625000000002,2.437125,-109.5738899999998,-0.7229797979797996,0
1746428544.3089783,2.2333125000000003,2.3083125,-319.8180899999998,-2.0241161616161634,0
1746428544.33757,2.8059375,2.671875,251.43261000000015,1.6482323232323217,0
1746428544.3660986,2.752125,2.634,197.74925999999988,1.265656565656563,0
1746428544.394644,2.206125,2.2873125,-346.94033999999994,-2.2362373737373744,0
1746428544.423619,2.4598125,2.451,-93.86169000000011,-0.5828282828282837,0
1746428544.4521873,2.91675,2.7414375,361.9791599999999,2.3508838383838366,0
1746428544.4807425,2.478,2.457,-75.71783999999985,-0.5222222222222253,0
1746428544.509291,2.2186875,2.3011875,-334.4079899999999,-2.0960858585858584,0
1746428544.5378246,2.788125,2.6595,233.6628599999999,1.5232323232323213,0
1746428544.5663662,2.77125,2.6484375,216.82836000000015,1.4114898989898974,0
1746428544.5948205,2.21025,2.2905,-342.82524000000024,-2.2040404040404034,0
1746428544.6233532,2.5066875,2.48475,-47.0991900000001,-0.2419191919191933,0
1746428544.6518676,2.915625,2.7388125,360.85685999999987,2.324368686868684,0
1746428544.680421,2.4238125,2.425875,-129.77529000000013,-0.836616161616163,0
1746428544.708985,2.2438125,2.31675,-309.34328999999985,-1.9388888888888918,0
1746428544.737528,2.82525,2.68425,270.69876,1.773232323232322,0
1746428544.766473,2.7765,2.649,222.06575999999993,1.4171717171717158,0
1746428544.7951107,2.2243125,2.299125,-328.7964900000002,-2.1169191919191923,0
1746428544.82373,2.4658125,2.4579375,-87.87608999999988,-0.5127525252525279,0
1746428544.8522775,2.9199375,2.74125,365.15901,2.348989898989897,0
1746428544.880849,2.469,2.453625,-84.6962400000002,-0.5563131313131311,0
1746428544.9094074,2.2224375,2.30175,-330.6669900000002,-2.09040404040404,0
1746428544.937969,2.7826875,2.64825,228.23841000000016,1.409595959595958,0
1746428544.9667063,2.7954375000000002,2.6608125,240.9578100000002,1.5364898989898976,0
1746428544.9953604,2.227875,2.3055,-325.24254,-2.052525252525255,0
1746428545.0240026,2.440125,2.4358125,-113.50193999999996,-0.7362373737373759,0
1746428545.052623,2.9165625,2.7410625,361.7921099999999,2.3470959595959577,0
1746428545.0812113,2.511,2.478375,-42.79703999999994,-0.30631313131313065,0
1746428545.1102765,2.18925,2.2809375,-363.77484000000015,-2.300631313131316,0
1746428545.1388357,2.6955,2.601,141.26015999999996,0.9323232323232306,0
1746428545.1673708,2.8490625,2.694375,294.45411,1.8755050505050486,0
1746428545.1958976,2.2670625,2.3266875000000002,-286.1490899999999,-1.8385101010101,0
1746428545.2244308,2.3945625,2.4121875,-158.95508999999993,-0.9748737373737396,0
1746428545.2529635,2.91075,2.738625,355.9935600000001,2.3224747474747445,0
1746428545.2815065,2.5378125000000002,2.531625,-16.048889999999812,0.23156565656565517,0
1746428545.3104591,2.1883125,2.2798125000000002,-364.7100900000002,-2.3119949494949483,0
1746428545.3390465,2.6761875,2.5891875,121.9940100000001,0.8130050505050487,0
1746428545.367605,2.8614375,2.7039375,306.79941,1.9720959595959568,0
1746428545.3961623,2.28525,2.3385000000000002,-268.0052400000001,-1.7191919191919183,0
1746428545.424704,2.371125,2.3964375,-182.33633999999992,-1.1339646464646458,0
1746428545.453248,2.9045625,2.7223125,349.8209099999999,2.15770202020202,0
1746428545.482222,2.62575,2.55375,71.67755999999997,0.45505050505050315,0
1746428545.5107753,2.18775,2.2775625,-365.2712400000002,-2.334722222222222,0
1746428545.5393198,2.6495625,2.5678125,95.43290999999999,0.5970959595959586,0
1746428545.5680177,2.8869375,2.71725,332.2382100000001,2.1065656565656545,0
1746428545.5965743,2.317875,2.359125,-235.45854000000017,-1.510858585858586,0
1746428545.625113,2.3311875,2.37825,-222.1779900000001,-1.3176767676767693,0
1746428545.6535501,2.895,2.7294375,340.28135999999995,2.229671717171715,0
1746428545.6820726,2.5963125000000002,2.5321875,42.310710000000185,0.23724747474747357,0
1746428545.7106316,2.187375,2.2790625,-365.6453400000002,-2.3195707070707066,0
1746428545.739206,2.67675,2.58975,122.55516000000013,0.8186868686868671,0
1746428545.7677417,2.8605,2.7026250000000003,305.86415999999997,1.958838383838385,0
1746428545.7962868,2.2800000000000002,2.331,-273.2426399999998,-1.7949494949494968,0
1746428545.8247232,2.3805,2.4075,-172.98384000000001,-1.0222222222222217,0
1746428545.853249,2.9034375,2.7376875000000003,348.69860999999986,2.3130050505050517,0
1746428545.8817992,2.5423125,2.5031250000000003,-11.559690000000083,-0.056313131313130156,0
1746428545.9104524,2.194125,2.283,-358.91153999999995,-2.279797979797982,0
1746428545.9390645,2.7018750000000002,2.5929375,147.6198600000002,0.850883838383838,0
1746428545.9678073,2.860125,2.698875,305.49005999999997,1.9209595959595958,0
1746428545.9962869,2.275875,2.3311875,-277.35774,-1.7930555555555574,0
1746428546.0248282,2.3844375,2.4046875,-169.05578999999986,-1.0506313131313136,0
1746428546.0533938,2.90925,2.7363750000000002,354.49716000000006,2.2997474747474755,0
1746428546.0819302,2.5531875,2.506125,-0.7107900000001156,-0.02601010101010319,0
1746428546.110493,2.1954375,2.2835625,-357.6021899999999,-2.274116161616164,0
1746428546.1390424,2.7159375,2.6193750000000002,161.64860999999985,1.1179292929292937,0
1746428546.1675596,2.8336875,2.6844375,279.11600999999985,1.7751262626262614,0
1746428546.1960979,2.2513125,2.3158125,-301.86129,-1.948358585858589,0
1746428546.2246184,2.4225,2.4290625,-131.08464000000018,-0.8044191919191922,0
1746428546.2531495,2.9150625,2.740875,360.2957099999998,2.345202020202018,0
1746428546.281673,2.5095,2.47725,-44.29344,-0.31767676767676745,0
1746428546.3160305,2.6540625,2.58,99.92211000000016,0.7202020202020194,0
1746428546.3447526,2.1890625,2.27775,-363.96189000000015,-2.3328282828282827,0
1746428546.3733795,2.593125,2.5213125,39.13086000000007,0.12739898989898904,0
1746428546.4021754,2.9113125,2.7371250000000003,356.5547100000001,2.3073232323232333,0
1746428546.4309142,2.3970000000000002,2.4103125,-156.52343999999982,-0.9938131313131342,0
1746428546.4594612,2.2644375,2.328,-288.76779,-1.8252525252525282,0
1746428546.4880047,2.843625,2.6955,289.0296599999998,1.8868686868686853,0
1746428546.5166016,2.7131250000000002,2.6293125,158.84286000000017,1.2183080808080808,0
1746428546.5454483,2.20725,2.29275,-345.8180399999999,-2.1813131313131344,0
1746428546.5742922,2.4793125000000003,2.465625,-74.40848999999982,-0.4351010101010098,0
1746428546.6028695,2.9184375,2.7425625,363.66261,2.3622474747474733,0
1746428546.6314569,2.4598125,2.448,-93.86169000000011,-0.6131313131313151,0
1746428546.6629744,2.313,2.5820625,-240.3218399999999,0.7410353535353534,0
1746428546.6967866,2.3555625,2.60175,-197.86149000000006,0.9398989898989883,0
1746428546.7323756,2.6626875,2.7125625,108.52641000000004,2.0592171717171723,0
1746428546.7656877,2.5573125,2.556,3.4043100000000406,0.47777777777777675,0
1746428546.7949283,2.1913125,2.2800000000000002,-361.71729000000005,-2.310101010101009,0
1746428546.8236532,2.586,2.52525,32.0229599999998,0.1671717171717178,0
1746428546.8523257,2.91375,2.7346875,358.98635999999976,2.28270202020202,0
1746428546.8810794,2.4136875,2.4290625,-139.8759900000001,-0.8044191919191922,0
1746428546.9100425,2.230125,2.305875,-322.9979399999999,-2.048737373737376,0
1746428546.9386303,2.7954375000000002,2.6546250000000002,240.9578100000002,1.4739898989898998,0
1746428546.9673748,2.7826875,2.6535,228.23841000000016,1.462626262626263,0
1746428546.9959133,2.2213125000000002,2.2959375,-331.7892899999998,-2.1491161616161634,0
1746428547.024451,2.484,2.4703125,-69.73224000000008,-0.3877525252525277,0
1746428547.0530806,2.918625,2.742,363.84966,2.356565656565655,0
1746428547.0816743,2.474625,2.4646875,-79.08473999999998,-0.44457070707070717,0
1746428547.1106517,2.1984375000000003,2.2884375,-354.6093899999998,-2.2248737373737377,0
1746428547.13924,2.7433125,2.630625,188.95791,1.2315656565656572,0
1746428547.1677644,2.81475,2.6724375,260.22396000000003,1.65391414141414,0
1746428547.1962674,2.2365,2.3060625,-316.6382400000001,-2.0468434343434367,0
1746428547.2247932,2.449125,2.44725,-104.52354000000007,-0.620707070707073,0
1746428547.2533052,2.9205,2.7414375,365.72016,2.3508838383838366,0
1746428547.2818253,2.4759375,2.456625,-77.77538999999993,-0.5260101010101041,0
1746428547.3107808,2.200875,2.287125,-352.17774000000014,-2.238131313131314,0
1746428547.3393238,2.7418125,2.630625,187.46150999999992,1.2315656565656572,0
1746428547.3678386,2.8153125,2.6750625,260.78511000000003,1.6804292929292926,0
1746428547.3964167,2.238,2.3098125,-315.14184000000006,-2.0089646464646473,0
1746428547.4249778,2.4365625,2.4373125,-117.05589000000009,-0.7210858585858602,0
1746428547.453508,2.9161875,2.7421875,361.41800999999987,2.3584595959595944,0
1746428547.482482,2.558625,2.5066875,4.7136600000000906,-0.020328282828284795,0
1746428547.511035,2.1924375,2.284125,-360.59499000000005,-2.2684343434343455,0
1746428547.5395706,2.72175,2.616,167.44716000000005,1.0838383838383834,0
1746428547.568117,2.8333125,2.6840625,278.74190999999985,1.7713383838383825,0
1746428547.596641,2.25225,2.3152500000000003,-300.92604,-1.954040404040403,0
1746428547.6251442,2.422875,2.4309375,-130.71054000000018,-0.7854797979797975,0
1746428547.654081,2.905125,2.73525,350.3820599999999,2.2883838383838384,0
1746428547.6826072,2.5616250000000003,2.5108125,7.706460000000203,0.02133838383838345,0
1746428547.7111492,2.1916875,2.283,-361.34319000000005,-2.279797979797982,0
1746428547.7396815,2.7170625,2.6135625,162.77090999999987,1.0592171717171703,0
1746428547.7682033,2.8340625,2.6851875,279.4901099999999,1.7827020202020192,0
1746428547.7967079,2.2515,2.3150625000000002,-301.67424,-1.9559343434343424,0
1746428547.8256102,2.3733750000000002,2.3994375,-180.09173999999982,-1.1036616161616188,0
1746428547.8541107,2.9075625,2.7350625,352.81371,2.286489898989899,0
1746428547.8826988,2.563875,2.511375,9.951059999999845,0.027020202020201847,0
1746428547.9112194,2.19525,2.283,-357.78923999999995,-2.279797979797982,0
1746428547.9404159,2.6145,2.5355625,60.45455999999999,0.27133838383838393,0
1746428547.969275,2.9045625,2.7290625,349.8209099999999,2.225883838383836,0
1746428547.9977574,2.3518125,2.4061875,-201.6024900000002,-1.035479797979798,0
1746428548.0267186,2.2640625,2.3266875000000002,-289.14189,-1.8385101010101,0
1746428548.0553067,2.8411875,2.6930625,286.59801000000016,1.8622474747474722,0
1746428548.0838656,2.710125,2.607375,155.85006000000007,0.9967171717171723,0
1746428548.1124249,2.1894375,2.2839375,-363.58779000000015,-2.270328282828285,0
1746428548.1411664,2.5363125,2.49225,-17.545289999999866,-0.16616161616161917,0
1746428548.16975,2.9139375,2.737875,359.1734099999998,2.3148989898989867,0
1746428548.1983097,2.4039375,2.4136875,-149.60259,-0.9597222222222238,0
1746428548.2268293,2.258625,2.3274375000000003,-294.5663400000002,-1.8309343434343421,0
1746428548.2553582,2.8438125,2.696625,289.2167099999998,1.8982323232323222,0
1746428548.2838786,2.6998125,2.600625,145.5623100000001,0.9285353535353515,0
1746428548.312415,2.1924375,2.2801875000000003,-360.59499000000005,-2.3082070707070694,0
1746428548.34139,2.5149375000000003,2.4894375,-38.86898999999979,-0.19457070707070667,0
1746428548.369934,2.91525,2.740875,360.48275999999987,2.345202020202018,0
1746428548.3986294,2.437125,2.4373125,-116.49474000000008,-0.7210858585858602,0
1746428548.42723,2.2348125,2.31075,-318.3216900000002,-1.99949494949495,0
1746428548.4557848,2.812875,2.67375,258.35346,1.6671717171717162,0
1746428548.4843347,2.74425,2.6321250000000003,189.89316000000002,1.2467171717171728,0
1746428548.5129027,2.2055625,2.2861875,-347.50149,-2.247601010101011,0
1746428548.541385,2.52825,2.4984375,-25.588440000000173,-0.1036616161616168,0
1746428548.569932,2.9143125,2.7375000000000003,359.5475099999998,2.3111111111111122,0
1746428548.5984483,2.394,2.4125625,-159.51623999999993,-0.9710858585858606,0
1746428548.626999,2.2561875000000002,2.3274375000000003,-296.99798999999985,-1.8309343434343421,0
1746428548.6555297,2.8404375,2.696625,285.8498100000001,1.8982323232323222,0
1746428548.684039,2.7022500000000003,2.6330625,147.99396000000021,1.2561868686868658,0
1746428548.7129817,2.2063125,2.287875,-346.75328999999994,-2.230555555555556,0
1746428548.7415416,2.518125,2.49225,-35.689140000000116,-0.16616161616161917,0
1746428548.770077,2.91525,2.739375,360.48275999999987,2.3300505050505023,0
1746428548.7986376,2.4165,2.423625,-137.07023999999996,-0.8593434343434366,0
1746428548.827244,2.2445625000000002,2.318625,-308.5950899999998,-1.919949494949497,0
1746428548.8557937,2.82375,2.6898750000000002,269.20235999999994,1.8300505050505058,0
1746428548.8842826,2.7196875,2.6161875,165.38960999999998,1.0857323232323228,0
1746428548.9128437,2.1975000000000002,2.2824375,-355.54463999999984,-2.2854797979798005,0
1746428548.941434,2.532,2.469,-21.84744000000003,-0.4010101010101039,0
1746428548.9704578,2.918625,2.742,363.84966,2.356565656565655,0
1746428548.9990337,2.4583125,2.446875,-95.35809000000016,-0.6244949494949519,0
1746428549.0275724,2.2261875,2.3109375,-326.92599000000007,-1.9976010101010107,0
1746428549.0560608,2.809875,2.6720625,255.36065999999985,1.6501262626262612,0
1746428549.0846128,2.7495000000000003,2.633625,195.13056000000023,1.2618686868686841,0
1746428549.1131558,2.208,2.2880625,-345.0698399999999,-2.2286616161616166,0
1746428549.141716,2.509875,2.4791250000000002,-43.919339999999984,-0.2987373737373728,0
1746428549.1704216,2.919375,2.7410625,364.59786,2.3470959595959577,0
1746428549.20503,2.8895625000000003,2.721,334.8569100000002,2.1444444444444435,0
1746428549.2343497,2.71575,2.6131875,161.46155999999982,1.0554292929292912,0
1746428549.262945,2.1905625,2.28675,-362.4654900000001,-2.2419191919191928,0
1746428549.2917469,2.5216875,2.4903750000000002,-32.13518999999998,-0.18510101010100932,0
1746428549.3203616,2.9173125,2.741625,362.5403099999999,2.352777777777776,0
1746428549.3490953,2.44725,2.4388125,-106.39404000000013,-0.7059343434343445,0
1746428549.3776274,2.2355625,2.31075,-317.57349000000016,-1.99949494949495,0
1746428549.4073446,2.66025,2.55975,106.09475999999995,0.515656565656566,0
1746428549.4362898,2.893125,2.7271875,338.4108599999999,2.2069444444444417,0
1746428549.465136,2.3617500000000002,2.38725,-191.68883999999983,-1.2267676767676796,0
1746428549.4937015,2.2869375,2.3415,-266.32179,-1.688888888888891,0
1746428549.5223196,2.863875,2.7065625,309.2310600000001,1.9986111111111093,0
1746428549.550872,2.6761875,2.586,121.9940100000001,0.7808080808080777,0
1746428549.579902,2.20275,2.28525,-350.3072400000001,-2.2570707070707083,0
1746428549.6084504,2.53425,2.5021875000000002,-19.602839999999947,-0.06578282828282749,0
1746428549.6370203,2.914875,2.7403125,360.1086599999998,2.3395202020201995,0
1746428549.6659036,2.448375,2.4433125,-105.2717400000001,-0.6604797979797973,0
1746428549.6945088,2.2291875,2.3060625,-323.93318999999997,-2.0468434343434367,0
1746428549.7231588,2.7935625,2.664375,239.08731000000012,1.5724747474747476,0
1746428549.7517488,2.7703125,2.6426250000000002,215.89311000000012,1.3527777777777785,0
1746428549.7802308,2.2145625,2.297625,-338.5230900000001,-2.1320707070707083,0
1746428549.8089707,2.4759375,2.4643125,-77.77538999999993,-0.44835858585858607,0
1746428549.8375313,2.919375,2.7421875,364.59786,2.3584595959595944,0
1746428549.8660772,2.458875,2.451,-94.79694000000013,-0.5828282828282837,0
1746428549.894662,2.2269375,2.3038125000000003,-326.1777900000001,-2.0695707070707057,0
1746428549.9233422,2.7811875,2.66175,226.74201000000008,1.5459595959595949,0
1746428549.951821,2.777625,2.657625,223.18805999999995,1.5042929292929268,0
1746428549.9805357,2.22375,2.305875,-329.3576400000002,-2.048737373737376,0
1746428550.0092363,2.4500625,2.4495,-103.58829000000003,-0.5979797979797994,0
1746428550.0380425,2.9146875,2.7410625,359.9216099999998,2.3470959595959577,0
1746428550.0666473,2.5269375,2.489625,-26.89779000000022,-0.1926767676767672,0
1746428550.0951939,2.2005,2.2920000000000003,-352.55184000000014,-2.1888888888888878,0
1746428550.1237063,2.755125,2.6379375,200.74205999999998,1.3054292929292919,0
1746428550.1522553,2.806125,2.67,251.61966000000015,1.629292929292927,0
1746428550.180786,2.2336875,2.3071875,-319.4439900000002,-2.0354797979798,0
1746428550.2093813,2.4446250000000003,2.4455625,-109.0127399999998,-0.6377525252525281,0
1746428550.237932,2.919,2.74275,364.22375999999997,2.3641414141414128,0
1746428550.2664723,2.4838125,2.500125,-69.91929000000007,-0.0866161616161616,0
1746428550.2954137,2.19675,2.287125,-356.29283999999984,-2.238131313131314,0
1746428550.323953,2.73375,2.6278125,179.41836000000006,1.203156565656565,0
1746428550.3524675,2.818125,2.6775,263.59086000000013,1.7050505050505056,0
1746428550.381007,2.241375,2.3120625,-311.77493999999996,-1.9862373737373737,0
1746428550.4095628,2.4339375,2.438625,-119.6745900000002,-0.7078282828282839,0
1746428550.4380813,2.917875,2.7365625000000002,363.1014599999999,2.301641414141415,0
1746428550.467084,2.5573125,2.5085625,3.4043100000000406,-0.0013888888888901377,0
1746428550.4955885,2.1961875,2.286375,-356.8539899999999,-2.2457070707070717,0
1746428550.5241132,2.7268125,2.6236875,172.4975099999998,1.161489898989897,0
1746428550.5526366,2.8275,2.6825625,272.9433600000001,1.7561868686868667,0
1746428550.5811994,2.248125,2.3148750000000002,-305.04114000000015,-1.9578282828282818,0
1746428550.609707,2.4301875,2.4354375,-123.4155899999999,-0.7400252525252549,0
1746428550.638631,2.905875,2.7369375000000002,351.1302599999999,2.305429292929294,0
1746428550.6671789,2.559375,2.50875,5.461860000000119,0.0005050505050493279,0
1746428550.6957028,2.1939375,2.28525,-359.09858999999994,-2.2570707070707083,0
1746428550.724268,2.720625,2.6176875,166.32486000000003,1.1008838383838384,0
1746428550.7528083,2.833125,2.6855625,278.55485999999985,1.786489898989898,0
1746428550.781352,2.2539375,2.31825,-299.2425899999999,-1.923737373737376,0
1746428550.8102832,2.3660625,2.3955,-187.3866900000001,-1.143434343434343,0
1746428550.8387752,2.9071875,2.7361875,352.43960999999996,2.297853535353536,0
1746428550.8672845,2.5621875,2.5147500000000003,8.267609999999783,0.061111111111112226,0
1746428550.8958418,2.1928125,2.28375,-360.22089,-2.2722222222222244,0
1746428550.9243996,2.7125625,2.6116875,158.28171000000015,1.0402777777777756,0
1746428550.9529483,2.8426875000000003,2.6953125,288.0944100000002,1.8849747474747458,0
1746428550.9815304,2.26125,2.323125,-291.9476400000001,-1.8744949494949499,0
1746428551.010051,2.4076875,2.4211875000000003,-145.86158999999986,-0.8839646464646452,0
1746428551.0385704,2.9133750000000003,2.7405,358.6122600000002,2.341414141414139,0
1746428551.0671504,2.5288125,2.4924375,-25.02729000000015,-0.1642676767676797,0
1746428551.0957084,2.202,2.2895625,-351.0554400000001,-2.2135101010101006,0
1746428551.1242726,2.74125,2.6319375000000003,186.90035999999992,1.2448232323232333,0
1746428551.1532178,2.8554375,2.6975625,300.8138099999998,1.9077020202020194,0
1746428551.1817436,2.2693125,2.329125,-283.90449000000024,-1.8138888888888915,0
1746428551.2102368,2.39925,2.413875,-154.27884000000017,-0.9578282828282844,0
1746428551.238738,2.911875,2.7399375,357.11586000000017,2.3357323232323206,0
1746428551.267232,2.5275,2.488125,-26.3366400000002,-0.20782828282828292,0
1746428551.2957215,2.20275,2.2920000000000003,-350.3072400000001,-2.1888888888888878,0
1746428551.3241699,2.7646875,2.6450625,210.28160999999992,1.377398989898987,0
1746428551.3526957,2.785875,2.6595,231.41825999999983,1.5232323232323213,0
1746428551.3812006,2.2190625,2.299875,-334.03388999999993,-2.1093434343434345,0
1746428551.40975,2.46675,2.464125,-86.94083999999984,-0.45025252525252557,0
1746428551.4382532,2.9218125,2.7421875,367.0295100000001,2.3584595959595944,0
1746428551.4667466,2.4474375,2.44125,-106.20699000000013,-0.6813131313131314,0
1746428551.4956663,2.211,2.295,-342.07704000000024,-2.1585858585858606,0
1746428551.524224,2.7695625,2.649,215.1449100000001,1.4171717171717158,0
1746428551.552737,2.7875625,2.6566875,233.10170999999988,1.4948232323232293,0
1746428551.581253,2.2207500000000002,2.2966875,-332.3504399999998,-2.1415404040404056,0
1746428551.6097505,2.48475,2.472,-68.98404000000005,-0.3707070707070725,0
1746428551.6382468,2.918625,2.7406875,363.84966,2.3433080808080784,0
1746428551.667357,2.5179375,2.49225,-35.87619000000012,-0.16616161616161917,0
1746428551.6959636,2.202375,2.2891875,-350.6813400000001,-2.2172979797979795,0
1746428551.724516,2.746875,2.63475,192.51186000000013,1.2732323232323208,0
1746428551.7530184,2.8192500000000003,2.73375,264.7131600000002,2.273232323232323,0
1746428551.7870445,2.911125,2.6806875,356.3676600000001,1.737247474747472,0
1746428551.8206203,2.9122500000000002,2.6360625,357.48996000000017,1.2864898989898972,0
1746428551.8553078,2.874,2.6895000000000002,319.33176000000003,1.826262626262627,0
1746428551.8868306,2.8828125,2.740125,328.12310999999994,2.33762626262626,0
1746428551.9175746,2.5725000000000002,2.644125,18.55536000000017,1.3679292929292897,0
1746428551.9486964,2.29425,2.4811875,-259.02684000000016,-0.27790404040404315,0
1746428551.9807293,2.203125,2.3570625,-349.9331400000001,-1.53169191919192,0
1746428552.012515,2.20275,2.294625,-350.3072400000001,-2.1623737373737395,0
1746428552.0451536,2.2408125,2.2790625,-312.33608999999996,-2.3195707070707066,0
1746428552.0769286,2.38725,2.30025,-166.25004000000018,-2.1055555555555556,0
1746428552.1212647,2.926125,2.701125,371.33165999999983,1.9436868686868694,0
1746428552.1534822,2.881125,2.7418125,326.4396599999999,2.3546717171717155,0
1746428552.1850386,2.687625,2.7260625000000003,133.4040600000001,2.195580808080809,0
1746428552.2178733,2.6270625,2.6895000000000002,72.98691000000002,1.826262626262627,0
1746428552.2500534,2.4553125000000002,2.6188125,-98.35088999999984,1.1122474747474753,0
1746428552.2822862,2.3289375,2.4965625,-224.42259000000018,-0.12260101010101145,0
1746428552.3142614,2.2183125,2.4174375,-334.7820899999999,-0.9218434343434345,0
1746428552.3469303,2.189625,2.3825625,-363.40074000000016,-1.2741161616161616,0
1746428552.3796892,2.1915,2.31075,-361.53024000000005,-1.99949494949495,0
1746428552.4116926,2.25075,2.2771875,-302.42244000000005,-2.338510101010101,0
1746428552.4436765,2.3983125,2.304375,-155.21409000000023,-2.0638888888888918,0
1746428552.4756715,2.5741875,2.378625,20.23880999999979,-1.3138888888888904,0
1746428552.5076997,2.75025,2.4901875,195.8787599999998,-0.1869949494949488,0
1746428552.5397348,2.8773750000000002,2.60625,322.6986600000002,0.9853535353535355,0
1746428552.5719352,2.9205,2.6754375,365.72016,1.6842171717171714,0
1746428552.6040573,2.9019375000000003,2.7350625,347.2022100000002,2.286489898989899,0
1746428552.6360326,2.788875,2.7335625,234.41105999999994,2.2713383838383834,0
1746428552.667972,2.6131875,2.676375,59.14520999999994,1.6936868686868687,0
1746428552.6999393,2.4225,2.590875,-131.08464000000018,0.8300505050505038,0
1746428552.7318885,2.2693125,2.4470625,-283.90449000000024,-0.6226010101010124,0
1746428552.7638085,2.196375,2.3409375,-356.6669399999999,-1.6945707070707097,0
1746428552.7957225,2.2185,2.283,-334.5950399999999,-2.279797979797982,0
1746428552.8276494,2.3439375,2.28975,-209.45859000000004,-2.211616161616161,0
1746428552.8595614,2.5256250000000002,2.35575,-28.20713999999983,-1.5449494949494964,0
1746428552.8915215,2.7159375,2.4706875,161.64860999999985,-0.38396464646464873,0
1746428552.9235466,2.853,2.579625,298.38216000000017,0.7164141414141404,0
1746428552.9555383,2.9210625,2.665875,366.2813100000001,1.5876262626262632,0
1746428552.9877205,2.9083125,2.7328125,353.56191,2.2637626262626256,0
1746428553.0196483,2.8018125,2.7363750000000002,247.31751,2.2997474747474755,0
1746428553.0515645,2.62575,2.6803125,71.67755999999997,1.733459595959593,0
1746428553.0835466,2.43675,2.5738125,-116.86884000000009,0.657702020202017,0
1746428553.1152537,2.265375,2.4541875,-287.83253999999994,-0.5506313131313127,0
1746428553.1474638,2.1976875000000002,2.3525625,-355.35758999999985,-1.5771464646464672,0
1746428553.1795099,2.2074375,2.287875,-345.6309899999999,-2.230555555555556,0
1746428553.2114341,2.31,2.2831875,-243.31464,-2.2779040404040427,0
1746428553.2433581,2.4875625,2.3385000000000002,-66.17828999999993,-1.7191919191919183,0
1746428553.2752886,2.6786250000000003,2.446875,124.42566000000019,-0.6244949494949519,0
1746428553.3072305,2.83875,2.5614375000000003,284.16636000000005,0.5327020202020212,0
1746428553.3392417,2.9158125,2.6698125,361.04390999999987,1.6273989898989876,0
1746428553.3711956,2.9113125,2.7249375000000002,356.5547100000001,2.1842171717171723,0
1746428553.4034255,2.82975,2.7399375,275.18796000000015,2.3357323232323206,0
1746428553.435404,2.6715,2.6968125,117.31775999999994,1.9001262626262616,0
1746428553.467337,2.476125,2.5993125,-77.58833999999993,0.9152777777777753,0
1746428553.5002434,2.418,2.5689375,-135.5738399999999,0.6084595959595953,0
1746428553.5322697,2.2704375,2.446875,-282.7821900000002,-0.6244949494949519,0
1746428553.5641763,2.1950625,2.3379375000000002,-357.97628999999995,-1.7248737373737366,0
1746428553.5960877,2.2171875,2.2809375,-335.90439,-2.300631313131316,0
1746428553.628005,2.340375,2.28825,-213.0125400000002,-2.226767676767677,0
1746428553.6599183,2.5273125,2.359125,-26.523690000000208,-1.510858585858586,0
1746428553.691814,2.7223125,2.475,168.00831000000008,-0.34040404040404104,0
1746428553.7239919,2.846625,2.570625,292.0224599999999,0.6255050505050506,0
1746428553.7559292,2.919375,2.6786250000000003,364.59786,1.7164141414141423,0
1746428553.787857,2.9004375000000002,2.7373125000000003,345.70581000000016,2.309217171717173,0
1746428553.819745,2.7718125000000002,2.7290625,217.38951000000017,2.225883838383836,0
1746428553.8516579,2.5899375,2.664375,35.95100999999995,1.5724747474747476,0
1746428553.8836267,2.40075,2.5280625,-152.78244000000012,0.1955808080808053,0
1746428553.9152937,2.2378125,2.422875,-315.32889000000006,-0.8669191919191945,0
1746428553.947721,2.190375,2.3655,-362.6525400000001,-1.4464646464646487,0
1746428553.9799936,2.20275,2.2935,-350.3072400000001,-2.1737373737373766,0
1746428554.0120192,2.2869375,2.2786875,-266.32179,-2.3233585858585855,0
1746428554.0439289,2.4553125000000002,2.324625,-98.35088999999984,-1.859343434343434,0
1746428554.075889,2.629125,2.401125,75.0444600000001,-1.0866161616161636,0
1746428554.1081207,2.7770625,2.509875,222.62690999999992,0.011868686868686121,0
1746428554.140153,2.8903125,2.62875,335.6051099999998,1.2126262626262625,0
1746428554.1720536,2.916375,2.7166875,361.60505999999987,2.1008838383838357,0
1746428554.2039897,2.8550625000000003,2.742375,300.4397100000002,2.360353535353534,0
1746428554.2359288,2.6925,2.703375,138.26735999999983,1.9664141414141383,0
1746428554.267814,2.4950625,2.585625,-58.6962900000001,0.7770202020201988,0
1746428554.2994637,2.28825,2.475375,-265.01243999999997,-0.3366161616161621,0
1746428554.3315244,2.2065,2.3617500000000002,-346.56623999999994,-1.4843434343434334,0
1746428554.3634505,2.201625,2.2903125,-351.42954000000015,-2.205934343434343,0
1746428554.3953843,2.2993125,2.2786875,-253.97648999999998,-2.3233585858585855,0
1746428554.4274452,2.4538125,2.3240625,-99.84728999999989,-1.8650252525252526,0
1746428554.4593527,2.650875,2.4226875,96.74226000000003,-0.868813131313134,0
1746428554.4913092,2.818125,2.5445625,263.59086000000013,0.3622474747474738,0
1746428554.5233374,2.9079375,2.647125,353.18781,1.398232323232321,0
1746428554.5553124,2.9173125,2.7245625,362.5403099999999,2.1804292929292934,0
1746428554.5872602,2.8291875,2.7403125,274.62681000000015,2.3395202020201995,0
1746428554.6192384,2.6686875,2.69625,114.51200999999982,1.8944444444444433,0
1746428554.6511962,2.4774375,2.58225,-76.27898999999988,0.7429292929292929,0
1746428554.6829276,2.2876875,2.460375,-265.57358999999997,-0.48813131313131486,0
1746428554.7148457,2.2003125,2.358,-352.7388900000002,-1.5222222222222228,0
1746428554.7469313,2.205,2.2895625,-348.06264,-2.2135101010101006,0
1746428554.7788806,2.287125,2.2785,-266.13473999999997,-2.325252525252525,0
1746428554.8110573,2.4388125,2.31975,-114.81129000000001,-1.9085858585858602,0
1746428554.8429453,2.635125,2.4193125,81.03005999999988,-0.9029040404040399,0
1746428554.8749173,2.806125,2.53575,251.61966000000015,0.2732323232323234,0
1746428554.906864,2.905875,2.641875,351.1302599999999,1.3452020202020205,0
1746428554.9389126,2.9206875,2.7105,365.9072100000001,2.038383838383838,0
1746428554.9712403,2.8693125,2.740125,314.6555099999999,2.33762626262626,0
1746428555.00335,2.7474375,2.7245625,193.07301000000015,2.1804292929292934,0
1746428555.035315,2.562375,2.658,8.45465999999979,1.5080808080808057,0
1746428555.067189,2.3731875000000002,2.53425,-180.27878999999984,0.2580808080808077,0
1746428555.0991988,2.2415625,2.4208125000000003,-311.58788999999996,-0.8877525252525241,0
1746428555.1311939,2.1913125,2.32125,-361.71729000000005,-1.8934343434343446,0
1746428555.1630814,2.238375,2.277,-314.76774000000006,-2.3404040404040405,0
1746428555.1949515,2.3836875,2.302125,-169.80398999999989,-2.086616161616161,0
1746428555.2268147,2.583,2.3881875,29.030160000000127,-1.2172979797979822,0
1746428555.2586687,2.77575,2.5145625000000003,221.31755999999987,0.059217171717172765,0
1746428555.2905157,2.9011875000000003,2.635875,346.4540100000002,1.2845959595959577,0
