1746869982.275929,2.2258125,2.5081875,-327.30009000000007,-0.005176767676769069,0
1746869982.2991428,2.88375,2.5085625,329.05836,-0.0013888888888901377,0
1746869982.3222327,2.4174375,2.5081875,-136.13498999999993,-0.005176767676769069,0
1746869982.3453035,2.4515625,2.508375,-102.09188999999998,-0.0032828282828296033,0
1746869982.3677468,2.88675,2.578875,332.0511600000001,0.7088383838383826,0
1746869982.390505,2.2460625,2.3866875,-307.0986900000002,-1.232449494949498,0
1746869982.4139864,2.736,2.6304375,181.66296000000014,1.2296717171717177,0
1746869982.4380012,2.4954375,2.413875,-58.322190000000084,-0.9578282828282844,0
1746869982.4611802,2.390625,2.5231875,-162.88314000000005,0.14633838383838368,0
1746869982.4844127,2.88525,2.5573125,330.55476000000004,0.491035353535353,0
1746869982.5077667,2.2126875,2.3896875,-340.39359000000013,-1.2021464646464666,0
1746869982.5306897,2.753625,2.616375,199.24565999999993,1.0876262626262623,0
1746869982.5538688,2.602875,2.5085625,48.85745999999999,-0.0013888888888901377,0
1746869982.5769782,2.3023125,2.508375,-250.98368999999985,-0.0032828282828296033,0
1746869982.600131,2.9154375,2.508375,360.66980999999987,-0.0032828282828296033,0
1746869982.6231837,2.2798125000000002,2.5089375,-273.4296899999998,0.0023989898989887934,0
1746869982.6463249,2.6360625,2.508375,81.96530999999992,-0.0032828282828296033,0
1746869982.6714923,2.4485625,2.5081875,-105.08469000000008,-0.005176767676769069,0
1746869982.6949515,2.4579375,2.5501875000000003,-95.73219000000017,0.41906565656565775,0
1746869982.7180061,2.8605,2.566125,305.86415999999997,0.5800505050505034,0
1746869982.7408357,2.2194375,2.3919375,-333.6597899999999,-1.179419191919193,0
1746869982.7638495,2.7493125000000003,2.6233125,194.9435100000002,1.157702020202018,0
1746869982.787297,2.5524375,2.431125,-1.458990000000144,-0.783585858585858,0
1746869982.8104339,2.343,2.5044375,-210.3938400000001,-0.04305555555555838,0
1746869982.8335547,2.9079375,2.50875,353.18781,0.0005050505050493279,0
1746869982.8565996,2.2535625,2.508375,-299.61668999999995,-0.0032828282828296033,0
1746869982.8796484,2.7170625,2.50875,162.77090999999987,0.0005050505050493279,0
1746869982.9027321,2.6985,2.5081875,144.25296000000006,-0.005176767676769069,0
1746869982.9257624,2.20425,2.508,-348.81084000000004,-0.007070707070708534,0
1746869982.9488237,2.902875,2.508,348.1374599999998,-0.007070707070708534,0
1746869982.971855,2.3803125,2.5085625,-173.17089,-0.0013888888888901377,0
1746869982.994939,2.5051875,2.508375,-48.59559000000016,-0.0032828282828296033,0
1746869983.0177143,2.8575,2.551875,302.87135999999987,0.43611111111110845,0
1746869983.040797,2.2156875,2.3955,-337.40079000000003,-1.143434343434343,0
1746869983.0638192,2.788125,2.508375,233.6628599999999,-0.0032828282828296033,0
1746869983.086891,2.5738125,2.508375,19.86470999999978,-0.0032828282828296033,0
1746869983.1099224,2.3154375000000003,2.508375,-237.89018999999982,-0.0032828282828296033,0
1746869983.1329365,2.91375,2.5085625,358.98635999999976,-0.0013888888888901377,0
1746869983.1559484,2.2835625,2.5089375,-269.6886900000001,0.0023989898989887934,0
1746869983.1789865,2.610375,2.5081875,56.33945999999983,-0.005176767676769069,0
1746869983.202088,2.740875,2.5085625,186.5262599999999,-0.0013888888888901377,0
1746869983.2251387,2.218125,2.50875,-334.9691399999999,0.0005050505050493279,0
1746869983.2481868,2.8873125,2.5085625,332.6123100000001,-0.0013888888888901377,0
1746869983.2712572,2.4200625000000002,2.5089375,-133.51628999999983,0.0023989898989887934,0
1746869983.2953064,2.586375,2.5085625,32.39705999999981,-0.0013888888888901377,0
1746869983.3183439,2.78175,2.5081875,227.3031600000001,-0.005176767676769069,0
1746869983.3413992,2.212125,2.5078125,-340.9547400000002,-0.008964646464648,0
1746869983.3644724,2.8663125000000003,2.635125,311.66271000000023,1.2770202020201997,0
1746869983.3875616,2.4523125,2.4039375,-101.34368999999994,-1.0582070707070717,0
1746869983.4108894,2.4860625,2.5093125,-67.67469,0.006186868686867725,0
1746869983.434045,2.85525,2.5085625,300.6267599999998,-0.0013888888888901377,0
1746869983.4571176,2.21025,2.509125,-342.82524000000024,0.004292929292928259,0
1746869983.480187,2.7920625,2.5085625,237.59091000000006,-0.0013888888888901377,0
1746869983.5033255,2.5545,2.50875,0.5985599999999341,0.0005050505050493279,0
1746869983.5264006,2.3248125,2.50875,-228.53768999999988,0.0005050505050493279,0
1746869983.549953,2.89575,2.5085625,341.02956,-0.0013888888888901377,0
1746869983.5741215,2.2078125,2.50875,-345.2568899999999,0.0005050505050493279,0
1746869983.597797,2.874,2.5081875,319.33176000000003,-0.005176767676769069,0
1746869983.6208243,2.447625,2.3968125000000002,-106.01994000000012,-1.130176767676767,0
1746869983.644059,2.4474375,2.5453125,-106.20699000000013,0.36982323232323167,0
1746869983.6670604,2.872125,2.56425,317.46126,0.5611111111111087,0
1746869983.6902099,2.2125,2.394375,-340.58064000000013,-1.15479797979798,0
1746869983.713287,2.8040625,2.508375,249.56211000000008,-0.0032828282828296033,0
1746869983.7363327,2.567625,2.508375,13.692059999999987,-0.0032828282828296033,0
1746869983.759355,2.316,2.5085625,-237.32904000000022,-0.0013888888888901377,0
1746869983.7824123,2.9150625,2.508375,360.2957099999998,-0.0032828282828296033,0
1746869983.8055677,2.2704375,2.5065,-282.7821900000002,-0.02222222222222426,0
1746869983.8286054,2.634,2.6011875,79.90775999999984,0.93421717171717,0
1746869983.8515773,2.742375,2.4976875,188.02265999999995,-0.11123737373737466,0
1746869983.8745952,2.2250625,2.4313125,-328.0482900000001,-0.7816919191919186,0
1746869983.8977234,2.8861875,2.626125,331.4900100000001,1.18611111111111,0
1746869983.921107,2.3720625,2.3938125,-181.40108999999987,-1.1604797979797983,0
1746869983.9442122,2.5505625,2.5085625,-3.3294900000002148,-0.0013888888888901377,0
1746869983.9672585,2.8275,2.5085625,272.9433600000001,-0.0013888888888901377,0
1746869983.9903054,2.1804375,2.50875,-372.56619000000006,0.0005050505050493279,0
1746869984.0133867,2.825625,2.50875,271.07286,0.0005050505050493279,0
1746869984.036463,2.5256250000000002,2.41275,-28.20713999999983,-0.9691919191919212,0
1746869984.0595038,2.3566875,2.5081875,-196.73919,-0.005176767676769069,0
1746869984.0825567,2.905875,2.5914375,351.1302599999999,0.8357323232323223,0
1746869984.1056201,2.247,2.3848125000000002,-306.1634400000002,-1.251388888888888,0
1746869984.129602,2.7890625,2.6293125,234.59810999999993,1.2183080808080808,0
1746869984.1541088,2.3788125,2.5085625,-174.66729000000007,-0.0013888888888901377,0
1746870201.22136,2.3356875,2.5125,-217.68878999999993,0.03838383838383864,1
1746870201.242184,2.8213125,2.5143750000000002,266.77070999999984,0.057323232323233296,1
1746870201.2627764,2.8192500000000003,2.5108125,264.7131600000002,0.02133838383838345,1
1746870201.282541,2.4328125000000003,2.5063125,-120.79688999999979,-0.024116161616163725,1
1746870201.3023057,2.2036875,2.5095,-349.37199000000004,0.008080808080807191,1
1746870201.322332,2.4515625,2.51325,-102.09188999999998,0.045959595959596505,1
1746870201.3421316,2.8258125,2.5095,271.25991,0.008080808080807191,1
1746870201.3619404,2.87325,2.5093125,318.58356000000003,0.006186868686867725,1
1746870201.3817382,2.87325,2.5093125,318.58356000000003,0.006186868686867725,1
1746870201.3936934,2.488125,2.5123125,-65.61713999999992,0.036489898989899176,1
1746870201.411308,2.9098125,2.5089375,355.05831000000006,0.0023989898989887934,1
1746870201.4310324,2.62725,2.506875,73.17396000000002,-0.01843434343434533,1
1746870201.4509063,2.2505625,2.4946875,-302.60949000000005,-0.1415404040404061,1
1746870201.4708028,2.2846875,2.501625,-268.56639000000007,-0.07146464646464588,1
1746870201.490557,2.6565,2.5185,102.35375999999981,0.09898989898989706,1
1746870201.5102866,2.9109375,2.5179375,356.1806100000001,0.09330808080807866,1
1746870201.5300062,2.7435,2.5100625,189.14496,0.013762626262625588,1
1746870201.5497525,2.3536875,2.509875,-199.73199000000014,0.011868686868686121,1
1746870201.5752208,2.8188750000000002,2.509875,264.3390600000002,0.011868686868686121,1
1746870201.5954192,2.852625,2.5096875,298.0080600000001,0.009974747474746656,1
1746870201.6157658,2.424,2.5096875,-129.58824000000013,0.009974747474746656,1
1746870201.635708,2.1858750000000002,2.4811875,-367.14173999999986,-0.27790404040404315,1
1746870201.6561828,2.505,2.515125,-48.782640000000164,0.06489898989898667,1
1746870201.676686,2.9131875000000003,2.5254375000000002,358.4252100000002,0.16906565656565728,1
1746870201.6967137,2.74125,2.513625,186.90035999999992,0.049747474747475436,1
1746870201.7164865,2.34525,2.499375,-208.14924000000002,-0.09419191919191947,1
1746870201.7362342,2.2141875,2.5023750000000002,-338.8971900000001,-0.06388888888888802,1
1746870201.7560418,2.5070625,2.511,-46.72509000000009,0.023232323232322917,1
1746870201.7756953,2.8548750000000003,2.52225,300.2526600000002,0.13686868686868636,1
1746870201.7954333,2.8573125,2.5194375,302.68430999999987,0.10845959595959438,1
1746870201.8151386,2.509125,2.509875,-44.66754000000001,0.011868686868686121,1
1746870201.834842,2.2149375,2.5093125,-338.1489900000001,0.006186868686867725,1
1746870201.8547168,2.34375,2.5093125,-209.64564000000007,0.006186868686867725,1
1746870201.8746595,2.7500625,2.5488750000000002,195.6917099999998,0.4058080808080815,1
1746870201.8948846,2.8891875000000002,2.53275,334.4828100000002,0.24292929292929197,1
1746870201.9147093,2.5415625,2.5095,-12.307890000000112,0.008080808080807191,1
1746870201.934631,2.21625,2.5095,-336.83964000000003,0.008080808080807191,1
1746870201.9546938,2.3390625000000003,2.5095,-214.3218899999998,0.008080808080807191,1
1746870201.9747195,2.7661875,2.5089375,211.77800999999997,0.0023989898989887934,1
1746870201.9948907,2.881125,2.5093125,326.4396599999999,0.006186868686867725,1
1746870202.0147297,2.5535625,2.488875,-0.33669000000010135,-0.20025252525252504,1
1746870202.0347905,2.2164375,2.5095,-336.65259000000003,0.008080808080807191,1
1746870202.0547123,2.353125,2.509875,-200.29314000000016,0.011868686868686121,1
1746870202.0745234,2.744625,2.5095,190.26726000000005,0.008080808080807191,1
1746870202.094267,2.9083125,2.5095,353.56191,0.008080808080807191,1
1746870202.1139827,2.6540625,2.5089375,99.92211000000016,0.0023989898989887934,1
1746870202.1340504,2.2408125,2.5078125,-312.33608999999996,-0.008964646464648,1
1746870202.1540773,2.2906875,2.5085625,-262.58078999999987,-0.0013888888888901377,1
1746870202.1743808,2.7255000000000003,2.50875,171.1881600000002,0.0005050505050493279,1
1746870202.1950057,2.8741875,2.5089375,319.5188100000001,0.0023989898989887934,1
1746870202.2152905,2.474625,2.509125,-79.08473999999998,0.004292929292928259,1
1746870202.235705,2.20575,2.50875,-347.31444,0.0005050505050493279,1
1746870202.2554498,2.4403125,2.5096875,-113.31488999999995,0.009974747474746656,1
1746870202.275204,2.814375,2.5095,259.84986000000004,0.008080808080807191,1
1746870202.295573,2.839125,2.509875,284.54046000000005,0.011868686868686121,1
1746870202.3153818,2.4594375,2.5093125,-94.23579000000012,0.006186868686867725,1
1746870202.3359451,2.2095000000000002,2.509125,-343.57343999999983,0.004292929292928259,1
1746870202.3557432,2.481,2.509125,-72.72504000000019,0.004292929292928259,1
1746870202.375817,2.8768125,2.5123125,322.1375100000002,0.036489898989899176,1
1746870202.3956332,2.8308750000000003,2.509875,276.3102600000002,0.011868686868686121,1
1746870202.4153998,2.4515625,2.5095,-102.09188999999998,0.008080808080807191,1
1746870202.435131,2.2074375,2.5096875,-345.6309899999999,0.009974747474746656,1
1746870202.4548376,2.3698125,2.5100625,-183.64568999999997,0.013762626262625588,1
1746870202.4745407,2.7525,2.5100625,198.1233599999999,0.013762626262625588,1
1746870202.4946933,2.893125,2.5100625,338.4108599999999,0.013762626262625588,1
1746870202.514438,2.5875,2.510625,33.51935999999986,0.019444444444443983,1
1746870202.534152,2.2449375000000003,2.5096875,-308.2209899999998,0.009974747474746656,1
1746870202.55388,2.2760625,2.509875,-277.17069,0.011868686868686121,1
1746870202.5737298,2.6557500000000003,2.5095,101.60556000000022,0.008080808080807191,1
1746870202.5934792,2.9090625,2.5104375,354.31011000000007,0.017550505050504518,1
1746870202.6132011,2.740125,2.5093125,185.77805999999987,0.006186868686867725,1
1746870202.6333416,2.311125,2.5095,-242.19233999999997,0.008080808080807191,1
1746870202.65321,2.2331250000000002,2.509875,-320.0051399999998,0.011868686868686121,1
1746870202.6734054,2.602875,2.540625,48.85745999999999,0.322474747474745,1
1746870202.69429,2.8801875,2.5130625,325.50440999999984,0.04406565656565704,1
1746870202.7147768,2.50425,2.5010625,-49.5308400000002,-0.07714646464646428,1
1746870202.7360575,2.1973125000000002,2.5108125,-355.73168999999984,0.02133838383838345,1
1746870202.7570393,2.6544375000000002,2.5123125,100.29621000000017,0.036489898989899176,1
1746870202.777643,2.89125,2.5089375,336.54035999999985,0.0023989898989887934,1
1746870202.7978306,2.5831875,2.506125,29.217210000000133,-0.02601010101010319,1
1746870202.8175743,2.2426875,2.5081875,-310.4655899999999,-0.005176767676769069,1
1746870202.8373296,2.2899375,2.509875,-263.32898999999986,0.011868686868686121,1
1746870202.8570833,2.64075,2.5156875,86.6415600000001,0.07058080808080507,1
1746870202.877021,2.89725,2.5089375,342.52596000000005,0.0023989898989887934,1
1746870202.897216,2.6555625000000003,2.5059375,101.41851000000021,-0.027904040404042655,1
1746870202.9173713,2.246625,2.520375,-306.5375400000002,0.1179292929292917,1
1746870202.9370959,2.246625,2.520375,-306.5375400000002,0.1179292929292917,1
1746870202.9400384,2.2676250000000002,2.5021875000000002,-285.58793999999983,-0.06578282828282749,1
1746870202.957176,2.6780625000000002,2.5130625,123.86451000000018,0.04406565656565704,1
1746870202.9769218,2.9133750000000003,2.5140000000000002,358.6122600000002,0.053535353535354366,1
1746870202.9966395,2.7253125000000002,2.5644375,171.00111000000018,0.5630050505050482,1
1746870203.016259,2.349,2.510625,-204.40823999999986,0.019444444444443983,1
1746870203.0359526,2.2104375,2.5100625,-342.63819000000024,0.013762626262625588,1
1746870203.0556552,2.4774375,2.5100625,-76.27898999999988,0.013762626262625588,1
1746870203.0755866,2.857125,2.5100625,302.49725999999987,0.013762626262625588,1
1746870203.095639,2.8269375,2.553375,272.38221000000004,0.4512626262626242,1
1746870203.1153944,2.451375,2.50875,-102.27893999999998,0.0005050505050493279,1
1746870203.135033,2.1939375,2.5089375,-359.09858999999994,0.0023989898989887934,1
1746870203.1557827,2.494875,2.508375,-58.8833400000001,-0.0032828282828296033,1
1746870203.1757007,2.86125,2.509125,306.61236,0.004292929292928259,1
1746870203.1959672,2.7931875,2.509125,238.7132100000001,0.004292929292928259,1
1746870203.215733,2.410875,2.509125,-142.6817400000002,0.004292929292928259,1
1746870203.2354574,2.2036875,2.4868125,-349.37199000000004,-0.2210858585858592,1
1746870203.2550952,2.4095625,2.508,-143.99109000000024,-0.007070707070708534,1
1746870203.2748363,2.7945,2.508,240.02256000000014,-0.007070707070708534,1
1746870203.294544,2.8951875,2.508375,340.46840999999995,-0.0032828282828296033,1
1746870203.3142753,2.595,2.508375,41.00136000000014,-0.0032828282828296033,1
1746870203.3340092,2.247,2.508375,-306.1634400000002,-0.0032828282828296033,1
1746870203.3537245,2.270625,2.509125,-282.5951400000002,0.004292929292928259,1
1746870203.3733852,2.616375,2.5374375000000002,62.32506000000006,0.2902777777777786,1
1746870203.3931122,2.90475,2.5089375,350.0079599999999,0.0023989898989887934,1
1746870203.4128094,2.775375,2.5093125,220.94345999999987,0.006186868686867725,1
1746870203.4325085,2.3926875,2.5089375,-160.82558999999998,0.0023989898989887934,1
1746870203.4521985,2.203125,2.5089375,-349.9331400000001,0.0023989898989887934,1
1746870203.471927,2.4316875000000002,2.5089375,-121.91918999999984,0.0023989898989887934,1
1746870203.491546,2.8025625,2.5085625,248.06571000000002,-0.0013888888888901377,1
1746870203.5113935,2.8865625,2.508375,331.8641100000001,-0.0032828282828296033,1
1746870203.5311084,2.5708125,2.509125,16.87191000000011,0.004292929292928259,1
1746870203.557019,2.6724375,2.5089375,118.25300999999996,0.0023989898989887934,1
1746870203.5770016,2.9131875000000003,2.5089375,358.4252100000002,0.0023989898989887934,1
1746870203.5967355,2.7050625,2.50875,150.79970999999986,0.0005050505050493279,1
1746870203.6164947,2.317125,2.5081875,-236.2067400000002,-0.005176767676769069,1
1746870203.636625,2.2438125,2.508375,-309.34328999999985,-0.0032828282828296033,1
1746870203.6565583,2.6068125,2.5081875,52.785510000000144,-0.005176767676769069,1
1746870203.6767678,2.9122500000000002,2.50875,357.48996000000017,0.0005050505050493279,1
1746870203.6969585,2.6720625,2.5089375,117.87890999999995,0.0023989898989887934,1
1746870203.716751,2.292375,2.5089375,-260.8973400000002,0.0023989898989887934,1
1746870203.736651,2.2441875000000002,2.508375,-308.96918999999986,-0.0032828282828296033,1
1746870203.7563603,2.5831875,2.50875,29.217210000000133,0.0005050505050493279,1
1746870203.777092,2.9041875,2.5081875,349.44680999999986,-0.005176767676769069,1
1746870203.7974274,2.6085000000000003,2.508,54.4689600000002,-0.007070707070708534,1
1746870203.817383,2.2426875,2.508,-310.4655899999999,-0.007070707070708534,1
1746870203.8370893,2.277,2.5085625,-276.2354399999999,-0.0013888888888901377,1
1746870203.8568242,2.6431875000000002,2.508375,89.07321000000019,-0.0032828282828296033,1
1746870203.8765378,2.908125,2.5085625,353.37486,-0.0013888888888901377,1
1746870203.896264,2.7571875,2.5078125,202.79961000000006,-0.008964646464648,1
1746870203.915978,2.366625,2.4845625,-186.82554000000007,-0.24381313131313276,1
1746870203.9360642,2.2175625,2.5081875,-335.53029,-0.005176767676769069,1
1746870203.955844,2.516625,2.5115625,-37.18554000000017,0.028914141414141312,1
1746870203.9761248,2.8951875,2.509875,340.46840999999995,0.011868686868686121,1
1746870203.9958458,2.7984375,2.506125,243.95060999999987,-0.02601010101010319,1
1746870204.0155978,2.4170625,2.505375,-136.50908999999996,-0.03358585858586105,1
1746870204.0353603,2.2033125,2.4995625,-349.74609000000004,-0.09229797979798,1
1746870204.0551054,2.41875,2.5078125,-134.82563999999988,-0.008964646464648,1
1746870204.074844,2.802375,2.5201875,247.87866,0.11603535353535224,1
1746870204.0945785,2.890875,2.508,336.1662599999998,-0.007070707070708534,1
1746870204.114718,2.5258125000000002,2.508,-28.020089999999822,-0.007070707070708534,1
1746870204.1344717,2.1928125,2.5095,-360.22089,0.008080808080807191,1
1746870204.1545708,2.3390625000000003,2.509125,-214.3218899999998,0.004292929292928259,1
1746870204.174473,2.75025,2.5089375,195.8787599999998,0.0023989898989887934,1
1746870204.1944387,2.87175,2.511,317.08716,0.023232323232322917,1
1746870204.2143006,2.5606875000000002,2.507625,6.771210000000168,-0.010858585858587465,1
1746870204.2346773,2.223375,2.50875,-329.7317400000002,0.0005050505050493279,1
1746870204.2543836,2.34675,2.5081875,-206.65283999999994,-0.005176767676769069,1
1746870204.2745032,2.7778125,2.508375,223.37510999999998,-0.0032828282828296033,1
1746870204.294299,2.9025,2.5085625,347.7633599999998,-0.0013888888888901377,1
1746870204.3140135,2.6195625000000002,2.508375,65.50491000000018,-0.0032828282828296033,1
1746870204.3337474,2.2610625,2.508375,-292.1346900000001,-0.0032828282828296033,1
1746870204.3534734,2.2565625000000002,2.508375,-296.6238899999998,-0.0032828282828296033,1
1746870204.373678,2.671875,2.508,117.69185999999995,-0.007070707070708534,1
1746870204.3934119,2.911125,2.5078125,356.3676600000001,-0.008964646464648,1
1746870204.4131575,2.7256875000000003,2.508,171.3752100000002,-0.007070707070708534,1
1746870204.4328918,2.3383125000000002,2.508375,-215.07008999999982,-0.0032828282828296033,1
1746870204.4526281,2.21325,2.50875,-339.83244000000013,0.0005050505050493279,1
1746870204.4723673,2.5006875,2.5081875,-53.084789999999884,-0.005176767676769069,1
1746870204.492501,2.8843125,2.50875,329.61951,0.0005050505050493279,1
1746870204.5125186,2.7945,2.5085625,240.02256000000014,-0.0013888888888901377,1
1746870204.5322504,2.412,2.5093125,-141.55944000000014,0.006186868686867725,1
1746870204.552001,2.2021875,2.5089375,-350.8683900000001,0.0023989898989887934,1
1746870204.5718284,2.4331875,2.5089375,-120.42279000000022,0.0023989898989887934,1
1746870204.5915785,2.813625,2.5089375,259.10166,0.0023989898989887934,1
1746870204.6111982,2.890875,2.509125,336.1662599999998,0.004292929292928259,1
1746870204.63091,2.5848750000000003,2.5089375,30.900660000000197,0.0023989898989887934,1
1746870204.6508024,2.23125,2.5085625,-321.87563999999986,-0.0013888888888901377,1
1746870204.6706069,2.2966875,2.5093125,-256.59519000000006,0.006186868686867725,1
1746870204.6903572,2.673375,2.5111875,119.18826,0.025126262626262382,1
1746870204.7100832,2.905125,2.5096875,350.3820599999999,0.009974747474746656,1
1746870204.7296891,2.733,2.509125,178.67016000000004,0.004292929292928259,1
1746870204.749429,2.3514375,2.509125,-201.97659000000021,0.004292929292928259,1
1746870204.7725837,2.6004375,2.5089375,46.4258099999999,0.0023989898989887934,1
1746870204.795681,2.767125,2.50875,212.71326,0.0005050505050493279,1
1746870204.8189745,2.226,2.509125,-327.11304000000007,0.004292929292928259,1
1746870204.8422105,2.8981875,2.5085625,343.4612100000001,-0.0013888888888901377,1
1746870204.8655624,2.3701875,2.5089375,-183.27158999999995,0.0023989898989887934,1
1746870204.8886452,2.5089375,2.5085625,-44.854590000000016,-0.0013888888888901377,1
1746870204.9116826,2.836875,2.50875,282.29586,0.0005050505050493279,1
1746870204.9347494,2.2059375,2.50875,-347.12738999999993,0.0005050505050493279,1
1746870204.958085,2.85,2.50875,295.38936,0.0005050505050493279,1
1746870204.9812229,2.4823125,2.508375,-71.41569000000014,-0.0032828282828296033,1
1746870205.0045218,2.4189375,2.509125,-134.63858999999988,0.004292929292928259,1
1746870205.0276208,2.8816875,2.509125,327.0008099999999,0.004292929292928259,1
1746870205.050671,2.2164375,2.4645,-336.65259000000003,-0.4464646464646466,1
1746870205.0742722,2.7960000000000003,2.508375,241.51896000000022,-0.0032828282828296033,1
1746870205.0972977,2.5719375,2.50875,17.99421000000015,0.0005050505050493279,1
1746870205.120318,2.3131875,2.5089375,-240.1347899999999,0.0023989898989887934,1
1746870205.1435947,2.90025,2.509125,345.51876000000016,0.004292929292928259,1
1746870205.167427,2.219625,2.508,-333.4727399999999,-0.007070707070708534,1
1746870205.1905663,2.7568125,2.5081875,202.42551000000006,-0.005176767676769069,1
1746870205.213634,2.612625,2.507625,58.584059999999916,-0.010858585858587465,1
1746870205.236472,2.2696875,2.5081875,-283.5303900000002,-0.005176767676769069,1
1746870205.2595656,2.9139375,2.508,359.1734099999998,-0.007070707070708534,1
1746870205.2826216,2.32425,2.508,-229.0988399999999,-0.007070707070708534,1
1746870205.3057306,2.5655625,2.5081875,11.63450999999991,-0.005176767676769069,1
1746870205.3287685,2.79675,2.507625,242.2671599999998,-0.010858585858587465,1
1746870205.351788,2.20875,2.508375,-344.32163999999983,-0.0032828282828296033,1
1746870205.3756418,2.9019375000000003,2.5074375,347.2022100000002,-0.01275252525252693,1
1746870205.3986838,2.38275,2.5081875,-170.7392399999999,-0.005176767676769069,1
1746870205.4227788,2.6334375,2.50875,79.34660999999981,0.0005050505050493279,1
1746870205.4459345,2.7313125,2.5081875,176.98671,-0.005176767676769069,1
1746870205.4691749,2.230125,2.5085625,-322.9979399999999,-0.0013888888888901377,1
1746870205.4920106,2.888625,2.508,333.92166000000014,-0.007070707070708534,1
1746870205.5150514,2.3769375,2.508,-176.53779000000014,-0.007070707070708534,1
1746870205.5380523,2.4320625000000002,2.50875,-121.54508999999982,0.0005050505050493279,1
1746870205.5614412,2.84925,2.50875,294.64116,0.0005050505050493279,1
1746870205.584572,2.2095000000000002,2.508375,-343.57343999999983,-0.0032828282828296033,1
1746870205.607608,2.8066875000000002,2.5081875,252.18081000000018,-0.005176767676769069,1
1746870205.6306455,2.556375,2.5085625,2.469060000000005,-0.0013888888888901377,1
1746870205.653965,2.3596875,2.50875,-193.7463899999999,0.0005050505050493279,1
1746870205.688815,2.5588125,2.508375,4.900710000000097,-0.0032828282828296033,1
1746870205.7121792,2.779125,2.508,224.68446,-0.007070707070708534,1
1746870205.735351,2.217375,2.5089375,-335.71734,0.0023989898989887934,1
1746870205.7585764,2.87475,2.508375,320.0799600000001,-0.0032828282828296033,1
1746870205.782226,2.3715,2.5085625,-181.9622399999999,-0.0013888888888901377,1
1746870205.8053138,2.5025625000000002,2.50875,-51.214289999999814,0.0005050505050493279,1
1746870205.8279572,2.8666875000000003,2.50875,312.03681000000023,0.0005050505050493279,1
1746870205.850472,2.2336875,2.508375,-319.4439900000002,-0.0032828282828296033,1
1746870205.8740203,2.7721875000000002,2.508375,217.7636100000002,-0.0032828282828296033,1
1746870205.8967483,2.63325,2.5085625,79.15955999999981,-0.0013888888888901377,1
1746870205.9207406,2.3645625,2.508375,-188.88309000000015,-0.0032828282828296033,1
1746870205.943416,2.9145,2.508375,359.7345599999998,-0.0032828282828296033,1
1746870205.9671257,2.2305,2.508375,-322.6238399999999,-0.0032828282828296033,1
1746870205.9902968,2.727,2.508,172.6845599999998,-0.007070707070708534,1
1746870206.0133994,2.6413125,2.508,87.20271000000011,-0.007070707070708534,1
1746870206.0363915,2.266125,2.5085625,-287.0843399999999,-0.0013888888888901377,1
1746870206.0597205,2.916,2.5078125,361.23095999999987,-0.008964646464648,1
1746870206.0834382,2.24325,2.508,-309.90443999999985,-0.007070707070708534,1
1746870206.106893,2.728875,2.5085625,174.55505999999988,-0.0013888888888901377,1
1746870206.1300614,2.63025,2.508375,76.16676000000014,-0.0032828282828296033,1
1746870206.1532686,2.289,2.5085625,-264.2642399999999,-0.0013888888888901377,1
1746870206.1764858,2.916375,2.507625,361.60505999999987,-0.010858585858587465,1
1746870206.199617,2.2749375,2.5074375,-278.29299000000003,-0.01275252525252693,1
1746870206.222716,2.623125,2.508,69.05885999999987,-0.007070707070708534,1
1746870206.245938,2.728875,2.5074375,174.55505999999988,-0.01275252525252693,1
1746870206.2691088,2.2321875,2.5078125,-320.94038999999987,-0.008964646464648,1
1746870206.2922509,2.90025,2.5081875,345.51876000000016,-0.005176767676769069,1
1746870206.3151443,2.4005625,2.5078125,-152.96949000000012,-0.008964646464648,1
1746870206.3382456,2.4729375,2.508,-80.76819000000005,-0.007070707070708534,1
1746870206.3613813,2.8490625,2.5081875,294.45411,-0.005176767676769069,1
1746870206.3845515,2.207625,2.5081875,-345.4439399999999,-0.005176767676769069,1
1746870206.4076414,2.8119375,2.508,257.41820999999993,-0.007070707070708534,1
1746870206.430721,2.5411875,2.508,-12.681990000000127,-0.007070707070708534,1
1746870206.4538043,2.3416875,2.5115625,-211.70319000000015,0.028914141414141312,1
1746870206.4769075,2.902875,2.505375,348.1374599999998,-0.03358585858586105,1
1746870206.5001109,2.245875,2.508,-307.2857400000002,-0.007070707070708534,1
1746870206.5232382,2.6923125,2.5104375,138.08030999999983,0.017550505050504518,1
1746870206.5463085,2.6836875,2.504625,129.47600999999995,-0.04116161616161892,1
1746870206.5694923,2.2567500000000003,2.5108125,-296.4368399999998,0.02133838383838345,1
1746870206.5923076,2.9038125,2.5070625,349.07270999999986,-0.016540404040405864,1
1746870206.6154006,2.371875,2.4935625,-181.5881399999999,-0.1529040404040429,1
1746870206.6387713,2.5475625,2.5108125,-6.322289999999885,0.02133838383838345,1
1746870206.6623468,2.755875,2.5023750000000002,201.49026,-0.06388888888888802,1
1746870206.6858397,2.232375,2.5085625,-320.75333999999987,-0.0013888888888901377,1
1746870206.7089608,2.9000625,2.507625,345.33171000000016,-0.010858585858587465,1
1746870206.732071,2.3803125,2.508375,-173.17089,-0.0032828282828296033,1
1746870206.755115,2.4898125,2.508375,-63.93368999999986,-0.0032828282828296033,1
1746870206.7785742,2.793375,2.505375,238.90026000000012,-0.03358585858586105,1
1746870206.8016524,2.2085625,2.5104375,-344.5086899999999,0.017550505050504518,1
1746870206.8248105,2.859,2.5108125,304.3677599999999,0.02133838383838345,1
1746870206.847923,2.469375,2.5070625,-84.32214000000019,-0.016540404040405864,1
1746870206.8720727,2.5419375,2.5108125,-11.933790000000098,0.02133838383838345,1
1746870206.8951972,2.8080000000000003,2.5048125,253.49016000000023,-0.03926767676767945,1
1746870206.9182806,2.20725,2.51025,-345.8180399999999,0.015656565656565053,1
1746870206.9414618,2.8584375,2.5081875,303.8066099999999,-0.005176767676769069,1
1746870206.9646838,2.4538125,2.5048125,-99.84728999999989,-0.03926767676767945,1
1746870206.9878147,2.421375,2.5095,-132.20694000000023,0.008080808080807191,1
1746870207.0109012,2.881125,2.508,326.4396599999999,-0.007070707070708534,1
1746870207.0340285,2.2156875,2.5085625,-337.40079000000003,-0.0013888888888901377,1
1746870207.05711,2.7583125,2.5078125,203.9219100000001,-0.008964646464648,1
1746870207.08024,2.6019375,2.5081875,47.92220999999996,-0.005176767676769069,1
1746870207.1033149,2.2965,2.508375,-256.78224000000006,-0.0032828282828296033,1
1746870207.126388,2.9139375,2.5081875,359.1734099999998,-0.005176767676769069,1
1746870207.1503975,2.2291875,2.5036875,-323.93318999999997,-0.05063131313131625,1
1746870207.1736434,2.7429375,2.5115625,188.58380999999997,0.028914141414141312,1
1746870207.1967783,2.61825,2.5055625,64.19556000000013,-0.03169191919192159,1
1746870207.2198718,2.28675,2.51175,-266.50884,0.030808080808080777,1
1746870207.242992,2.9165625,2.506875,361.7921099999999,-0.01843434343434533,1
1746870207.2661304,2.2906875,2.511,-262.58078999999987,0.023232323232322917,1
1746870207.2892153,2.2906875,2.511,-262.58078999999987,0.023232323232322917,1
1746870207.29937,2.2906875,2.511,-262.58078999999987,0.023232323232322917,1
1746870207.308207,2.2906875,2.511,-262.58078999999987,0.023232323232322917,1
1746870207.3181098,2.2104375,2.508375,-342.63819000000024,-0.0032828282828296033,1
1746870207.3412452,2.843625,2.508375,289.0296599999998,-0.0032828282828296033,1
1746870207.3643906,2.4911250000000003,2.50875,-62.624339999999805,0.0005050505050493279,1
1746870207.3875787,2.3956875,2.513625,-157.83278999999987,0.049747474747475436,1
1746870207.4106445,2.8940625,2.507625,339.34610999999995,-0.010858585858587465,1
1746870207.4335132,2.238,2.5089375,-315.14184000000006,0.0023989898989887934,1
1746870207.4565985,2.700375,2.5140000000000002,146.12346000000014,0.053535353535354366,1
1746870207.479677,2.6671875000000003,2.4991875,113.01561000000021,-0.09608585858585893,1
1746870207.5041473,2.3930625,2.51025,-160.45148999999998,0.015656565656565053,1
1746870207.5288696,2.756625,2.508,202.23846000000006,-0.007070707070708534,1
1746870207.5537453,2.3495625,2.5078125,-203.84708999999984,-0.008964646464648,1
1746870207.5768435,2.91675,2.5445625,361.9791599999999,0.3622474747474738,1
1746870207.6001341,2.21625,2.4973125,-336.83964000000003,-0.11502525252525359,1
1746870207.623242,2.6898750000000002,2.5256250000000002,135.64866000000018,0.17095959595959676,1
1746870207.64646,2.6671875000000003,2.4988125,113.01561000000021,-0.09987373737373786,1
1746870207.669927,2.297625,2.510625,-255.65994000000003,0.019444444444443983,1
1746870207.6930535,2.91675,2.5140000000000002,361.9791599999999,0.053535353535354366,1
1746870207.715943,2.307375,2.4995625,-245.9333400000001,-0.09229797979798,1
1746870207.7390294,2.587125,2.5190625,33.14525999999984,0.10467171717171544,1
1746870207.7625232,2.7073125,2.508,153.04430999999997,-0.007070707070708534,1
1746870207.7866673,2.2920000000000003,2.5085625,-261.2714399999998,-0.0013888888888901377,1
1746870207.8110628,2.8575,2.508375,302.87135999999987,-0.0032828282828296033,1
1746870207.8347197,2.1946875,2.50875,-358.35038999999995,0.0005050505050493279,1
1746870207.8585124,2.8786875,2.5395,324.0080099999998,0.31111111111110823,1
1746870207.8821344,2.369625,2.5025625000000002,-183.83273999999997,-0.061994949494948555,1
1746870207.902917,2.2276875,2.4991875,-325.42959,-0.09608585858585893,1
1746870207.9235651,2.671125,2.523,116.94365999999991,0.14444444444444424,1
1746870207.9437003,2.9184375,2.521875,363.66261,0.13308080808080744,1
1746870207.9690757,2.2201875,2.508375,-332.9115899999999,-0.0032828282828296033,1
1746870207.988939,2.51175,2.507625,-42.04883999999991,-0.010858585858587465,1
1746870208.0093377,2.873625,2.5081875,318.95766000000003,-0.005176767676769069,1
1746870208.0291324,2.78775,2.508,233.28875999999988,-0.007070707070708534,1
1746870208.0493214,2.3469375,2.5078125,-206.46578999999994,-0.008964646464648,1
1746870208.0693398,2.22375,2.508,-329.3576400000002,-0.007070707070708534,1
1746870208.089381,2.5685625,2.52525,14.627310000000023,0.1671717171717178,1
1746870208.10911,2.8890000000000002,2.5164375,334.2957600000002,0.07815656565656293,1
1746870208.1288629,2.8111875,2.518875,256.6700099999999,0.10277777777777598,1
1746870208.1485882,2.435625,2.496,-117.99114000000013,-0.12828282828282986,1
1746870208.1689272,2.202,2.5081875,-351.0554400000001,-0.005176767676769069,1
1746870208.1889756,2.5130625,2.507625,-40.73948999999986,-0.010858585858587465,1
1746870208.209437,2.9010000000000002,2.507625,346.2669600000002,-0.010858585858587465,1
1746870208.2295468,2.7361875,2.5081875,181.85001000000017,-0.005176767676769069,1
1746870208.249303,2.348625,2.507625,-204.7823399999999,-0.010858585858587465,1
1746870208.2690332,2.2093125000000002,2.482125,-343.76048999999983,-0.2684343434343458,1
1746870208.2887256,2.48175,2.5138125000000002,-71.97684000000017,0.0516414141414149,1
1746870208.3084326,2.8374375,2.5295625,282.85701,0.21073232323232105,1
1746870208.3283036,2.8576875,2.5231875,303.05840999999987,0.14633838383838368,1
1746870208.3480566,2.499375,2.5003125,-54.394139999999936,-0.08472222222222214,1
1746870208.3678174,2.2100625000000003,2.5074375,-343.0122899999998,-0.01275252525252693,1
1746870208.3875687,2.3428125,2.508375,-210.5808900000001,-0.0032828282828296033,1
1746870208.407288,2.7275625,2.507625,173.24570999999983,-0.010858585858587465,1
1746870208.4270082,2.9086875,2.5081875,353.93601000000007,-0.005176767676769069,1
1746870208.44716,2.6175,2.517,63.4473600000001,0.08383838383838133,1
1746870208.4668636,2.262,2.4958125,-291.19944000000004,-0.1301767676767693,1
1746870208.4865775,2.2546875,2.4969375,-298.4943899999999,-0.11881313131313252,1
1746870208.5063088,2.60625,2.516625,52.22436000000012,0.0800505050505024,1
1746870208.5260289,2.9000625,2.524125,345.33171000000016,0.15580808080808103,1
1746870208.5457401,2.787375,2.5070625,232.91465999999988,-0.016540404040405864,1
1746870208.5654361,2.404875,2.5078125,-148.66733999999997,-0.008964646464648,1
1746870208.5852182,2.203125,2.507625,-349.9331400000001,-0.010858585858587465,1
1746870208.6049244,2.4234375,2.507625,-130.14939000000015,-0.010858585858587465,1
1746870208.6246498,2.7766875,2.5074375,222.25280999999993,-0.01275252525252693,1
1746870208.6445096,2.8785000000000003,2.5078125,323.82096000000024,-0.008964646464648,1
1746870208.6643848,2.5385625,2.49825,-15.300690000000225,-0.10555555555555626,1
1746870208.6845653,2.2100625000000003,2.505375,-343.0122899999998,-0.03358585858586105,1
1746870208.7042658,2.3465625,2.50875,-206.83988999999997,0.0005050505050493279,1
1746870208.723976,2.7316875,2.5119375,177.36081,0.032702020202020246,1
1746870208.7436755,2.91075,2.507625,355.9935600000001,-0.010858585858587465,1
1746870208.763418,2.6670000000000003,2.508,112.82856000000021,-0.007070707070708534,1
1746870208.7831562,2.290875,2.508,-262.39373999999987,-0.007070707070708534,1
1746870208.803288,2.257875,2.507625,-295.3145400000002,-0.010858585858587465,1
1746870208.8229833,2.6068125,2.508375,52.785510000000144,-0.0032828282828296033,1
1746870208.8426778,2.898,2.5081875,343.2741600000001,-0.005176767676769069,1
1746870208.8623898,2.7808125,2.50575,226.36791000000008,-0.029797979797982124,1
1746870208.8821084,2.40675,2.5027500000000003,-146.7968399999999,-0.060101010101009086,1
1746870208.9018016,2.2033125,2.50425,-349.74609000000004,-0.04494949494949785,1
1746870208.921837,2.457,2.511375,-96.66744000000021,0.027020202020201847,1
1746870208.941563,2.829,2.51025,274.43976000000015,0.015656565656565053,1
1746870208.96129,2.8770000000000002,2.50875,322.3245600000002,0.0005050505050493279,1
1746870208.9814126,2.4628125,2.508,-90.86889,-0.007070707070708534,1
1746870209.001612,2.2051875,2.507625,-347.87559,-0.010858585858587465,1
1746870209.0213385,2.3970000000000002,2.507625,-156.52343999999982,-0.010858585858587465,1
1746870209.0409675,2.773125,2.507625,218.6988599999998,-0.010858585858587465,1
1746870209.0606627,2.9041875,2.507625,349.44680999999986,-0.010858585858587465,1
1746870209.080395,2.6285625,2.505,74.48331000000007,-0.03737373737373999,1
1746870209.1001034,2.2666875,2.5020000000000002,-286.5231899999999,-0.06767676767676695,1
1746870209.1198137,2.2475625,2.507625,-305.60229000000015,-0.010858585858587465,1
1746870209.139527,2.59275,2.511,38.75676000000005,0.023232323232322917,1
1746870209.1596272,2.90775,2.5085625,353.00076,-0.0013888888888901377,1
1746870209.1794198,2.7489375000000003,2.5051875,194.5694100000002,-0.03547979797980052,1
1746870209.199146,2.3608125,2.50575,-192.62408999999985,-0.029797979797982124,1
1746870209.2188716,2.2078125,2.5074375,-345.2568899999999,-0.01275252525252693,1
1746870209.2385802,2.4624375,2.5089375,-91.24299,0.0023989898989887934,1
1746870209.2583375,2.836875,2.50725,282.29586,-0.014646464646466397,1
1746870209.2784882,2.8395,2.505375,284.9145600000001,-0.03358585858586105,1
1746870209.298207,2.47725,2.5044375,-76.4660399999999,-0.04305555555555838,1
1746870209.317908,2.2078125,2.50725,-345.2568899999999,-0.014646464646466397,1
1746870209.3376117,2.349,2.510625,-204.40823999999986,0.019444444444443983,1
1746870209.3573086,2.7324375,2.511,178.10901,0.023232323232322917,1
1746870209.3770826,2.9098125,2.5093125,355.05831000000006,0.006186868686867725,1
1746870209.3972065,2.6075625000000002,2.508375,53.53371000000017,-0.0032828282828296033,1
1746870209.416918,2.2546875,2.5089375,-298.4943899999999,0.0023989898989887934,1
1746870209.4366329,2.2605,2.508,-292.6958400000001,-0.007070707070708534,1
1746870209.456341,2.612625,2.5085625,58.584059999999916,-0.0013888888888901377,1
1746870209.4760914,2.9015625000000003,2.508,346.8281100000002,-0.007070707070708534,1
1746870209.4958065,2.7774375,2.508375,223.00100999999995,-0.0032828282828296033,1
1746870209.5159712,2.3420625,2.5081875,-211.32909000000012,-0.005176767676769069,1
1746870209.535682,2.2119375,2.509125,-341.1417900000002,0.004292929292928259,1
1746870209.5553799,2.4883125,2.508375,-65.43008999999991,-0.0032828282828296033,1
1746870209.5751755,2.8537500000000002,2.5085625,299.13036000000017,-0.0013888888888901377,1
1746870209.5949216,2.8573125,2.5081875,302.68430999999987,-0.005176767676769069,1
1746870209.614675,2.499375,2.508375,-54.394139999999936,-0.0032828282828296033,1
1746870209.6348102,2.196375,2.472375,-356.6669399999999,-0.36691919191919353,1
1746870209.6546407,2.3973750000000003,2.511,-156.1493399999998,0.023232323232322917,1
1746870209.6744382,2.788125,2.52375,233.6628599999999,0.15202020202020208,1
1746870209.6941755,2.8974375,2.5201875,342.71301000000005,0.11603535353535224,1
1746870209.7138972,2.6034375,2.50575,49.418610000000015,-0.029797979797982124,1
1746870209.7336228,2.2513125,2.4995625,-301.86129,-0.09229797979798,1
1746870209.7533581,2.265,2.5618125000000003,-288.20663999999994,0.5364898989899002,1
1746870209.7730298,2.6199375000000003,2.5081875,65.87901000000019,-0.005176767676769069,1
1746870209.7927685,2.904,2.5085625,349.25975999999986,-0.0013888888888901377,1
1746870209.8124897,2.7748125,2.5085625,220.38230999999985,-0.0013888888888901377,1
1746870209.8321986,2.391,2.5089375,-162.50904000000006,0.0023989898989887934,1
1746870209.8519409,2.199375,2.487375,-353.6741400000002,-0.2154040404040408,1
1746870209.8716462,2.4343125,2.5126875,-119.30049000000018,0.040277777777778107,1
1746870209.891776,2.8501875,2.5239375,295.57641000000007,0.15391414141414156,1
1746870209.9114866,2.8640625,2.5185,309.4181100000001,0.09898989898989706,1
1746870209.931195,2.5130625,2.5014375,-40.73948999999986,-0.07335858585858535,1
1746870209.9570682,2.7163125,2.5095,162.02270999999985,0.008080808080807191,1
1746870209.977034,2.9109375,2.5085625,356.1806100000001,-0.0013888888888901377,1
1746870209.996768,2.6925,2.5078125,138.26735999999983,-0.008964646464648,1
1746870210.0165288,2.2835625,2.5081875,-269.6886900000001,-0.005176767676769069,1
1746870210.0365393,2.22375,2.508,-329.3576400000002,-0.007070707070708534,1
1746870210.0571558,2.7230625,2.5492500000000002,168.7565100000001,0.40959595959596046,1
1746870210.0772698,2.908875,2.5335,354.12306000000007,0.25050505050504984,1
1746870210.0970159,2.6300625,2.5156875,75.97971000000014,0.07058080808080507,1
1746870210.1167648,2.2648125,2.4913125000000003,-288.39368999999994,-0.175631313131312,1
1746870210.1363974,2.247,2.4954375,-306.1634400000002,-0.13396464646464826,1
1746870210.156227,2.6019375,2.5153125,47.92220999999996,0.06679292929292614,1
1746870210.1758978,2.89575,2.509125,341.02956,0.004292929292928259,1
1746870210.1963832,2.7050625,2.508375,150.79970999999986,-0.0032828282828296033,1
1746870210.2164166,2.2936875,2.5093125,-259.58799000000016,0.006186868686867725,1
1746870210.2361512,2.2265625,2.50875,-326.55189000000007,0.0005050505050493279,1
1746870210.255921,2.5554375,2.5081875,1.5338099999999695,-0.005176767676769069,1
1746870210.2755556,2.8764375,2.508375,321.76341000000014,-0.0032828282828296033,1
1746870210.2952676,2.8209375,2.54625,266.39660999999984,0.379292929292929,1
1746870210.3153815,2.4080625,2.4943125,-145.48748999999984,-0.14532828282828503,1
1746870210.3351564,2.20575,2.491875,-347.31444,-0.1699494949494981,1
1746870210.3548677,2.4249375,2.5027500000000003,-128.6529900000001,-0.060101010101009086,1
1746870210.3746321,2.808375,2.5245,253.8642599999998,0.15959595959595996,1
1746870210.394312,2.890875,2.508,336.1662599999998,-0.007070707070708534,1
1746870210.4140115,2.58375,2.5085625,29.778360000000156,-0.0013888888888901377,1
1746870210.4337437,2.2411875,2.5085625,-311.96198999999996,-0.0013888888888901377,1
1746870210.4534497,2.274375,2.5085625,-278.85414000000003,-0.0013888888888901377,1
1746870210.4731865,2.6413125,2.5089375,87.20271000000011,0.0023989898989887934,1
1746870210.4929073,2.9026875,2.5483125,347.9504099999998,0.4001262626262631,1
1746870210.5130405,2.7095625,2.518875,155.28891000000004,0.10277777777777598,1
1746870210.5327344,2.3285625,2.4961875,-224.79669000000018,-0.12638888888889038,1
1746870210.5524774,2.217,2.496375,-336.09144,-0.12449494949495092,1
1746870210.572281,2.5250625,2.5115625,-28.76828999999985,0.028914141414141312,1
1746870210.5920584,2.872125,2.5228125,317.46126,0.14255050505050476,1
1746870210.6117887,2.83725,2.5089375,282.66996,0.0023989898989887934,1
1746870210.6319513,2.4163125,2.5085625,-137.25728999999998,-0.0013888888888901377,1
1746870210.6517155,2.2014375,2.5089375,-351.61659000000014,0.0023989898989887934,1
1746870210.6715825,2.4331875,2.5081875,-120.42279000000022,-0.005176767676769069,1
1746870210.6913013,2.811375,2.5085625,256.8570599999999,-0.0013888888888901377,1
1746870210.7110054,2.8888125000000002,2.5085625,334.1087100000002,-0.0013888888888901377,1
1746870210.7307184,2.57625,2.505,22.296359999999872,-0.03737373737373999,1
1746870210.7508624,2.217,2.50725,-336.09144,-0.014646464646466397,1
1746870210.7706096,2.3205,2.5104375,-232.83984000000007,0.017550505050504518,1
1746870210.7903507,2.705625,2.5115625,151.3608599999999,0.028914141414141312,1
1746870210.8100636,2.9130000000000003,2.508375,358.2381600000002,-0.0032828282828296033,1
1746870210.829777,2.6990625,2.5089375,144.81411000000008,0.0023989898989887934,1
1746870210.8494906,2.3165625,2.5089375,-236.7678900000002,0.0023989898989887934,1
1746870210.8696203,2.239875,2.50875,-313.27134,0.0005050505050493279,1
1746870210.8893209,2.5734375000000003,2.5085625,19.490610000000206,-0.0013888888888901377,1
1746870210.9090576,2.89125,2.511,336.54035999999985,0.023232323232322917,1
1746870210.9287515,2.80875,2.506875,254.2383599999998,-0.01843434343434533,1
1746870210.948489,2.433375,2.505375,-120.23574000000022,-0.03358585858586105,1
1746870210.9682193,2.2029375,2.5089375,-350.1201900000001,0.0023989898989887934,1
1746870210.988354,2.446125,2.51175,-107.51634000000018,0.030808080808080777,1
1746870211.008078,2.8235625,2.50875,269.01530999999994,0.0005050505050493279,1
1746870211.0277872,2.8824375,2.5085625,327.74900999999994,-0.0013888888888901377,1
1746870211.0475404,2.566125,2.5085625,12.195659999999931,-0.0013888888888901377,1
1746870211.0672631,2.228625,2.50875,-324.49433999999997,0.0005050505050493279,1
1746870211.0870817,2.3041875,2.5104375,-249.11319000000023,0.017550505050504518,1
1746870211.1067753,2.6775,2.5134375,123.30336000000015,0.04785353535353597,1
1746870211.1264892,2.9128125000000002,2.51175,358.0511100000002,0.030808080808080777,1
1746870211.1462057,2.7268125,2.505375,172.4975099999998,-0.03358585858586105,1
1746870211.1659408,2.3364375,2.506125,-216.9405899999999,-0.02601010101010319,1
1746870211.1857407,2.2164375,2.5095,-336.65259000000003,0.008080808080807191,1
1746870211.2054799,2.5055625,2.5108125,-48.221490000000145,0.02133838383838345,1
1746870211.225605,2.88675,2.5089375,332.0511600000001,0.0023989898989887934,1
1746870211.2453125,2.820375,2.50875,265.8354599999998,0.0005050505050493279,1
1746870211.2650304,2.4465,2.508,-107.14224000000016,-0.007070707070708534,1
1746870211.28473,2.20425,2.5078125,-348.81084000000004,-0.008964646464648,1
1746870211.3044453,2.3761875,2.5111875,-177.28599000000017,0.025126262626262382,1
1746870211.3241656,2.7643125,2.5147500000000003,209.9075099999999,0.061111111111112226,1
1746870211.3442495,2.892,2.5078125,337.28855999999985,-0.008964646464648,1
1746870211.3639545,2.5852500000000003,2.505375,31.27476000000021,-0.03358585858586105,1
1746870211.3837159,2.244,2.5089375,-309.15623999999985,0.0023989898989887934,1
1746870211.4034195,2.2741875,2.5089375,-279.04119000000003,0.0023989898989887934,1
1746870211.4231257,2.63775,2.5100625,83.64875999999998,0.013762626262625588,1
1746870211.4428327,2.9056875,2.5138125000000002,350.9432099999999,0.0516414141414149,1
1746870211.462966,2.714625,2.51025,160.3392599999998,0.015656565656565053,1
1746870211.4826846,2.3296875,2.499,-223.67439000000016,-0.0979797979797984,1
1746870211.502434,2.2164375,2.5031250000000003,-336.65259000000003,-0.056313131313130156,1
1746870211.52216,2.5108125,2.511375,-42.984089999999945,0.027020202020201847,1
1746870211.5418644,2.8605,2.5190625,305.86415999999997,0.10467171717171544,1
1746870211.5615764,2.850375,2.50875,295.76346000000007,0.0005050505050493279,1
1746870211.5814052,2.4811875,2.5089375,-72.53799000000018,0.0023989898989887934,1
1746870211.601171,2.20725,2.50875,-345.8180399999999,0.0005050505050493279,1
1746870211.6208856,2.3536875,2.5095,-199.73199000000014,0.008080808080807191,1
1746870211.6406336,2.7435,2.5385625,189.14496,0.3016414141414109,1
1746870211.6605508,2.9045625,2.530125,349.8209099999999,0.21641414141413945,1
1746870211.6803246,2.6255625,2.5048125,71.49050999999996,-0.03926767676767945,1
1746870211.7004776,2.234625,2.4916875,-318.5087400000002,-0.17184343434343755,1
1746870211.7202168,2.2875,2.5018125,-265.76063999999997,-0.06957070707070641,1
1746870211.739951,2.660625,2.5089375,106.46885999999996,0.0023989898989887934,1
1746870211.7597077,2.9105625,2.5089375,355.8065100000001,0.0023989898989887934,1
1746870211.779494,2.7290625,2.509125,174.74210999999988,0.004292929292928259,1
1746870211.7992377,2.3394375,2.50875,-213.94779000000023,0.0005050505050493279,1
1746870211.8189611,2.2066875,2.4830625,-346.37918999999994,-0.2589646464646485,1
1746870211.8385682,2.478375,2.51325,-75.34373999999984,0.045959595959596505,1
1746870211.8582885,2.843625,2.5245,289.0296599999998,0.15959595959595996,1
1746870211.8779972,2.868,2.5201875,313.3461599999998,0.11603535353535224,1
1746870211.8977854,2.5183125,2.5027500000000003,-35.50209000000011,-0.060101010101009086,1
1746870211.9174955,2.21475,2.509125,-338.3360400000001,0.004292929292928259,1
1746870211.94324,2.914125,2.5096875,359.3604599999998,0.009974747474746656,1
1746870211.9631195,2.6930625,2.5093125,138.82850999999985,0.006186868686867725,1
1746870211.982892,2.3071875,2.5093125,-246.12039000000013,0.006186868686867725,1
1746870212.0026271,2.2261875,2.5096875,-326.92599000000007,0.009974747474746656,1
1746870212.0226498,2.583,2.5096875,29.030160000000127,0.009974747474746656,1
1746870212.042454,2.8951875,2.556375,340.46840999999995,0.48156565656565564,1
1746870212.0622616,2.7691875,2.531625,214.77081000000007,0.23156565656565517,1
1746870212.0823946,2.3563125,2.49225,-197.11329000000003,-0.16616161616161917,1
1746870212.1021624,2.2093125000000002,2.5096875,-343.76048999999983,0.009974747474746656,1
1746870212.1219065,2.48175,2.5093125,-71.97684000000017,0.006186868686867725,1
1746870212.1416512,2.8374375,2.51025,282.85701,0.015656565656565053,1
1746870212.1618907,2.813625,2.539125,259.10166,0.3073232323232293,1
1746870212.1818895,2.413125,2.505375,-140.43714000000008,-0.03358585858586105,1
1746870212.2018938,2.2051875,2.49525,-347.87559,-0.1358585858585877,1
1746870212.2216763,2.453625,2.5059375,-100.0343399999999,-0.027904040404042655,1
1746870212.2414036,2.8276875,2.5273125,273.1304100000001,0.18800505050504746,1
1746870212.261128,2.88075,2.521875,326.0655599999999,0.13308080808080744,1
1746870212.2808833,2.5471875,2.5096875,-6.6963899999999,0.009974747474746656,1
1746870212.300603,2.2258125,2.5095,-327.30009000000007,0.008080808080807191,1
1746870212.320592,2.3296875,2.5095,-223.67439000000016,0.008080808080807191,1
1746870212.3403673,2.715,2.5093125,160.7133599999998,0.006186868686867725,1
1746870212.360084,2.9109375,2.535,356.1806100000001,0.26565656565656554,1
1746870212.3798702,2.67975,2.5325625,125.5479599999998,0.2410353535353525,1
1746870212.3995807,2.3036250000000003,2.47275,-249.6743399999998,-0.36313131313131464,1
1746870212.4192922,2.2449375000000003,2.496375,-308.2209899999998,-0.12449494949495092,1
1746870212.4394455,2.598,2.516625,43.99415999999981,0.0800505050505024,1
1746870212.4591458,2.8775625000000002,2.5089375,322.8857100000002,0.0023989898989887934,1
1746870212.4788654,2.793375,2.509125,238.90026000000012,0.004292929292928259,1
1746870212.498599,2.411625,2.5093125,-141.93354000000016,0.006186868686867725,1
1746870212.5183141,2.2018125,2.4871875,-351.2424900000001,-0.21729797979798024,1
1746870212.5380187,2.410875,2.5215,-142.6817400000002,0.12929292929292852,1
1746870212.557615,2.78175,2.521875,227.3031600000001,0.13308080808080744,1
1746870212.5774972,2.8940625,2.5239375,339.34610999999995,0.15391414141414156,1
1746870212.5972362,2.5891875,2.50725,35.202809999999914,-0.014646464646466397,1
1746870212.6169517,2.245875,2.494125,-307.2857400000002,-0.1472222222222245,1
1746870212.6368644,2.2948125,2.49975,-258.46569000000017,-0.09040404040404054,1
1746870212.656924,2.705625,2.509125,151.3608599999999,0.004292929292928259,1
1746870212.6765785,2.9130000000000003,2.5089375,358.2381600000002,0.0023989898989887934,1
1746870212.696336,2.7054375,2.50875,151.1738099999999,0.0005050505050493279,1
1746870212.716057,2.3205,2.509125,-232.83984000000007,0.004292929292928259,1
1746870212.7357783,2.2138125,2.4845625,-339.2712900000001,-0.24381313131313276,1
1746870212.7554934,2.5164375,2.51625,-37.37259000000018,0.07626262626262346,1
1746870212.7752466,2.868375,2.532,313.7202599999998,0.2353535353535341,1
1746870212.795405,2.8065,2.5215,251.99376000000015,0.12929292929292852,1
1746870212.8151062,2.430375,2.4976875,-123.22853999999988,-0.11123737373737466,1
1746870212.834834,2.202,2.4950625,-351.0554400000001,-0.13775252525252718,1
1746870212.854541,2.394375,2.5051875,-159.14213999999993,-0.03547979797980052,1
1746870212.8755136,2.9049375,2.5213125,350.1950099999999,0.12739898989898904,1
1746870212.8987615,2.343,2.4958125,-210.3938400000001,-0.1301767676767693,1
1746870212.9234874,2.7538125,2.5155,199.43270999999993,0.0686868686868656,1
1746870212.948074,2.3908125,2.509125,-162.69609000000005,0.004292929292928259,1
1746870212.9724839,2.590875,2.5089375,36.88625999999998,0.0023989898989887934,1
1746870212.9954727,2.756625,2.511375,202.23846000000006,0.027020202020201847,1
1746870213.01874,2.1943125,2.5085625,-358.72448999999995,-0.0013888888888901377,1
1746870213.0410318,2.814375,2.5273125,259.84986000000004,0.18800505050504746,1
1746870213.0630102,2.6623125,2.5031250000000003,108.15231000000003,-0.056313131313130156,1
1746870213.0851061,2.21925,2.5021875000000002,-333.8468399999999,-0.06578282828282749,1
1746870213.1068301,2.724,2.5205625,169.69176000000013,0.11982323232323118,1
1746870213.1283545,2.8316250000000003,2.5119375,277.05846000000025,0.032702020202020246,1
1746870213.1498804,2.2535625,2.509125,-299.61668999999995,0.004292929292928259,1
1746870213.171939,2.5344375,2.5093125,-19.415789999999937,0.006186868686867725,1
1746870213.194602,2.8498125,2.509125,295.20231,0.004292929292928259,1
1746870213.21801,2.2078125,2.4871875,-345.2568899999999,-0.21729797979798024,1
1746870213.2411387,2.83875,2.528625,284.16636000000005,0.2012626262626237,1
1746870213.2642462,2.5014375,2.4969375,-52.33658999999986,-0.11881313131313252,1
1746870213.2877142,2.42925,2.5185,-124.35083999999993,0.09898989898989706,1
1746870213.3107677,2.88225,2.512125,327.56195999999994,0.03459595959595971,1
1746870213.3338194,2.2183125,2.5003125,-334.7820899999999,-0.08472222222222214,1
1746870213.3568623,2.744625,2.509125,190.26726000000005,0.004292929292928259,1
1746870213.3809,2.4785625000000002,2.509125,-75.15668999999984,0.004292929292928259,1
1746870213.4042146,2.415,2.5119375,-138.56664000000004,0.032702020202020246,1
1746870213.4283526,2.8018125,2.50575,247.31751,-0.029797979797982124,1
1746870213.4514163,2.2089375,2.5035,-344.13458999999983,-0.05252525252525571,1
1746870213.4745553,2.865,2.5198125,310.3533600000002,0.11224747474747332,1
1746870213.497767,2.465625,2.496375,-88.06313999999989,-0.12449494949495092,1
1746870213.521131,2.4361875,2.509125,-117.42999000000012,0.004292929292928259,1
1746870213.544618,2.8239375,2.506125,269.38940999999994,-0.02601010101010319,1
1746870213.5687428,2.2160625,2.5254375000000002,-337.02669000000003,0.16906565656565728,1
1746870213.5931842,2.8974375,2.53575,342.71301000000005,0.2732323232323234,1
1746870213.6155276,2.3355,2.5065,-217.87583999999993,-0.02222222222222426,1
1746870213.6378622,2.422125,2.5093125,-131.4587400000002,0.006186868686867725,1
1746870213.660553,2.8888125000000002,2.5089375,334.1087100000002,0.0023989898989887934,1
1746870213.6817942,2.4031875,2.5089375,-150.35079000000002,0.0023989898989887934,1
1746870213.702506,2.1883125,2.5085625,-364.7100900000002,-0.0013888888888901377,1
1746870213.724295,2.7924375,2.509125,237.96501000000006,0.004292929292928259,1
1746870213.7451699,2.8068750000000002,2.5089375,252.36786000000018,0.0023989898989887934,1
1746870213.7660198,2.3146875000000002,2.5093125,-238.63838999999984,0.006186868686867725,1
1746870213.7867002,2.2815,2.509125,-271.7462400000002,0.004292929292928259,1
1746870213.8070815,2.72025,2.50875,165.95076,0.0005050505050493279,1
1746870213.8274088,2.8781250000000003,2.5093125,323.44686000000024,0.006186868686867725,1
1746870213.8475413,2.5156875,2.509125,-38.120790000000206,0.004292929292928259,1
1746870213.8679485,2.1982500000000003,2.5089375,-354.7964399999998,0.0023989898989887934,1
1746870213.8887074,2.508,2.5089375,-45.789840000000055,0.0023989898989887934,1
1746870213.9096642,2.9090625,2.5095,354.31011000000007,0.008080808080807191,1
1746870213.9300737,2.647875,2.509125,93.74945999999993,0.004292929292928259,1
1746870213.9501717,2.2325625000000002,2.5089375,-320.56628999999987,0.0023989898989887934,1
1746870213.9701571,2.278875,2.509125,-274.3649399999999,0.004292929292928259,1
1746870213.9904196,2.7099375,2.50875,155.66301000000004,0.0005050505050493279,1
1746870214.0103462,2.8959375,2.5089375,341.21661,0.0023989898989887934,1
1746870214.0312557,2.4721875,2.50875,-81.51639000000007,0.0005050505050493279,1
1746870214.0579462,2.81025,2.508375,255.73475999999985,-0.0032828282828296033,1
1746870214.078395,2.8239375,2.508375,269.38940999999994,-0.0032828282828296033,1
1746870214.0985248,2.3973750000000003,2.5089375,-156.1493399999998,0.0023989898989887934,1
1746870214.118803,2.1958125,2.5089375,-357.2280899999999,0.0023989898989887934,1
1746870214.1388307,2.5089375,2.5089375,-44.854590000000016,0.0023989898989887934,1
1746870214.1592882,2.8899375000000003,2.5085625,335.2310100000002,-0.0013888888888901377,1
1746870214.1792488,2.7367500000000002,2.5085625,182.4111600000002,-0.0013888888888901377,1
1746870214.199753,2.266875,2.509125,-286.3361399999999,0.004292929292928259,1
1746870214.2196527,2.2374375,2.5093125,-315.7029900000001,0.006186868686867725,1
1746870214.2394938,2.59725,2.5089375,43.245959999999776,0.0023989898989887934,1
1746870214.26068,2.88225,2.50875,327.56195999999994,0.0005050505050493279,1
1746870214.280915,2.524875,2.5085625,-28.955339999999858,-0.0013888888888901377,1
1746870214.301346,2.1905625,2.509125,-362.4654900000001,0.004292929292928259,1
1746870214.321474,2.4202500000000002,2.509125,-133.32923999999983,0.004292929292928259,1
1746870214.3413513,2.8125,2.5085625,257.97935999999993,-0.0013888888888901377,1
1746870214.3615565,2.8329375,2.521875,278.36780999999985,0.13308080808080744,1
1746870214.3817234,2.419125,2.504625,-134.45153999999988,-0.04116161616161892,1
1746870214.4017491,2.1905625,2.5093125,-362.4654900000001,0.006186868686867725,1
1746870214.4216983,2.446875,2.5140000000000002,-106.76814000000014,0.053535353535354366,1
1746870214.4417665,2.8479375,2.5115625,293.33180999999996,0.028914141414141312,1
1746870214.461905,2.8076250000000003,2.50725,253.1160600000002,-0.014646464646466397,1
1746870214.4818704,2.3977500000000003,2.5089375,-155.7752399999998,0.0023989898989887934,1
1746870214.5018456,2.240625,2.5095,-312.52313999999996,0.008080808080807191,1
1746870214.5217812,2.4628125,2.509125,-90.86889,0.004292929292928259,1
1746870214.5416937,2.7834375000000002,2.5095,228.98661000000018,0.008080808080807191,1
1746870214.5616364,2.824875,2.509125,270.32466,0.004292929292928259,1
1746870214.5819902,2.386875,2.4945,-166.6241400000002,-0.14343434343434558,1
1746870214.602069,2.19675,2.4991875,-356.29283999999984,-0.09608585858585893,1
1746870214.621979,2.48475,2.508375,-68.98404000000005,-0.0032828282828296033,1
1746870214.6419222,2.8569375,2.5081875,302.31020999999987,-0.005176767676769069,1
1746870214.6620426,2.794125,2.50875,239.64846000000014,0.0005050505050493279,1
1746870214.6821856,2.365125,2.5059375,-188.32194000000015,-0.027904040404042655,1
1746870214.7022336,2.1978750000000002,2.5074375,-355.17053999999985,-0.01275252525252693,1
1746870214.7222033,2.5115625,2.51325,-42.23588999999992,0.045959595959596505,1
1746870214.7420974,2.5115625,2.51325,-42.23588999999992,0.045959595959596505,1
1746870214.7566009,2.5123125,2.524125,-41.48768999999989,0.15580808080808103,1
1746870214.7726283,2.5848750000000003,2.5125,30.900660000000197,0.03838383838383864,1
1746870214.7939875,2.5848750000000003,2.5125,30.900660000000197,0.03838383838383864,1
1746870214.8063552,2.512125,2.5140000000000002,-41.67473999999989,0.053535353535354366,1
1746870214.8248425,2.7916875,2.51025,237.21681000000004,0.015656565656565053,1
1746870214.8463402,2.670375,2.50575,116.19545999999988,-0.029797979797982124,1
1746870214.8673558,2.200125,2.5096875,-352.9259400000002,0.009974747474746656,1
1746870214.8904765,2.7133125000000002,2.5115625,159.02991000000017,0.028914141414141312,1
1746870214.9116716,2.8160625,2.5081875,261.5333100000001,-0.005176767676769069,1
1746870214.9322338,2.355375,2.5036875,-198.04854000000006,-0.05063131313131625,1
1746870214.957814,2.775,2.5108125,220.56935999999985,0.02133838383838345,1
1746870214.9782846,2.8224375,2.506875,267.8930099999999,-0.01843434343434533,1
1746870215.001596,2.8224375,2.506875,267.8930099999999,-0.01843434343434533,1
1746870215.022513,2.557125,2.511375,3.2172600000000333,0.027020202020201847,1
1746870215.0440037,2.866875,2.508,312.2238599999998,-0.007070707070708534,1
1746870215.0674627,2.2025625,2.508375,-350.4942900000001,-0.0032828282828296033,1
1746870215.0906186,2.719875,2.5111875,165.57665999999998,0.025126262626262382,1
1746870215.1152213,2.3799375,2.506875,-173.54499,-0.01843434343434533,1
1746870215.1360576,2.21325,2.5111875,-339.83244000000013,0.025126262626262382,1
1746870215.1572638,2.71275,2.5125,158.46876000000017,0.03838383838383864,1
1746870215.1794279,2.679375,2.5066875,125.17385999999979,-0.020328282828284795,1
1746870215.203505,2.2738125,2.5119375,-279.41529,0.032702020202020246,1
1746870215.2250798,2.833125,2.5126875,278.55485999999985,0.040277777777778107,1
1746870215.2471788,2.544,2.505,-9.87624000000002,-0.03737373737373999,1
1746870215.2691793,2.1916875,2.5111875,-361.34319000000005,0.025126262626262382,1
1746870215.2930338,2.911125,2.506875,356.3676600000001,-0.01843434343434533,1
1746870215.3159125,2.276625,2.508375,-276.6095399999999,-0.0032828282828296033,1
1746870215.338609,2.4556875000000002,2.5143750000000002,-97.97678999999982,0.057323232323233296,1
1746870215.360006,2.860125,2.506875,305.49005999999997,-0.01843434343434533,1
1746870215.3848276,2.152125,2.5111875,-400.81074000000024,0.025126262626262382,1
1746870215.4068182,2.6473125,2.51775,93.1883099999999,0.09141414141413919,1
1746870215.4275975,2.8456875,2.515125,291.08720999999986,0.06489898989898667,1
1746870215.4493477,2.2790625,2.49975,-274.1778899999999,-0.09040404040404054,1
1746870215.4701676,2.2430625,2.5070625,-310.0914899999999,-0.016540404040405864,1
1746870215.4913685,2.8145625,2.5186875,260.03691000000003,0.10088383838383652,1
1746870215.5131493,2.633625,2.498625,79.53365999999983,-0.10176767676767733,1
1746870215.537803,2.3623125000000003,2.5143750000000002,-191.1276899999998,0.057323232323233296,1
1746870215.5594482,2.9242500000000002,2.5183125,369.4611600000002,0.09709595959595758,1
1746870215.580119,2.656875,2.5051875,102.72785999999982,-0.03547979797980052,1
1746870215.6005957,2.210625,2.4999375,-342.45114000000024,-0.08851010101010107,1
1746870215.6212044,2.404125,2.507625,-149.41554,-0.010858585858587465,1
1746870215.6409624,2.7875625,2.519625,233.10170999999988,0.11035353535353384,1
1746870215.660831,2.906625,2.517,351.87845999999996,0.08383838383838133,1
1746870215.6805947,2.6045625,2.5066875,50.54091000000005,-0.020328282828284795,1
1746870215.700327,2.2524375,2.4988125,-300.73899,-0.09987373737373786,1
1746870215.7200415,2.2678125000000002,2.5035,-285.40088999999983,-0.05252525252525571,1
1746870215.73977,2.6263125,2.5160625,72.23871,0.074368686868684,1
1746870215.759517,2.90625,2.5183125,351.50435999999996,0.09709595959595758,1
1746870215.779194,2.765625,2.512125,211.21685999999994,0.03459595959595971,1
1746870215.7989361,2.3821875,2.4995625,-171.30038999999994,-0.09229797979798,1
1746870215.818656,2.19975,2.49975,-353.3000400000002,-0.09040404040404054,1
1746870215.8383548,2.433,2.50875,-120.60984000000023,0.0005050505050493279,1
1746870215.8580585,2.8168125,2.523375,262.2815100000001,0.14823232323232316,1
1746870215.8777611,2.8893750000000002,2.52075,334.6698600000002,0.12171717171717064,1
1746870215.8978367,2.5260000000000002,2.5031250000000003,-27.833039999999816,-0.056313131313130156,1
1746870215.9175735,2.2149375,2.506125,-338.1489900000001,-0.02601010101010319,1
1746870215.9372709,2.2149375,2.506125,-338.1489900000001,-0.02601010101010319,1
1746870215.9428754,2.2970625,2.50875,-256.22109000000006,0.0005050505050493279,1
1746870215.9571981,2.7133125000000002,2.5081875,159.02991000000017,-0.005176767676769069,1
1746870215.976935,2.914125,2.5089375,359.3604599999998,0.0023989898989887934,1
1746870215.996653,2.6863125,2.5321875,132.09471000000005,0.23724747474747357,1
1746870216.01637,2.305125,2.5029375000000003,-248.1779400000002,-0.05820707070706962,1
1746870216.035985,2.2207500000000002,2.4969375,-332.3504399999998,-0.11881313131313252,1
1746870216.0557427,2.529375,2.50875,-24.46614000000013,0.0005050505050493279,1
1746870216.0754457,2.869125,2.5085625,314.4684599999999,-0.0013888888888901377,1
