1746870644.7816925,2.8828125,2.508,328.12310999999994,-0.007070707070708534,1
1746870644.8049424,2.4140625,2.508,-139.50189000000006,-0.007070707070708534,1
1746870644.8280544,2.4620625,2.5500000000000003,-91.61709000000002,0.4171717171717183,1
1746870644.8510911,2.8554375,2.542125,300.8138099999998,0.3376262626262608,1
1746870644.8742757,2.20725,2.507625,-345.8180399999999,-0.010858585858587465,1
1746870644.897302,2.788125,2.50725,233.6628599999999,-0.014646464646466397,1
1746870644.9203238,2.5708125,2.50725,16.87191000000011,-0.014646464646466397,1
1746870644.944154,2.41125,2.5329375,-142.30764000000016,0.24482323232323142,1
1746870644.967469,2.8689375,2.5430625,314.2814099999999,0.34709595959595807,1
1746870644.9916463,2.2153125,2.4095625,-337.77489,-1.001388888888892,1
1746870645.0150225,2.87925,2.624625,324.56915999999984,1.1709595959595942,1
1746870645.0391839,2.3023125,2.37225,-250.98368999999985,-1.3782828282828279,1
1746870645.062369,2.60475,2.6045625,50.72796000000006,0.9683080808080804,1
1746870645.0854492,2.764125,2.500875,209.7204599999999,-0.07904040404040374,1
1746870645.1084886,2.2183125,2.422125,-334.7820899999999,-0.8744949494949524,1
1746870645.1317942,2.8921875,2.6356875,337.47560999999985,1.2827020202020183,1
1746870645.1548822,2.3998125,2.3853750000000002,-153.71769000000015,-1.2457070707070697,1
1746870645.1781323,2.5033125000000003,2.575875,-50.46608999999979,0.6785353535353511,1
1746870645.2012894,2.8321875,2.5366875,277.6196099999998,0.28270202020202073,1
1746870645.2244058,2.2081875,2.4009375,-344.8827899999999,-1.088510101010103,1
1746870645.2475111,2.8284375,2.64075,273.8786100000001,1.3338383838383838,1
1746870645.270618,2.51175,2.4088125000000002,-42.04883999999991,-1.0089646464646456,1
1746870645.2937152,2.367375,2.52075,-186.07734000000005,0.12171717171717064,1
1746870645.3167977,2.9013750000000003,2.5869375,346.6410600000002,0.7902777777777751,1
1746870645.340003,2.2327500000000002,2.378625,-320.3792399999998,-1.3138888888888904,1
1746870645.363139,2.720625,2.6295,166.32486000000003,1.2202020202020203,1
1746870645.3861842,2.6540625,2.454,99.92211000000016,-0.5525252525252522,1
1746870645.4089723,2.247375,2.4489375,-305.78934000000015,-0.6036616161616177,1
1746870645.4321167,2.9075625,2.6296875,352.81371,1.2220959595959597,1
1746870645.455183,2.355,2.3805,-198.4226400000001,-1.2949494949494957,1
1746870645.4782448,2.52375,2.581125,-30.0776399999999,0.7315656565656562,1
1746870645.5013306,2.822625,2.5305,268.0800599999999,0.22020202020201837,1
1746870645.5244143,2.2081875,2.404125,-344.8827899999999,-1.0563131313131322,1
1746870645.5475335,2.8374375,2.640375,282.85701,1.330050505050505,1
1746870645.570643,2.4975,2.4050625,-56.26464000000001,-1.0468434343434347,1
1746870645.5937505,2.380875,2.5275,-172.60974,0.18989898989898693,1
1746870645.6168368,2.8970625,2.5852500000000003,342.33891000000006,0.7732323232323244,1
1746870645.6399255,2.23425,2.3791875,-318.8828400000002,-1.308207070707072,1
1746870645.6630404,2.7181875,2.6296875,163.89320999999993,1.2220959595959597,1
1746870645.687072,2.5239375,2.4129375,-29.890589999999893,-0.9672979797979817,1
1746870645.7101505,2.354625,2.5134375,-198.79674000000009,0.04785353535353597,1
1746870645.7332342,2.9053125,2.5951875,350.5691099999999,0.8736111111111116,1
1746870645.7563536,2.2456875,2.3775,-307.4727900000002,-1.3252525252525273,1
1746870645.779423,2.7138750000000003,2.626125,159.5910600000002,1.18611111111111,1
1746870645.8024793,2.684625,2.4680625000000003,130.41125999999997,-0.4104797979797968,1
1746870645.8255508,2.2389375,2.4519375,-314.20659000000006,-0.5733585858585863,1
1746870645.8486483,2.905875,2.6311875000000002,351.1302599999999,1.2372474747474755,1
1746870645.8717377,2.3565,2.3825625,-196.92624000000004,-1.2741161616161616,1
1746870645.8948162,2.5265625000000003,2.582625,-27.271889999999793,0.7467171717171719,1
1746870645.917892,2.8215,2.5325625,266.95775999999984,0.2410353535353525,1
1746870645.94096,2.2091250000000002,2.40225,-343.94753999999983,-1.0752525252525267,1
1746870645.963999,2.827875,2.6368125,273.3174600000001,1.294065656565655,1
1746870645.9879544,2.4045,2.387625,-149.04144,-1.2229797979798005,1
1746870646.0110106,2.4676875000000003,2.5636875,-86.0055899999998,0.5554292929292903,1
1746870646.034119,2.8546875000000003,2.55225,300.0656100000002,0.4398989898989874,1
1746870646.0571916,2.2100625000000003,2.393625,-343.0122899999998,-1.1623737373737377,1
1746870646.0803568,2.82075,2.509875,266.20955999999984,0.011868686868686121,1
1746870646.103414,2.54025,2.50875,-13.617240000000162,0.0005050505050493279,1
1746870646.126529,2.343,2.5089375,-210.3938400000001,0.0023989898989887934,1
1746870646.149871,2.9049375,2.5085625,350.1950099999999,-0.0013888888888901377,1
1746870646.1729991,2.2374375,2.508375,-315.7029900000001,-0.0032828282828296033,1
1746870646.1962538,2.72325,2.5081875,168.9435600000001,-0.005176767676769069,1
1746870646.2193003,2.6529375,2.50875,98.79981000000011,0.0005050505050493279,1
1746870646.242397,2.26575,2.507625,-287.45843999999994,-0.010858585858587465,1
1746870646.2653325,2.9126250000000002,2.508375,357.86406000000017,-0.0032828282828296033,1
1746870646.2884157,2.339625,2.508375,-213.76074000000023,-0.0032828282828296033,1
1746870646.3115,2.545125,2.508375,-8.753939999999977,-0.0032828282828296033,1
1746870646.3345773,2.80875,2.5085625,254.2383599999998,-0.0013888888888901377,1
1746870646.3576493,2.20725,2.5085625,-345.8180399999999,-0.0013888888888901377,1
1746870646.3806963,2.8445625,2.5089375,289.9649099999998,0.0023989898989887934,1
1746870646.403759,2.4939375,2.50875,-59.81859000000014,0.0005050505050493279,1
1746870646.4268446,2.3814375,2.5081875,-172.04858999999996,-0.005176767676769069,1
1746870646.4499364,2.89725,2.5074375,342.52596000000005,-0.01275252525252693,1
1746870646.4730382,2.230875,2.50725,-322.2497399999999,-0.014646464646466397,1
1746870646.4961147,2.718,2.507625,163.70615999999993,-0.010858585858587465,1
1746870646.5191734,2.656125,2.5070625,101.9796599999998,-0.016540404040405864,1
1746870646.5432177,2.3529375,2.508,-200.48019000000016,-0.007070707070708534,1
1746870646.5662668,2.90775,2.50725,353.00076,-0.014646464646466397,1
1746870646.5894773,2.2419375,2.5078125,-311.2137899999999,-0.008964646464648,1
1746870646.6125407,2.6926875,2.508,138.45440999999985,-0.007070707070708534,1
1746870646.6355884,2.6836875,2.5078125,129.47600999999995,-0.008964646464648,1
1746870646.658729,2.2498125,2.508375,-303.35769000000005,-0.0032828282828296033,1
1746870646.6824229,2.902875,2.5081875,348.1374599999998,-0.005176767676769069,1
1746870646.7069829,2.2014375,2.508,-351.61659000000014,-0.007070707070708534,1
1746870666.2914903,2.395125,2.540625,-158.3939399999999,0.322474747474745,1
1746870666.3141444,2.89575,2.4950625,341.02956,-0.13775252525252718,1
1746870666.339539,2.2321875,2.4373125,-320.94038999999987,-0.7210858585858602,1
1746870666.361915,2.8299375,2.6300625,275.37501000000015,1.2258838383838386,1
1746870666.384896,2.5104375,2.431125,-43.35818999999996,-0.783585858585858,1
1746870666.4070113,2.26725,2.4316875000000002,-285.96203999999983,-0.7779040404040396,1
1746870666.4284985,2.8224375,2.62725,267.8930099999999,1.1974747474747467,1
1746870666.449869,2.745,2.481375,190.64136000000005,-0.2760101010101037,1
1746870666.4729125,2.235,2.4234375,-318.1346400000002,-0.8612373737373761,1
1746870666.4961617,2.907375,2.5085625,352.62666,-0.0013888888888901377,1
1746870666.5193055,2.3570625,2.50875,-196.36509,0.0005050505050493279,1
1746870666.5427551,2.5723125000000002,2.508375,18.368310000000164,-0.0032828282828296033,1
1746870666.56695,2.6595,2.507625,105.34655999999993,-0.010858585858587465,1
1746870666.5901544,2.2693125,2.5085625,-283.90449000000024,-0.0013888888888901377,1
1746870666.6132872,2.8595625,2.6450625,304.92891,1.377398989898987,1
1746870666.6364474,2.308875,2.384625,-244.43694000000005,-1.2532828282828277,1
1746870666.6716993,2.21025,2.4058125,-342.82524000000024,-1.039267676767677,1
1746870666.6951876,2.846625,2.6368125,292.0224599999999,1.294065656565655,1
1746870666.718653,2.43975,2.393625,-113.87603999999997,-1.1623737373737377,1
1746870666.742117,2.4883125,2.5738125,-65.43008999999991,0.657702020202017,1
1746870666.7653437,2.8306875000000002,2.547,276.1232100000002,0.38686868686868686,1
1746870666.7878385,2.224125,2.3885625,-328.9835400000002,-1.2135101010101033,1
1746870666.8111315,2.7615,2.6317500000000003,207.10175999999979,1.2429292929292939,1
1746870666.834252,2.5989375,2.40525,44.92940999999984,-1.0449494949494953,1
1746870666.8583758,2.4211875000000003,2.5426875,-132.3939899999998,0.3433080808080792,1
1746870666.8818443,2.8505625,2.513625,295.95051000000007,0.049747474747475436,1
1746870666.9058936,2.2108125,2.4110625,-342.26409000000024,-0.9862373737373764,1
1746870666.9285507,2.8505625,2.635875,295.95051000000007,1.2845959595959577,1
1746870666.9522808,2.4155625,2.3925,-138.00549,-1.1737373737373744,1
1746870666.9754355,2.4703125,2.5610625000000002,-83.38689000000015,0.5289141414141423,1
1746870666.9985068,2.8535625000000002,2.5496250000000003,298.94331000000017,0.41338383838383935,1
1746870667.0220647,2.14875,2.556,-404.1776399999999,0.47777777777777675,1
1746870667.045334,2.8561875,2.5456875,301.5620099999998,0.3736111111111106,1
1746870667.0684845,2.4406875,2.41875,-112.94078999999994,-0.9085858585858583,1
1746870667.0916035,2.4215625,2.5093125,-132.01989000000023,0.006186868686867725,1
1746870667.1144748,2.9045625,2.5096875,349.8209099999999,0.009974747474746656,1
1746870667.13799,2.219625,2.5095,-333.4727399999999,0.008080808080807191,1
1746870667.1612697,2.7973125,2.5085625,242.82830999999982,-0.0013888888888901377,1
1746870667.1847086,2.5147500000000003,2.5089375,-39.0560399999998,0.0023989898989887934,1
1746870667.2078297,2.3668125,2.5093125,-186.63849000000008,0.006186868686867725,1
1746870667.2310784,2.8978125,2.5095,343.08711000000005,0.008080808080807191,1
1746870667.254227,2.2288125,2.5096875,-324.30728999999997,0.009974747474746656,1
1746870667.2776895,2.761875,2.5095,207.4758599999998,0.008080808080807191,1
1746870667.3014643,2.4939375,2.4395625,-59.81859000000014,-0.6983585858585866,1
1746870667.3252711,2.4564375,2.598375,-97.22859000000022,0.9058080808080781,1
1746870667.3492143,2.78475,2.520375,230.29595999999978,0.1179292929292917,1
1746870667.372351,2.2104375,2.403,-342.63819000000024,-1.067676767676769,1
1746870667.3952677,2.841375,2.6375625,286.78506000000016,1.3016414141414128,1
1746870667.4183328,2.501625,2.4110625,-52.14953999999985,-0.9862373737373764,1
1746870667.4413888,2.405625,2.509125,-147.91913999999994,0.004292929292928259,1
1746870667.4640973,2.90475,2.5089375,350.0079599999999,0.0023989898989887934,1
1746870667.487255,2.2449375000000003,2.5085625,-308.2209899999998,-0.0013888888888901377,1
1746870667.510385,2.6930625,2.50875,138.82850999999985,0.0005050505050493279,1
1746870667.5335047,2.677125,2.508375,122.92926000000014,-0.0032828282828296033,1
1746870667.5565677,2.2516875,2.5147500000000003,-301.48719,0.061111111111112226,1
1746870667.5797474,2.88,2.6071875,325.31735999999984,0.9948232323232329,1
1746870667.6029298,2.32875,2.382375,-224.60964000000018,-1.2760101010101013,1
1746870667.6260674,2.5655625,2.5978125,11.63450999999991,0.9001262626262596,1
1746870667.6497111,2.730375,2.481375,176.05145999999993,-0.2760101010101037,1
1746870667.6730917,2.24025,2.4478125,-312.89724,-0.6150252525252545,1
1746870667.696225,2.9026875,2.628,347.9504099999998,1.2050505050505047,1
1746870667.7193646,2.3621250000000003,2.386875,-191.3147399999998,-1.2305555555555585,1
1746870667.7424488,2.5155,2.5779375,-38.30784000000021,0.6993686868686853,1
1746870667.765936,2.770125,2.4553125000000002,215.70606000000012,-0.539267676767676,1
1746870667.791222,2.3765625,2.5085625,-176.91189000000014,-0.0013888888888901377,1
1746870667.815101,2.83725,2.5089375,282.66996,0.0023989898989887934,1
1746870667.8385994,2.2006875,2.5089375,-352.36479000000014,0.0023989898989887934,1
1746870667.8622155,2.8428750000000003,2.508375,288.2814600000002,-0.0032828282828296033,1
1746870667.8842337,2.6113125,2.5605,57.27470999999987,0.5232323232323239,1
1746870667.9050581,2.187,2.5093125,-366.01944000000026,0.006186868686867725,1
1746870667.9253633,2.42175,2.509125,-131.8328400000002,0.004292929292928259,1
1746870667.946185,2.895,2.50875,340.28135999999995,0.0005050505050493279,1
1746870667.9661455,2.8096875,2.508375,255.17360999999985,-0.0032828282828296033,1
1746870667.9858894,2.4264375,2.5078125,-127.15659000000004,-0.008964646464648,1
1746870668.0056276,2.1943125,2.508,-358.72448999999995,-0.007070707070708534,1
1746870668.0262976,2.5215,2.5389375,-32.32223999999999,0.30542929292928983,1
1746870668.046616,2.9019375000000003,2.6565,347.2022100000002,1.4929292929292899,1
1746870668.066559,2.76375,2.5852500000000003,209.34635999999986,0.7732323232323244,1
1746870668.0862978,2.3870625,2.424,-166.4370900000002,-0.8555555555555577,1
1746870668.1061802,2.21325,2.3814375,-339.83244000000013,-1.2854797979797985,1
1746870668.1259115,2.4609375,2.4834375,-92.73939000000006,-0.25517676767676956,1
1746870668.1456454,2.8428750000000003,2.509125,288.2814600000002,0.004292929292928259,1
1746870668.1653175,2.8695,2.5093125,314.8425599999999,0.006186868686867725,1
1746870668.185193,2.50875,2.5089375,-45.04164000000002,0.0023989898989887934,1
1746870668.2049232,2.215125,2.5093125,-337.9619400000001,0.006186868686867725,1
1746870668.2248564,2.3544375,2.5089375,-198.9837900000001,0.0023989898989887934,1
1746870668.2448003,2.7665625,2.509125,212.15211,0.004292929292928259,1
1746870668.2645411,2.9025,2.509125,347.7633599999998,0.004292929292928259,1
1746870668.2841895,2.6405625,2.5089375,86.45451000000008,0.0023989898989887934,1
1746870668.303984,2.269125,2.50875,-284.09154000000024,0.0005050505050493279,1
1746870668.323694,2.248875,2.509125,-304.2929400000001,0.004292929292928259,1
1746870668.3434002,2.5921875,2.5095,38.19561000000003,0.008080808080807191,1
1746870668.3631096,2.89425,2.6553750000000003,339.53315999999995,1.4815656565656576,1
1746870668.38284,2.7958125000000003,2.50875,241.3319100000002,0.0005050505050493279,1
1746870668.402998,2.3641875,2.50875,-189.25719000000018,0.0005050505050493279,1
1746870668.4226985,2.2065,2.5093125,-346.56623999999994,0.006186868686867725,1
1746870668.4424186,2.4620625,2.50875,-91.61709000000002,0.0005050505050493279,1
1746870668.4621198,2.832,2.509125,277.4325599999998,0.004292929292928259,1
1746870668.4818087,2.8768125,2.509125,322.1375100000002,0.004292929292928259,1
1746870668.501584,2.539875,2.5095,-13.991340000000177,0.008080808080807191,1
1746870668.521726,2.2098750000000003,2.5093125,-343.19933999999984,0.006186868686867725,1
1746870668.5414274,2.3443125,2.5085625,-209.08449000000005,-0.0013888888888901377,1
1746870668.561154,2.731125,2.50875,176.79965999999996,0.0005050505050493279,1
1746870668.5808916,2.9109375,2.5089375,356.1806100000001,0.0023989898989887934,1
1746870668.600656,2.6625,2.5085625,108.33936000000003,-0.0013888888888901377,1
1746870668.6203687,2.28825,2.5085625,-265.01243999999997,-0.0013888888888901377,1
1746870668.6409435,2.2981875,2.5093125,-255.09879,0.006186868686867725,1
1746870668.6611106,2.7286875,2.509125,174.36800999999988,0.004292929292928259,1
1746870668.6808765,2.910375,2.5089375,355.6194600000001,0.0023989898989887934,1
1746870668.7007065,2.6557500000000003,2.5093125,101.60556000000022,0.006186868686867725,1
1746870668.720427,2.2846875,2.50875,-268.56639000000007,0.0005050505050493279,1
1746870668.7401383,2.238375,2.5085625,-314.76774000000006,-0.0013888888888901377,1
1746870668.7603586,2.635125,2.50875,81.03005999999988,0.0005050505050493279,1
1746870668.7800786,2.9049375,2.5085625,350.1950099999999,-0.0013888888888901377,1
1746870668.7997954,2.7628125,2.5779375,208.41110999999984,0.6993686868686853,1
1746870668.819518,2.3750625,2.5753125,-178.40829000000022,0.6728535353535328,1
1746870668.8448353,2.7811875,2.5865625,226.74201000000008,0.7864898989898962,1
1746870668.864726,2.899125,2.50875,344.3964600000001,0.0005050505050493279,1
1746870668.8850331,2.5179375,2.509125,-35.87619000000012,0.004292929292928259,1
1746870668.9050546,2.2096875000000002,2.509125,-343.38638999999984,0.004292929292928259,1
1746870668.925131,2.3893125,2.5095,-164.1924900000001,0.008080808080807191,1
1746870668.9455428,2.8516875,2.50875,297.0728100000001,0.0005050505050493279,1
1746870668.965545,2.8438125,2.50875,289.2167099999998,0.0005050505050493279,1
1746870668.9855056,2.4575625,2.508,-96.10629000000019,-0.007070707070708534,1
1746870669.0052419,2.202375,2.50875,-350.6813400000001,0.0005050505050493279,1
1746870669.0249329,2.3713125,2.5093125,-182.1492899999999,0.006186868686867725,1
1746870669.0446754,2.755125,2.509125,200.74205999999998,0.004292929292928259,1
1746870669.064789,2.8843125,2.5089375,329.61951,0.0023989898989887934,1
1746870669.0850081,2.5134375,2.5085625,-40.36538999999985,-0.0013888888888901377,1
1746870669.104976,2.2104375,2.5085625,-342.63819000000024,-0.0013888888888901377,1
1746870669.1247,2.345625,2.50875,-207.77514,0.0005050505050493279,1
1746870669.1443815,2.7418125,2.509125,187.46150999999992,0.004292929292928259,1
1746870669.1640832,2.95275,2.509125,397.89275999999995,0.004292929292928259,1
1746870669.183962,2.628375,2.5224375,74.29626000000007,0.13876262626262584,1
1746870669.2040484,2.2580625,2.4106875,-295.1274900000002,-0.9900252525252553,1
1746870669.223802,2.262,2.509125,-291.19944000000004,0.004292929292928259,1
1746870669.2435355,2.6131875,2.5374375000000002,59.14520999999994,0.2902777777777786,1
1746870669.2632687,2.90475,2.6341875,350.0079599999999,1.2675505050505025,1
1746870669.2829912,2.7705,2.583,216.08016000000012,0.7505050505050508,1
1746870669.3027847,2.3780625,2.435625,-175.4154900000001,-0.7381313131313153,1
1746870669.3225062,2.2065,2.3814375,-346.56623999999994,-1.2854797979797985,1
1746870669.3422234,2.4519375,2.440875,-101.71778999999997,-0.6851010101010103,1
1746870669.36193,2.8269375,2.509125,272.38221000000004,0.004292929292928259,1
1746870669.3820941,2.8520625,2.5093125,297.4469100000001,0.006186868686867725,1
1746870669.4018643,2.4879375,2.470125,-65.80418999999992,-0.38964646464646713,1
1746870669.4215777,2.212125,2.394375,-340.9547400000002,-1.15479797979798,1
1746870669.4412687,2.3416875,2.433375,-211.70319000000015,-0.7608585858585889,1
1746870669.4610014,2.728125,2.580375,173.80685999999986,0.7239898989898983,1
1746870669.4806993,2.9101875,2.6386875,355.4324100000001,1.3130050505050497,1
1746870669.5003994,2.7076875,2.509125,153.41840999999997,0.004292929292928259,1
1746870669.5201087,2.29425,2.5096875,-259.02684000000016,0.009974747474746656,1
1746870669.539805,2.2273125,2.509875,-325.80369,0.011868686868686121,1
1746870669.5595124,2.5336875,2.5273125,-20.163989999999966,0.18800505050504746,1
1746870669.5792482,2.875875,2.624625,321.20226000000014,1.1709595959595942,1
1746870669.5989578,2.832375,2.607,277.8066599999998,0.9929292929292934,1
1746870669.6190703,2.416125,2.446875,-137.44433999999998,-0.6244949494949519,1
1746870669.6388047,2.2040625,2.3795625,-348.99789000000004,-1.3044191919191932,1
1746870669.6584918,2.4103125,2.4361875,-143.24289000000022,-0.732449494949497,1
1746870669.6782165,2.7639375,2.5093125,209.5334099999999,0.006186868686867725,1
1746870669.6980712,2.8869375,2.5096875,332.2382100000001,0.009974747474746656,1
1746870669.7177901,2.5794375,2.5093125,25.47620999999999,0.006186868686867725,1
1746870669.7378955,2.2218750000000003,2.379,-331.2281399999998,-1.3101010101010115,1
1746870669.7576075,2.309625,2.4343125,-243.68874000000002,-0.7513888888888917,1
1746870669.7773082,2.6855625,2.562,131.34651000000002,0.5383838383838352,1
1746870669.7970352,2.9055,2.63775,350.7561599999999,1.3035353535353524,1
1746870669.8167481,2.7073125,2.5635,153.04430999999997,0.5535353535353509,1
1746870669.8364847,2.3240625,2.4193125,-229.2858899999999,-0.9029040404040399,1
1746870669.8566034,2.2408125,2.3938125,-312.33608999999996,-1.1604797979797983,1
1746870669.8763113,2.5666875,2.515875,12.756809999999952,0.07247474747474454,1
1746870669.8960674,2.887875,2.6304375,333.17346000000015,1.2296717171717177,1
1746870669.915789,2.812125,2.599875,257.60525999999993,0.9209595959595938,1
1746870669.9355133,2.4350625,2.457,-118.55229000000016,-0.5222222222222253,1
1746870669.9552422,2.2029375,2.3805,-350.1201900000001,-1.2949494949494957,1
1746870669.9750578,2.4093750000000003,2.4585,-144.1781399999998,-0.5070707070707096,1
1746870669.994833,2.79075,2.6019375,236.28156,0.9417929292929279,1
1746870670.0145657,2.8929375,2.630625,338.2238099999999,1.2315656565656572,1
1746870670.0342858,2.59275,2.5186875,38.75676000000005,0.10088383838383652,1
1746870670.053983,2.249625,2.512875,-303.5447400000001,0.042171717171717575,1
1746870670.0737038,2.2687500000000003,2.509125,-284.4656399999998,0.004292929292928259,1
1746870670.093561,2.6529375,2.5095,98.79981000000011,0.008080808080807191,1
1746870670.113298,2.909625,2.521875,354.87126000000006,0.13308080808080744,1
1746870670.1330528,2.74425,2.583375,189.89316000000002,0.7542929292929297,1
1746870670.1527538,2.3619375000000002,2.437125,-191.50178999999983,-0.7229797979797996,1
1746870670.172486,2.223375,2.38275,-329.7317400000002,-1.2722222222222221,1
1746870670.1923368,2.4903750000000002,2.4883125,-63.37253999999983,-0.20593434343434344,1
1746870670.2120736,2.832,2.6180625,277.4325599999998,1.1046717171717173,1
1746870670.2316904,2.8655625000000002,2.6210625,310.9145100000002,1.1349747474747445,1
1746870670.2513914,2.5284375,2.4939375,-25.401390000000166,-0.14911616161616398,1
1746870670.2710783,2.2250625,2.3960625,-328.0482900000001,-1.1377525252525247,1
1746870670.2908967,2.30175,2.5093125,-251.54483999999988,0.006186868686867725,1
1746870670.3106248,2.7020625000000003,2.509125,147.8069100000002,0.004292929292928259,1
1746870670.3303208,2.9116875,2.664,356.92881000000017,1.5686868686868685,1
1746870670.350442,2.6491875,2.5488750000000002,95.05880999999997,0.4058080808080815,1
1746870670.3701458,2.2824375,2.4076875,-270.8109900000002,-1.0203282828282823,1
1746870670.3898575,2.2411875,2.393625,-311.96198999999996,-1.1623737373737377,1
1746870670.4095745,2.5736250000000003,2.518875,19.677660000000216,0.10277777777777598,1
1746870670.4292648,2.8869375,2.63025,332.2382100000001,1.2277777777777783,1
1746870670.4489539,2.815125,2.58825,260.59806000000003,0.8035353535353513,1
1746870670.469034,2.3966250000000002,2.4436875000000002,-156.89753999999982,-0.6566919191919184,1
1746870670.4887197,2.2044375,2.380875,-348.62379000000004,-1.2911616161616168,1
1746870670.5085125,2.43675,2.4669375000000002,-116.86884000000009,-0.4218434343434336,1
1746870670.5282173,2.8123125,2.6068125,257.79230999999993,0.991035353535354,1
1746870670.547938,2.885625,2.627625,330.92886000000004,1.2012626262626256,1
1746870670.5676541,2.5670625,2.5145625000000003,13.130909999999966,0.059217171717172765,1
1746870670.5872655,2.2441875000000002,2.3925,-308.96918999999986,-1.1737373737373744,1
1746870670.6069858,2.277,2.4076875,-276.2354399999999,-1.0203282828282823,1
1746870670.626683,2.637375,2.54475,83.27465999999997,0.36414141414141327,1
1746870670.646393,2.904375,2.635875,349.63385999999986,1.2845959595959577,1
1746870670.6661232,2.75925,2.579625,204.85716000000014,0.7164141414141404,1
1746870670.6858783,2.36775,2.4345,-185.70324000000005,-0.7494949494949521,1
1746870670.7055936,2.2603125,2.509125,-292.88289000000015,0.004292929292928259,1
1746870670.7252984,2.45025,2.5093125,-103.40124000000002,0.006186868686867725,1
1746870670.7450244,2.832,2.5089375,277.4325599999998,0.0023989898989887934,1
1746870670.7647274,2.8749375,2.6473125,320.2670100000001,1.4001262626262605,1
1746870670.7844672,2.542875,2.5093125,-10.998540000000062,0.006186868686867725,1
1746870670.8041613,2.22675,2.379,-326.3648400000001,-1.3101010101010115,1
1746870670.8298118,2.9113125,2.6420625,356.5547100000001,1.34709595959596,1
1746870670.8497262,2.7225,2.566875,168.19536000000008,0.5876262626262613,1
1746870670.8694365,2.3364375,2.5096875,-216.9405899999999,0.009974747474746656,1
1746870670.8892055,2.215875,2.5096875,-337.21374000000003,0.009974747474746656,1
1746870670.9092782,2.5565625,2.5096875,2.656110000000012,0.009974747474746656,1
1746870670.9290564,2.884125,2.509125,329.43246,0.004292929292928259,1
1746870670.9488013,2.81625,2.50875,261.7203600000001,0.0005050505050493279,1
1746870670.9685276,2.4406875,2.5089375,-112.94078999999994,0.0023989898989887934,1
1746870670.9882302,2.2033125,2.4853125,-349.74609000000004,-0.2362373737373749,1
1746870671.0079572,2.2033125,2.4853125,-349.74609000000004,-0.2362373737373749,1
1746870671.0108907,2.3488125,2.45775,-204.59528999999986,-0.5146464646464673,1
1746870671.028147,2.810625,2.6356875,256.1088599999999,1.2827020202020183,1
1746870671.0484724,2.828625,2.6025,274.0656600000001,0.9474747474747462,1
1746870671.0685718,2.4283125,2.4526875,-125.28608999999997,-0.5657828282828284,1
1746870671.0883512,2.205375,2.380125,-347.68854,-1.2987373737373749,1
1746870671.1081223,2.4118125,2.4598125,-141.74649000000014,-0.49381313131313326,1
1746870671.1278718,2.7960000000000003,2.6079375000000002,241.51896000000022,1.0023989898989907,1
1746870671.1477864,2.8850625,2.6281875,330.36771000000005,1.2069444444444442,1
1746870671.1674993,2.5648125,2.5018125,10.886309999999881,-0.06957070707070641,1
1746870671.187383,2.2261875,2.3885625,-326.92599000000007,-1.2135101010101033,1
1746870671.2070298,2.29725,2.414625,-256.03404000000006,-0.9502525252525266,1
1746870671.2267044,2.664375,2.5546875,110.2098600000001,0.46452020202020045,1
1746870671.2463932,2.915625,2.63775,360.85685999999987,1.3035353535353524,1
1746870671.266116,2.7391875,2.575125,184.84280999999984,0.6709595959595932,1
1746870671.2860866,2.3165625,2.415375,-236.7678900000002,-0.9426767676767687,1
1746870671.3058996,2.2224375,2.38725,-330.6669900000002,-1.2267676767676796,1
1746870671.3255098,2.5115625,2.496375,-42.23588999999992,-0.12449494949495092,1
1746870671.34523,2.861625,2.621625,306.98646,1.1406565656565628,1
1746870671.3649826,2.846625,2.509125,292.0224599999999,0.004292929292928259,1
1746870671.3846884,2.4883125,2.50875,-65.43008999999991,0.0005050505050493279,1
1746870671.4043798,2.2095000000000002,2.3818125,-343.57343999999983,-1.2816919191919196,1
1746870671.4241042,2.3428125,2.4519375,-210.5808900000001,-0.5733585858585863,1
1746870671.4442515,2.7765,2.6101875,222.06575999999993,1.0251262626262598,1
1746870671.4639275,2.902125,2.635125,347.3892599999998,1.2770202020201997,1
1746870671.483593,2.6296875,2.5325625,75.60561000000013,0.2410353535353525,1
1746870671.5033145,2.2685625000000003,2.4001875,-284.6526899999998,-1.0960858585858608,1
1746870671.522984,2.247375,2.3971875000000002,-305.78934000000015,-1.1263888888888878,1
1746870671.542704,2.61,2.5085625,55.96535999999982,-0.0013888888888901377,1
1746870671.5627847,2.90325,2.5093125,348.51155999999986,0.006186868686867725,1
1746870671.5825405,2.7549375,2.5081875,200.55500999999998,-0.005176767676769069,1
1746870671.6022573,2.3686875,2.5093125,-184.76799,0.006186868686867725,1
1746870671.6219258,2.19675,2.5063125,-356.29283999999984,-0.024116161616163725,1
1746870671.6418533,2.4845625,2.4875625,-69.17109000000005,-0.21351010101010132,1
1746870671.6616023,2.848125,2.6416875,293.51885999999996,1.343308080808081,1
1746870671.6817896,2.8265625,2.607375,272.00811000000004,0.9967171717171723,1
1746870671.7015302,2.4551250000000002,2.4639375,-98.53793999999984,-0.452146464646465,1
1746870671.7212126,2.206125,2.3810625,-346.94033999999994,-1.2892676767676774,1
1746870671.7408915,2.3671875,2.4410625,-186.26439000000008,-0.6832070707070709,1
1746870671.7606213,2.75475,2.5873125,200.36795999999998,0.794065656565654,1
1746870671.7803159,2.905875,2.6360625,351.1302599999999,1.2864898989898972,1
1746870671.8004103,2.5955625,2.5185,41.56251000000016,0.09898989898989706,1
1746870671.820142,2.2490625,2.3941875,-304.1058900000001,-1.1566919191919194,1
1746870671.8398376,2.2683750000000003,2.40375,-284.83973999999984,-1.060101010101011,1
1746870671.8595114,2.62275,2.536875,68.68475999999986,0.2845959595959602,1
1746870671.8792286,2.9034375,2.635125,348.69860999999986,1.2770202020201997,1
1746870671.8989558,2.7710625,2.5850625000000003,216.64131000000015,0.7713383838383849,1
1746870671.919082,2.34,2.4223125,-213.3866400000002,-0.8726010101010129,1
1746870671.9388268,2.2153125,2.3848125000000002,-337.77489,-1.251388888888888,1
1746870671.9584975,2.491875,2.4868125,-61.87614000000022,-0.2210858585858592,1
1746870671.9781618,2.8456875,2.6184375,291.08720999999986,1.1084595959595964,1
1746870671.9978502,2.8651875,2.62125,310.5404100000002,1.136868686868684,1
1746870672.0175211,2.511,2.509875,-42.79703999999994,0.011868686868686121,1
1746870672.0371046,2.2250625,2.509125,-328.0482900000001,0.004292929292928259,1
1746870672.0567882,2.2996875,2.5093125,-253.60238999999996,0.006186868686867725,1
1746870672.0765338,2.6775,2.5093125,123.30336000000015,0.006186868686867725,1
1746870672.096352,2.91375,2.509875,358.98635999999976,0.011868686868686121,1
1746870672.1160746,2.71275,2.5096875,158.46876000000017,0.009974747474746656,1
1746870672.135819,2.3233125,2.5100625,-230.03408999999996,0.013762626262625588,1
1746870672.155492,2.21625,2.5095,-336.83964000000003,0.008080808080807191,1
1746870672.1755877,2.5693125,2.5095,15.375510000000052,0.008080808080807191,1
1746870672.1955042,2.8959375,2.509125,341.21661,0.004292929292928259,1
1746870672.2152476,2.7999375,2.5089375,245.44700999999992,0.0023989898989887934,1
1746870672.2349963,2.4155625,2.5089375,-138.00549,0.0023989898989887934,1
1746870672.2547164,2.2021875,2.509125,-350.8683900000001,0.004292929292928259,1
1746870672.274342,2.40225,2.50875,-151.28604000000007,0.0005050505050493279,1
1746870672.2940814,2.78475,2.586375,230.29595999999978,0.7845959595959567,1
1746870672.313792,2.8963125,2.656875,341.59071,1.4967171717171688,1
1746870672.3334966,2.6079375000000002,2.517,53.90781000000018,0.08383838383838133,1
1746870672.3531973,2.257125,2.392875,-296.06274000000025,-1.1699494949494955,1
1746870672.372902,2.2603125,2.400375,-292.88289000000015,-1.0941919191919214,1
1746870672.3930511,2.67075,2.5575,116.5695599999999,0.49292929292929244,1
1746870672.412752,2.9098125,2.6368125,355.05831000000006,1.294065656565655,1
1746870672.4324625,2.733,2.571,178.67016000000004,0.6292929292929295,1
1746870672.4521625,2.3503125000000002,2.4268125,-203.0988899999998,-0.8271464646464658,1
1746870672.4718544,2.2108125,2.3835,-342.26409000000024,-1.2646464646464644,1
1746870672.4915714,2.482125,2.484375,-71.60274000000014,-0.24570707070707223,1
1746870672.511692,2.8719375,2.62575,317.27421,1.182323232323231,1
1746870672.5313973,2.8301250000000002,2.61075,275.56206000000014,1.0308080808080782,1
1746870672.5510821,2.4714375,2.4721875,-82.26459000000011,-0.36881313131313304,1
1746870672.5708404,2.2033125,2.382375,-349.74609000000004,-1.2760101010101013,1
1746870672.5906234,2.3655,2.4436875000000002,-187.94784000000013,-0.6566919191919184,1
1746870672.6103842,2.7603750000000002,2.5899375,205.9794600000002,0.8205808080808066,1
1746870672.6301293,2.904,2.63625,349.25975999999986,1.2883838383838366,1
1746870672.6497526,2.6550000000000002,2.54025,100.85736000000018,0.3186868686868661,1
1746870672.6694493,2.2786875,2.4039375,-274.5519899999999,-1.0582070707070717,1
1746870672.6892006,2.2378125,2.4001875,-315.32889000000006,-1.0960858585858608,1
1746870672.7090533,2.590125,2.5093125,36.13805999999995,0.006186868686867725,1
1746870672.728764,2.898375,2.5096875,343.6482600000001,0.009974747474746656,1
1746870672.748489,2.7905625,2.598,236.09451,0.9020202020201991,1
1746870672.768102,2.4195,2.4631875,-134.07743999999985,-0.45972222222222286,1
1746870672.793383,2.7380625,2.5093125,183.7205099999998,0.006186868686867725,1
1746870672.8132792,2.9086875,2.5095,353.93601000000007,0.008080808080807191,1
1746870672.8330348,2.6461875,2.5089375,92.06600999999986,0.0023989898989887934,1
1746870672.852748,2.277375,2.5093125,-275.8613399999999,0.006186868686867725,1
1746870672.874793,2.5608750000000002,2.5096875,6.958260000000175,0.009974747474746656,1
1746870672.8981862,2.7703125,2.5093125,215.89311000000012,0.006186868686867725,1
1746870672.9217863,2.2218750000000003,2.5095,-331.2281399999998,0.008080808080807191,1
1746870672.9465594,2.87925,2.5801875,324.56915999999984,0.7220959595959588,1
1746870672.969653,2.2235625,2.386125,-329.5446900000002,-1.2381313131313163,1
1746870672.9923074,2.653875,2.6146875,99.73506000000015,1.070580808080807,1
1746870673.015903,2.63625,2.4361875,82.15235999999993,-0.732449494949497,1
1746870673.0390887,2.263875,2.4650625,-289.32894,-0.4407828282828282,1
1746870673.0626554,2.87925,2.6053125,324.56915999999984,0.9758838383838382,1
1746870673.0841706,2.4744375,2.508375,-79.27179,-0.0032828282828296033,1
1746870673.1045005,2.2006875,2.50875,-352.36479000000014,0.0005050505050493279,1
1746870673.1243007,2.440125,2.50875,-113.50193999999996,0.0005050505050493279,1
1746870673.14399,2.814,2.5085625,259.47576,-0.0013888888888901377,1
1746870673.1637123,2.8897500000000003,2.6518125,335.0439600000002,1.4455808080808077,1
1746870673.1835878,2.5194375,2.48175,-34.379790000000064,-0.27222222222222475,1
1746870673.2041993,2.2104375,2.38275,-342.63819000000024,-1.2722222222222221,1
1746870673.2242146,2.4339375,2.46375,-119.6745900000002,-0.45404040404040447,1
1746870673.2439446,2.8040625,2.6169375,249.56211000000008,1.0933080808080806,1
1746870673.2639604,2.875125,2.6240625,320.4540600000001,1.1652777777777759,1
1746870673.2836447,2.5441875,2.494875,-9.689190000000012,-0.13964646464646666,1
1746870673.3034484,2.2243125,2.3866875,-328.7964900000002,-1.232449494949498,1
1746870673.3231404,2.31,2.419125,-243.31464,-0.9047979797979794,1
1746870673.3428395,2.6859375,2.5618125000000003,131.72061000000002,0.5364898989899002,1
1746870673.3625212,2.9109375,2.63775,356.1806100000001,1.3035353535353524,1
1746870673.382624,2.6634375,2.5381875000000003,109.27461000000007,0.2978535353535365,1
1746870673.402681,2.265,2.398875,-288.20663999999994,-1.1093434343434372,1
1746870673.422427,2.254125,2.39925,-299.0555399999999,-1.1055555555555583,1
1746870673.4421296,2.6004375,2.5299375,46.4258099999999,0.21452020202019997,1
1746870673.4618409,2.8974375,2.63325,342.71301000000005,1.2580808080808052,1
1746870673.4815528,2.791875,2.592,237.40386000000007,0.8414141414141406,1
1746870673.5012066,2.415,2.451375,-138.56664000000004,-0.5790404040404047,1
1746870673.5209148,2.2033125,2.3911875,-349.74609000000004,-1.1869949494949508,1
1746870673.5406325,2.387625,2.5093125,-165.87594000000018,0.006186868686867725,1
1746870673.5603309,2.78925,2.5096875,234.78515999999996,0.009974747474746656,1
1746870673.5801854,2.8914375,2.5095,336.72740999999985,0.008080808080807191,1
1746870673.5999289,2.5775625,2.5095,23.60570999999992,0.008080808080807191,1
1746870673.6200328,2.21925,2.509875,-333.8468399999999,0.011868686868686121,1
1746870673.6397479,2.313,2.5093125,-240.3218399999999,0.006186868686867725,1
1746870673.6595783,2.71125,2.5085625,156.9723600000001,-0.0013888888888901377,1
1746870673.679269,2.9130000000000003,2.508,358.2381600000002,-0.007070707070708534,1
1746870673.698999,2.70675,2.50875,152.48315999999994,0.0005050505050493279,1
1746870673.7186956,2.3240625,2.50875,-229.2858899999999,0.0005050505050493279,1
1746870673.7384095,2.2453125000000003,2.5081875,-307.8468899999998,-0.005176767676769069,1
1746870673.7581148,2.54475,2.45775,-9.128039999999991,-0.5146464646464673,1
1746870673.7777896,2.86125,2.6081250000000002,306.61236,1.0042929292929301,1
1746870673.7974749,2.8505625,2.61,295.95051000000007,1.0232323232323204,1
1746870673.817178,2.492625,2.4787500000000002,-61.127940000000194,-0.3025252525252517,1
1746870673.836863,2.213625,2.3805,-339.45834000000013,-1.2949494949494957,1
1746870673.856555,2.3381250000000002,2.446125,-215.25713999999982,-0.6320707070707098,1
1746870673.87667,2.767875,2.5910625,213.46146000000005,0.8319444444444434,1
1746870673.8963976,2.9863125,2.602125,431.3747099999999,0.9436868686868674,1
1746870673.9161224,2.576625,2.508375,22.670459999999885,-0.0032828282828296033,1
1746870673.9357958,2.2603125,2.5003125,-292.88289000000015,-0.08472222222222214,1
1746870673.9555156,2.245875,2.40075,-307.2857400000002,-1.0904040404040425,1
1746870673.9754562,2.6334375,2.53875,79.34660999999981,0.3035353535353504,1
1746870673.9951406,2.9075625,2.63625,352.81371,1.2883838383838366,1
1746870674.014842,2.77875,2.587125,224.31036,0.7921717171717145,1
1746870674.0345256,2.3966250000000002,2.441625,-156.89753999999982,-0.6775252525252524,1
1746870674.0542214,2.20575,2.3795625,-347.31444,-1.3044191919191932,1
1746870674.0739076,2.427375,2.5081875,-126.22134,-0.005176767676769069,1
1746870674.09366,2.8040625,2.508375,249.56211000000008,-0.0032828282828296033,1
1746870674.113312,2.89125,2.5078125,336.54035999999985,-0.008964646464648,1
1746870674.1330411,2.5809375,2.5085625,26.97261000000005,-0.0013888888888901377,1
1746870674.1527202,2.243625,2.5081875,-309.53033999999985,-0.005176767676769069,1
1746870674.1724267,2.27175,2.50875,-281.47284000000013,0.0005050505050493279,1
1746870674.1922605,2.65425,2.508375,100.10916000000016,-0.0032828282828296033,1
1746870674.211959,2.90775,2.508375,353.00076,-0.0032828282828296033,1
1746870674.2315547,2.7616875,2.5081875,207.28880999999978,-0.005176767676769069,1
1746870674.2512352,2.37975,2.508375,-173.73204000000004,-0.0032828282828296033,1
1746870674.2709148,2.2035,2.5081875,-349.55904000000004,-0.005176767676769069,1
1746870674.2905934,2.4405,2.507625,-113.12783999999995,-0.010858585858587465,1
1746870674.3103583,2.8228125,2.5081875,268.2671099999999,-0.005176767676769069,1
1746870674.3300543,2.8835625,2.5074375,328.87131,-0.01275252525252693,1
1746870674.35017,2.5074375,2.507625,-46.350990000000074,-0.010858585858587465,1
1746870674.3698666,2.2153125,2.50875,-337.77489,0.0005050505050493279,1
1746870674.389558,2.3274375000000003,2.415375,-225.91898999999978,-0.9426767676767687,1
1746870674.409232,2.7001875,2.5569375,145.93641000000014,0.48724747474747404,1
1746870674.4288955,2.910375,2.622375,355.6194600000001,1.1482323232323206,1
1746870674.448571,2.71275,2.5561875,158.46876000000017,0.4796717171717162,1
1746870674.4686038,2.2963125,2.423625,-256.96929000000006,-0.8593434343434366,1
1746870674.4883075,2.2303125,2.4050625,-322.8108899999999,-1.0468434343434347,1
1746870674.5080166,2.5490625000000002,2.5190625,-4.825889999999829,0.10467171717171544,1
1746870674.5276866,2.875125,2.5089375,320.4540600000001,0.0023989898989887934,1
1746870674.5473723,2.8318125,2.5081875,277.2455099999998,-0.005176767676769069,1
1746870674.5673072,2.4358125,2.5074375,-117.80409000000013,-0.01275252525252693,1
1746870674.587441,2.2040625,2.5081875,-348.99789000000004,-0.005176767676769069,1
1746870674.607116,2.4361875,2.508375,-117.42999000000012,-0.0032828282828296033,1
1746870674.6268244,2.8035,2.6235,249.00096000000005,1.1595959595959575,1
1746870674.6469162,2.8635,2.6475,308.85696000000013,1.4020202020202002,1
1746870674.66668,2.5140000000000002,2.4864375,-39.80423999999982,-0.22487373737373811,1
1746870674.6863713,2.2190625,2.3788125,-334.03388999999993,-1.311994949494951,1
1746870674.706047,2.3210625,2.4211875000000003,-232.27869000000004,-0.8839646464646452,1
1746870674.7257347,2.6956875,2.5644375,141.44720999999996,0.5630050505050482,1
1746870674.7454147,2.91075,2.636625,355.9935600000001,1.2921717171717155,1
1746870674.765094,2.714625,2.564625,160.3392599999998,0.5648989898989877,1
1746870674.7847729,2.3360625,2.4211875000000003,-217.3146899999999,-0.8839646464646452,1
1746870674.8102393,2.8325625,2.615625,277.9937099999998,1.0800505050505043,1
1746870674.830135,2.8663125000000003,2.6195625000000002,311.66271000000023,1.119823232323233,1
1746870674.8498855,2.52225,2.4916875,-31.574039999999957,-0.17184343434343755,1
1746870674.8695757,2.2215000000000003,2.3851875000000002,-331.6022399999998,-1.247601010101009,1
1746870674.8895204,2.3424375,2.433375,-210.95499000000012,-0.7608585858585889,1
1746870674.9093254,2.7189375,2.598375,164.64140999999995,0.9058080808080781,1
1746870674.9298215,2.851875,2.5078125,297.2598600000001,-0.008964646464648,1
1746870674.9495926,2.5528125,2.5078125,-1.0848900000001298,-0.008964646464648,1
1746870674.9699402,2.2070625,2.5078125,-346.00508999999994,-0.008964646464648,1
1746870674.9897642,2.3715,2.5078125,-181.9622399999999,-0.008964646464648,1
1746870675.0094588,2.7451875,2.5081875,190.82841000000005,-0.005176767676769069,1
1746870675.0297039,2.8775625000000002,2.508375,322.8857100000002,-0.0032828282828296033,1
1746870675.0497837,2.5209375,2.5085625,-32.883390000000006,-0.0013888888888901377,1
1746870675.0696208,2.2156875,2.508375,-337.40079000000003,-0.0032828282828296033,1
1746870675.0892508,2.3199375,2.5089375,-233.40099000000006,0.0023989898989887934,1
1746870675.109204,2.7808125,2.5078125,226.36791000000008,-0.008964646464648,1
1746870675.1289291,2.9120625,2.508,357.30291000000017,-0.007070707070708534,1
1746870675.1486397,2.6197500000000002,2.5081875,65.6919600000002,-0.005176767676769069,1
1746870675.1685023,2.2715625,2.5081875,-281.65989000000013,-0.005176767676769069,1
1746870675.1884959,2.2614375,2.3925,-291.7605900000001,-1.1737373737373744,1
1746870675.2082112,2.613,2.5449375,58.95815999999993,0.3660353535353527,1
1746870675.2279227,2.943375,2.50875,388.54026000000005,0.0005050505050493279,1
1746870675.247618,2.7770625,2.5085625,222.62690999999992,-0.0013888888888901377,1
1746870675.2672935,2.4082500000000002,2.5081875,-145.30043999999984,-0.005176767676769069,1
1746870675.2869606,2.202375,2.508,-350.6813400000001,-0.007070707070708534,1
1746870675.3067098,2.4114375,2.5085625,-142.12059000000016,-0.0013888888888901377,1
1746870675.3268416,2.8314375000000003,2.6315625000000002,276.8714100000002,1.2410353535353544,1
1746870675.346551,2.8678125,2.65425,313.1591099999998,1.4702020202020207,1
1746870675.3662808,2.5306875,2.4946875,-23.15679000000008,-0.1415404040404061,1
1746870675.3859532,2.2295625,2.3835,-323.55908999999997,-1.2646464646464644,1
1746870675.4056358,2.3049375,2.4140625,-248.3649900000002,-0.9559343434343449,1
1746870675.4253054,2.674125,2.556375,119.93646000000003,0.48156565656565564,1
1746870675.4453986,2.9101875,2.635875,355.4324100000001,1.2845959595959577,1
1746870675.465071,2.6893125,2.5545,135.08751000000015,0.462626262626261,1
1746870675.4847379,2.313,2.4118125,-240.3218399999999,-0.9786616161616185,1
1746870675.504492,2.2265625,2.3878125,-326.55189000000007,-1.221085858585861,1
1746870675.5241702,2.5288125,2.499375,-25.02729000000015,-0.09419191919191947,1
1746870675.5438352,2.8659375000000002,2.6218125,311.2886100000002,1.1425505050505023,1
1746870675.563899,2.8123125,2.5978125,257.79230999999993,0.9001262626262596,1
1746870675.5836515,2.4343125,2.4553125000000002,-119.30049000000018,-0.539267676767676,1
1746870675.6033652,2.2040625,2.3795625,-348.99789000000004,-1.3044191919191932,1
1746870675.6230443,2.3893125,2.4478125,-164.1924900000001,-0.6150252525252545,1
1746870675.6427207,2.769375,2.5905,214.9578600000001,0.8262626262626249,1
1746870675.6623938,2.9023125,2.6330625,347.5763099999998,1.2561868686868658,1
1746870675.6824985,2.578125,2.511,24.166859999999943,0.023232323232322917,1
1746870675.7022674,2.2393125,2.39025,-313.83249,-1.196464646464648,1
1746870675.7219534,2.281125,2.407875,-272.1203400000002,-1.0184343434343428,1
1746870675.7416282,2.64225,2.544,88.13796000000015,0.3565656565656554,1
1746870675.762078,2.8781250000000003,2.6310000000000002,323.44686000000024,1.235353535353536,1
1746870675.7834206,2.352375,2.4375,-201.0413400000002,-0.7191919191919207,1
1746870675.804397,2.16525,2.4069375,-387.7172400000002,-1.02790404040404,1
1746870675.8263876,2.7729375000000003,2.625375,218.51181000000022,1.178535353535352,1
1746870675.8474789,2.7215625,2.508,167.26011000000005,-0.007070707070708534,1
1746870675.868716,2.1354375,2.50725,-417.45818999999995,-0.014646464646466397,1
1746870675.889575,2.343375,2.507625,-210.01974000000007,-0.010858585858587465,1
1746870675.9154487,2.5430625,2.5078125,-10.811490000000056,-0.008964646464648,1
1746870675.936951,2.2005,2.3274375000000003,-352.55184000000014,-1.8309343434343421,1
1746870675.957525,2.587875,2.5066875,33.89345999999987,-0.020328282828284795,1
1746870675.9772682,2.9060625,2.6300625,351.31730999999996,1.2258838383838386,1
1746870675.9974663,2.79225,2.5865625,237.77796000000006,0.7864898989898962,1
1746870676.0171795,2.40225,2.43975,-151.28604000000007,-0.6964646464646471,1
1746870676.0368896,2.2098750000000003,2.380125,-343.19933999999984,-1.2987373737373749,1
1746870676.056634,2.4399375,2.4661875,-113.68898999999998,-0.4294191919191914,1
1746870676.0763264,2.8130625,2.6056875,258.54051,0.9796717171717172,1
1746870676.096087,2.8835625,2.6255625,328.87131,1.1804292929292917,1
1746870676.1157038,2.5790625,2.511375,25.10210999999998,0.027020202020201847,1
1746870676.1355257,2.235375,2.38875,-317.76054000000016,-1.2116161616161638,1
1746870676.155258,2.28975,2.411625,-263.5160399999999,-0.980555555555558,1
1746870676.1750772,2.6795625,2.5606875000000002,125.36090999999979,0.5251262626262634,1
1746870676.1948571,2.91,2.6364375,355.2453600000001,1.290277777777776,1
1746870676.214543,2.724,2.566125,169.69176000000013,0.5800505050505034,1
1746870676.2347045,2.2914375000000002,2.407125,-261.8325899999998,-1.0260101010101006,1
1746870676.2544353,2.2336875,2.390625,-319.4439900000002,-1.1926767676767691,1
1746870676.2741284,2.554125,2.5096875,0.22445999999991992,0.009974747474746656,1
1746870676.293838,2.8805625,2.627625,325.87850999999984,1.2012626262626256,1
1746870676.3135693,2.821875,2.604375,267.33185999999984,0.966414141414141,1
1746870676.333263,2.4555000000000002,2.5306875,-98.16383999999982,0.22209595959595785,1
1746870676.353364,2.2033125,2.5081875,-349.74609000000004,-0.005176767676769069,1
1746870676.3730514,2.4165,2.508,-137.07023999999996,-0.007070707070708534,1
1746870676.392715,2.792625,2.508,238.1520600000001,-0.007070707070708534,1
1746870676.4123795,2.895,2.653875,340.28135999999995,1.4664141414141418,1
1746870676.4320683,2.6079375000000002,2.5340625,53.90781000000018,0.25618686868686824,1
1746870676.451762,2.2584375,2.392125,-294.7533900000002,-1.1775252525252535,1
1746870676.471837,2.2910625000000002,2.4054375,-262.20668999999987,-1.0430555555555558,1
1746870676.4915102,2.6557500000000003,2.5509375,101.60556000000022,0.42664141414141116,1
1746870676.5112438,2.9071875,2.6353125,352.43960999999996,1.2789141414141392,1
1746870676.5309632,2.742375,2.57475,188.02265999999995,0.6671717171717143,1
1746870676.5506525,2.3563125,2.430375,-197.11329000000003,-0.791161616161616,1
1746870676.5703757,2.2098750000000003,2.382375,-343.19933999999984,-1.2760101010101013,1
1746870676.5905418,2.5329375,2.5027500000000003,-20.912189999999995,-0.060101010101009086,1
1746870676.6102583,2.870625,2.62425,315.96485999999993,1.1671717171717153,1
1746870676.6299217,2.8423125000000002,2.6115,287.7203100000002,1.0383838383838362,1
1746870676.6495829,2.4885,2.4785625000000002,-65.24303999999991,-0.3044191919191912,1
1746870676.6692524,2.2126875,2.382375,-340.39359000000013,-1.2760101010101013,1
1746870676.6889155,2.334375,2.4275625,-218.99813999999998,-0.8195707070707079,1
1746870676.7085457,2.7088125,2.5696875,154.54071000000002,0.6160353535353532,1
1746870676.7282274,2.9109375,2.6368125,356.1806100000001,1.294065656565655,1
1746870676.7479262,2.701125,2.5595625,146.87166000000016,0.5137626262626266,1
1746870676.7676086,2.3229375,2.418,-230.40818999999996,-0.9161616161616162,1
1746870676.7872767,2.21925,2.3853750000000002,-333.8468399999999,-1.2457070707070697,1
1746870676.8125005,2.8854375,2.625,330.74181000000004,1.174747474747473,1
1746870676.83235,2.5580625,2.503875,4.152510000000069,-0.04873737373737678,1
1746870676.852076,2.232375,2.387625,-320.75333999999987,-1.2229797979798005,1
1746870676.8717754,2.2944375,2.4125625,-258.83979000000016,-0.9710858585858606,1
1746870676.8916707,2.6908125000000003,2.5666875,136.58391000000023,0.5857323232323218,1
1746870676.9114742,2.9101875,2.63625,355.4324100000001,1.2883838383838366,1
1746870676.9313593,2.66025,2.544,106.09475999999995,0.3565656565656554,1
1746870676.9514227,2.2730625,2.40075,-280.1634900000001,-1.0904040404040425,1
1746870676.9710605,2.2443750000000002,2.3941875,-308.78213999999986,-1.1566919191919194,1
1746870676.9908407,2.585625,2.52225,31.648859999999782,0.13686868686868636,1
1746870677.0105324,2.878875,2.63325,324.1950599999998,1.2580808080808052,1
1746870677.0308917,2.7335625,2.552625,179.23131000000006,0.44368686868686635,1
1746870677.051402,2.27175,2.3973750000000003,-281.47284000000013,-1.1244949494949483,1
1746870677.071259,2.2576875,2.39925,-295.5015900000002,-1.1055555555555583,1
1746870677.090873,2.593125,2.5275,39.13086000000007,0.18989898989898693,1
1746870677.1106641,2.896125,2.6317500000000003,341.40366,1.2429292929292939,1
1746870677.1303666,2.7915,2.5914375,237.02976000000004,0.8357323232323223,1
1746870677.1500623,2.4140625,2.4478125,-139.50189000000006,-0.6150252525252545,1
1746870677.1697412,2.1879375,2.3810625,-365.0841900000002,-1.2892676767676774,1
1746870677.1899137,2.474625,2.4785625000000002,-79.08473999999998,-0.3044191919191912,1
1746870677.209666,2.836125,2.6105625,281.54765999999995,1.0289141414141387,1
1746870677.2293031,2.8730625,2.62125,318.39651000000003,1.136868686868684,1
1746870677.2490551,2.53875,2.497125,-15.113640000000219,-0.11691919191919306,1
1746870677.2687461,2.2291875,2.386875,-323.93318999999997,-1.2305555555555585,1
1746870677.28847,2.3040000000000003,2.4181875,-249.3002399999998,-0.9142676767676767,1
1746870677.3082166,2.68425,2.5610625000000002,130.03715999999997,0.5289141414141423,1
1746870677.3279343,2.9086875,2.63625,353.93601000000007,1.2883838383838366,1
1746870677.3475502,2.729625,2.5695,175.3032599999999,0.6141414141414138,1
1746870677.3672433,2.34825,2.4260625,-205.1564399999999,-0.8347222222222236,1
1746870677.3869393,2.2119375,2.382375,-341.1417900000002,-1.2760101010101013,1
1746870677.4066458,2.4815625,2.48175,-72.16389000000017,-0.27222222222222475,1
1746870677.4263234,2.839875,2.61,285.2886600000001,1.0232323232323204,1
1746870677.4459856,2.8674375,2.598375,312.78500999999983,0.9058080808080781,1
1746870677.4660575,2.4909375000000002,2.4830625,-62.81138999999981,-0.2589646464646485,1
1746870677.4857576,2.213625,2.38725,-339.45834000000013,-1.2267676767676796,1
1746870677.5054884,2.3454375,2.4309375,-207.96219,-0.7854797979797975,1
1746870677.525198,2.727375,2.5768125,173.05865999999983,0.6880050505050485,1
1746870677.5448773,2.9098125,2.6355,355.05831000000006,1.2808080808080788,1
1746870677.5647964,2.6521875,2.54325,98.05161000000008,0.3489898989898975,1
1746870677.5844588,2.2905,2.4061875,-262.76783999999986,-1.035479797979798,1
1746870677.6041641,2.229,2.3915625,-324.12023999999997,-1.1832070707070719,1
1746870677.6238742,2.55825,2.511,4.339560000000076,0.023232323232322917,1
1746870677.6435456,2.8801875,2.507625,325.50440999999984,-0.010858585858587465,1
1746870677.6632526,2.8235625,2.5078125,269.01530999999994,-0.008964646464648,1
1746870677.6829615,2.4515625,2.508,-102.09188999999998,-0.007070707070708534,1
1746870677.7031326,2.203875,2.5081875,-349.18494000000004,-0.005176767676769069,1
1746870677.7228303,2.428875,2.508,-124.72493999999995,-0.007070707070708534,1
1746870677.7425082,2.8055625,2.6266875,251.05851000000013,1.1917929292929283,1
1746870677.7621932,2.8903125,2.648625,335.6051099999998,1.4133838383838369,1
1746870677.781882,2.59125,2.5134375,37.26036,0.04785353535353597,1
1746870677.801582,2.2215000000000003,2.3805,-331.6022399999998,-1.2949494949494957,1
1746870677.821722,2.305875,2.4155625,-247.42974000000018,-0.9407828282828292,1
1746870677.8414094,2.6806875,2.5584375,126.48320999999983,0.5023989898989898,1
1746870677.8610823,2.9109375,2.63625,356.1806100000001,1.2883838383838366,1
1746870677.8807492,2.7331875,2.5708125,178.85721000000004,0.62739898989899,1
1746870677.9004893,2.344875,2.42325,-208.52334000000002,-0.8631313131313156,1
1746870677.920194,2.2119375,2.3840625,-341.1417900000002,-1.258964646464646,1
1746870677.939805,2.4744375,2.4808125,-79.27179,-0.2816919191919221,1
1746870677.959518,2.8389375,2.6139375,284.35341000000005,1.0630050505050492,1
1746870677.9792078,2.871375,2.6229375,316.71306,1.153914141414139,1
1746870677.9988759,2.5423125,2.4995625,-11.559690000000083,-0.09229797979798,1
1746870678.0185692,2.228625,2.38725,-324.49433999999997,-1.2267676767676796,1
1746870678.038487,2.3214375,2.424,-231.90459,-0.8555555555555577,1
1746870678.0581317,2.6955,2.608875,141.26015999999996,1.0118686868686837,1
1746870678.0802824,2.726625,2.495625,172.3104599999998,-0.13207070707070878,1
1746870678.1034245,2.2201875,2.464875,-332.9115899999999,-0.44267676767676767,1
1746870678.1278858,2.8965,2.5918125,341.77776,0.8395202020202012,1
1746870678.1515126,2.2205625,2.386875,-332.5374899999999,-1.2305555555555585,1
1746870678.1749182,2.740125,2.6116875,185.77805999999987,1.0402777777777756,1
1746870678.1969254,2.7395625,2.4903750000000002,185.21690999999984,-0.18510101010100932,1
1746870678.2194448,2.2040625,2.4155625,-348.99789000000004,-0.9407828282828292,1
1746870678.2418828,2.775,2.614125,220.56935999999985,1.0648989898989887,1
1746870678.2634797,2.7735,2.534625,219.0729599999998,0.26186868686868664,1
1746870678.2851577,2.22825,2.3799375,-324.86844,-1.3006313131313143,1
1746870678.3067508,2.548125,2.551125,-5.761139999999864,0.4285353535353506,1
1746870678.328513,2.8777500000000003,2.6038125,323.0727600000002,0.9607323232323225,1
1746870678.3501842,2.3341875,2.3970000000000002,-219.18518999999998,-1.1282828282828272,1
1746870678.371785,2.361,2.4791250000000002,-192.43703999999985,-0.2987373737373728,1
1746870678.393272,2.89425,2.6360625,339.53315999999995,1.2864898989898972,1
1746870678.414476,2.629875,2.508,75.79266000000013,-0.007070707070708534,1
1746870678.4357028,2.208,2.508375,-345.0698399999999,-0.0032828282828296033,1
1746870678.4568908,2.583375,2.507625,29.40426000000014,-0.010858585858587465,1
1746870678.478816,2.864625,2.507625,309.9792600000001,-0.010858585858587465,1
1746870678.5019543,2.2098750000000003,2.508,-343.19933999999984,-0.007070707070708534,1
1746870678.525003,2.788125,2.508375,233.6628599999999,-0.0032828282828296033,1
1746870678.5482693,2.541375,2.4,-12.494940000000119,-1.0979797979798003,1
1746870678.571504,2.3458125,2.5220625,-207.58809,0.13497474747474691,1
1746870678.594581,2.9085,2.598,353.74896,0.9020202020201991,1
1746870678.6176052,2.2599375,2.3776875,-293.25699000000014,-1.323358585858588,1
1746870678.6407251,2.6776875,2.618625,123.49041000000017,1.1103535353535359,1
1746870678.6639962,2.6821875,2.42775,127.9796099999999,-0.8176767676767684,1
1746870678.6878343,2.3173125,2.4988125,-236.01969000000017,-0.09987373737373786,1
1746870678.71096,2.9128125000000002,2.600625,358.0511100000002,0.9285353535353515,1
1746870678.7340417,2.2494375,2.507625,-303.7317900000001,-0.010858585858587465,1
1746870678.7580662,2.7665625,2.507625,212.15211,-0.010858585858587465,1
1746870678.7813869,2.56425,2.507625,10.32515999999986,-0.010858585858587465,1
1746870678.8043394,2.33175,2.461875,-221.61684000000008,-0.4729797979797991,1
1746870678.8276203,2.9115,2.6015625,356.74176000000017,0.9380050505050489,1
1746870678.8506792,2.27625,2.377875,-276.98364,-1.3214646464646482,1
1746870678.8737917,2.6409375,2.611125,86.8286100000001,1.0345959595959573,1
1746870678.9072082,2.6630625,2.617875,108.90051000000005,1.1027777777777779,1
1746870678.9304588,2.7,2.4710625,145.7493600000001,-0.3801767676767698,1
1746870678.953557,2.2441875000000002,2.4495,-308.96918999999986,-0.5979797979797994,1
1746870678.9764686,2.890875,2.63625,336.1662599999998,1.2883838383838366,1
1746870678.999214,2.4226875,2.4110625,-130.89759000000018,-0.9862373737373764,1
1746870679.0210717,2.301375,2.49225,-251.9189399999999,-0.16616161616161917,1
1746870679.0442305,2.9154375,2.607,360.66980999999987,0.9929292929292934,1
1746870679.0673785,2.272125,2.3803125,-281.09874000000013,-1.2968434343434352,1
1746870679.0902443,2.6175,2.60625,63.4473600000001,0.9853535353535355,1
1746870679.1139743,2.6634375,2.44875,109.27461000000007,-0.6055555555555573,1
1746870679.1378593,2.32425,2.5216875,-229.0988399999999,0.13118686868686796,1
1746870679.1615405,2.8940625,2.5745625,339.34610999999995,0.6652777777777749,1
1746870679.1847548,2.226375,2.3850000000000002,-326.73894000000007,-1.2494949494949485,1
1746870679.2078476,2.735625,2.6300625,181.28886000000014,1.2258838383838386,1
1746870679.2310786,2.611125,2.44125,57.08765999999986,-0.6813131313131314,1
1746870679.2544775,2.325,2.5003125,-228.35063999999988,-0.08472222222222214,1
1746870679.279259,2.8126875,2.5246875,258.1664099999999,0.16148989898989943,1
1746870679.3023899,2.2098750000000003,2.41125,-343.19933999999984,-0.984343434343437,1
1746870679.325493,2.8456875,2.635875,291.08720999999986,1.2845959595959577,1
1746870679.3485346,2.49375,2.407875,-60.00564000000015,-1.0184343434343428,1
1746870679.3716233,2.3835,2.5246875,-169.99103999999988,0.16148989898989943,1
1746870679.3946447,2.8876875,2.508,332.98641000000015,-0.007070707070708534,1
1746870679.4177175,2.2378125,2.507625,-315.32889000000006,-0.010858585858587465,1
1746870679.4407682,2.704875,2.508,150.61265999999986,-0.007070707070708534,1
1746870679.463822,2.6720625,2.508,117.87890999999995,-0.007070707070708534,1
1746870679.486888,2.262,2.461875,-291.19944000000004,-0.4729797979797991,1
1746870679.5100527,2.9105625,2.637,355.8065100000001,1.2959595959595944,1
1746870679.5330832,2.342625,2.3799375,-210.7679400000001,-1.3006313131313143,1
1746870679.55612,2.53575,2.622,-18.10643999999989,1.1444444444444417,1
1746870679.5799801,2.7405,2.4913125000000003,186.1521599999999,-0.175631313131312,1
1746870679.60302,2.2239375,2.430375,-329.1705900000002,-0.791161616161616,1
1746870679.626034,2.881875,2.6338125,327.1878599999999,1.2637626262626236,1
1746870679.6491008,2.424375,2.39475,-129.21414000000013,-1.1510101010101008,1
1746870679.6721375,2.4436875000000002,2.5078125,-109.94798999999983,-0.008964646464648,1
1746870679.6950305,2.8775625000000002,2.50725,322.8857100000002,-0.014646464646466397,1
1746870679.7181244,2.2156875,2.50725,-337.40079000000003,-0.014646464646466397,1
1746870679.7411587,2.7583125,2.508,203.9219100000001,-0.007070707070708534,1
1746870679.7642426,2.607375,2.4093750000000003,53.34666000000016,-1.003282828282827,1
1746870679.78732,2.295375,2.4855,-257.9045400000001,-0.23434343434343544,1
1746870679.810408,2.914875,2.612625,360.1086599999998,1.0497474747474729,1
1746870679.8344045,2.2318125,2.3795625,-321.31448999999986,-1.3044191919191932,1
1746870679.8575068,2.7225,2.625,168.19536000000008,1.174747474747473,1
1746870679.8805606,2.6506875,2.4555000000000002,96.55521000000003,-0.5373737373737365,1
1746870679.903637,2.2674375,2.4654375,-285.77498999999983,-0.43699494949494927,1
1746870679.9266934,2.9124375000000002,2.6203125000000003,357.67701000000017,1.127398989898991,1
1746870679.9497607,2.3323125,2.5785,-221.05569000000006,0.7050505050505036,1
1746870679.9729624,2.3323125,2.5785,-221.05569000000006,0.7050505050505036,1
1746870679.9936895,2.9098125,2.6101875,355.05831000000006,1.0251262626262598,1
1746870680.016967,2.283,2.372625,-270.2498400000001,-1.374494949494949,1
1746870680.040145,2.6638125,2.6175,109.64871000000008,1.098989898989899,1
1746870680.063378,2.707125,2.4740625,152.85725999999994,-0.34987373737373834,1
1746870680.086879,2.250375,2.462625,-302.79654000000005,-0.46540404040404126,1
1746870680.1098113,2.90775,2.626125,353.00076,1.18611111111111,1
1746870680.1328783,2.3615625000000002,2.3853750000000002,-191.87588999999983,-1.2457070707070697,1
1746870680.155957,2.5215,2.57775,-32.32223999999999,0.6974747474747458,1
1746870680.1792462,2.79675,2.5185,242.2671599999998,0.09898989898989706,1
1746870680.2023253,2.2091250000000002,2.42775,-343.94753999999983,-0.8176767676767684,1
1746870680.2262592,2.9041875,2.6101875,349.44680999999986,1.0251262626262598,1
1746870680.250159,2.28675,2.3791875,-266.50884,-1.308207070707072,1
1746870680.273366,2.636625,2.610375,82.52645999999994,1.0270202020201993,1
1746870680.2965345,2.7225,2.4800625,168.19536000000008,-0.28926767676767995,1
1746870680.3196924,2.235,2.442375,-318.1346400000002,-0.6699494949494946,1
1746870680.3428648,2.903625,2.62575,348.88565999999986,1.182323232323231,1
1746870680.366133,2.35275,2.3835,-200.66724000000016,-1.2646464646464644,1
1746870680.3892024,2.5306875,2.5831875,-23.15679000000008,0.7523989898989902,1
1746870680.4124432,2.8051875,2.51925,250.68441000000013,0.10656565656565492,1
1746870680.4355643,2.211,2.413125,-342.07704000000024,-0.9654040404040423,1
1746870680.4586492,2.8520625,2.63625,297.4469100000001,1.2883838383838366,1
1746870680.4817746,2.473875,2.404125,-79.83294000000001,-1.0563131313131322,1
1746870680.5049157,2.4105,2.5383750000000003,-143.0558400000002,0.29974747474747593,1
1746870680.528062,2.882625,2.5681875,327.93605999999994,0.6008838383838375,1
1746870680.5511699,2.2209375000000002,2.38725,-332.1633899999998,-1.2267676767676796,1
1746870680.5742733,2.7545625,2.630625,200.18090999999998,1.2315656565656572,1
1746870680.59741,2.605125,2.436375,51.10206000000008,-0.7305555555555575,1
1746870680.6205204,2.2985625,2.48625,-254.72469,-0.22676767676767756,1
1746870680.6439474,2.9094375,2.5873125,354.68421000000006,0.794065656565654,1
1746870680.66713,2.2560000000000002,2.3805,-297.18503999999984,-1.2949494949494957,1
1746870680.6905375,2.6983125,2.505,144.06591000000006,-0.03737373737373999,1
1746870680.713798,2.649375,2.5078125,95.24585999999998,-0.008964646464648,1
1746870680.7368557,2.2665,2.508,-286.7102399999999,-0.007070707070708534,1
1746870680.7599037,2.90325,2.5085625,348.51155999999986,-0.0013888888888901377,1
1746870680.7841039,2.2381875,2.3805,-314.95479000000006,-1.2949494949494957,1
1746870680.807252,2.707875,2.625,153.60545999999997,1.174747474747473,1
1746870680.8303187,2.66025,2.4571875,106.09475999999995,-0.5203282828282858,1
1746870680.8533716,2.253375,2.46,-299.80373999999995,-0.4919191919191938,1
1746870680.8764622,2.9068125,2.626875,352.06550999999996,1.1936868686868678,1
1746870680.8992345,2.3604375,2.38425,-192.99818999999988,-1.2570707070707066,1
1746870680.923286,2.648625,2.61225,94.49765999999995,1.045959595959594,1
1746870680.9463887,2.7258750000000003,2.4819375,171.5622600000002,-0.2703282828282853,1
1746870680.9694781,2.232,2.4436875000000002,-321.12743999999986,-0.6566919191919184,1
1746870680.992623,2.899125,2.6300625,344.3964600000001,1.2258838383838386,1
1746870681.0159743,2.3475,2.3829375,-205.90463999999992,-1.2703282828282827,1
1746870681.0391765,2.547,2.5736250000000003,-6.883439999999907,0.655808080808082,1
1746870681.0622709,2.806125,2.5005,251.61966000000015,-0.08282828282828267,1
1746870681.085397,2.2115625,2.4163125,-341.5158900000002,-0.9332070707070713,1
1746870681.1085427,2.858625,2.6394375,303.9936599999999,1.3205808080808075,1
1746870681.1317937,2.443125,2.3953125,-110.50913999999985,-1.1453282828282825,1
1746870681.1550305,2.4433125,2.550375,-110.32208999999985,0.42095959595959276,1
1746870681.1781147,2.870625,2.559375,315.96485999999993,0.5118686868686871,1
1746870681.201206,2.2134375,2.3866875,-339.64539000000013,-1.232449494949498,1
