2025-05-06T15:03:43.873691,-58.322190000000084,0.45883838383838205,0
2025-05-06T15:03:43.894712,0.411509999999927,0.4455808080808058,0
2025-05-06T15:03:43.915547,-2.5812900000001866,0.4512626262626242,0
2025-05-06T15:03:43.938397,-23.15679000000008,0.45505050505050315,0
2025-05-06T15:03:43.959420,-11.18559000000007,0.4512626262626242,0
2025-05-06T15:03:43.980783,-5.9481899999998715,0.45315656565656365,0
2025-05-06T15:03:44.001842,-6.135239999999878,0.44936868686868475,0
2025-05-06T15:03:44.022787,-9.128039999999991,0.4512626262626242,0
2025-05-06T15:03:44.043786,-13.243140000000148,0.45315656565656365,0
2025-05-06T15:03:44.064836,-10.998540000000062,0.45315656565656365,0
2025-05-06T15:03:44.086020,-36.62439000000015,0.4512626262626242,0
2025-05-06T15:03:44.107123,-19.789889999999954,0.44936868686868475,0
2025-05-06T15:03:44.128476,-15.674789999999797,0.44936868686868475,0
2025-05-06T15:03:44.149446,-10.437390000000041,0.4569444444444426,0
2025-05-06T15:03:44.172696,-7.070489999999913,0.44936868686868475,1
2025-05-06T15:03:58.284768,-7.818689999999942,0.46073232323232155,0
2025-05-06T15:03:58.306064,3.5913600000000474,0.45883838383838205,0
2025-05-06T15:03:58.327397,1.9079099999999838,0.45315656565656365,0
2025-05-06T15:03:58.348172,-2.2071900000001725,0.4512626262626242,0
2025-05-06T15:03:58.369150,-6.6963899999999,0.44747474747474525,0
2025-05-06T15:03:58.390383,-12.494940000000119,0.45315656565656365,0
2025-05-06T15:03:58.411084,-10.063290000000027,0.44747474747474525,0
2025-05-06T15:03:58.431740,-11.18559000000007,0.4512626262626242,0
2025-05-06T15:03:58.452632,-9.87624000000002,0.44747474747474525,0
2025-05-06T15:03:58.473993,-20.538089999999983,0.45315656565656365,0
2025-05-06T15:03:58.495043,-12.681990000000127,0.4569444444444426,0
2025-05-06T15:03:58.516251,-10.624440000000048,0.45315656565656365,0
2025-05-06T15:03:58.537361,-42.984089999999945,0.44936868686868475,0
2025-05-06T15:03:58.558581,-8.940989999999985,0.4512626262626242,0
2025-05-06T15:03:58.581708,-7.818689999999942,0.44936868686868475,0
2025-05-06T15:03:58.604785,-9.689190000000012,0.4512626262626242,0
2025-05-06T15:03:58.627839,-8.940989999999985,0.44936868686868475,0
2025-05-06T15:03:58.650909,-10.437390000000041,0.44936868686868475,0
2025-05-06T15:03:58.673970,-9.87624000000002,0.45315656565656365,0
2025-05-06T15:03:58.697861,-21.660390000000024,0.44747474747474525,0
2025-05-06T15:03:58.721473,-8.940989999999985,0.45315656565656365,0
2025-05-06T15:03:58.744926,-7.070489999999913,0.4512626262626242,0
2025-05-06T15:03:58.768266,-8.753939999999977,0.44747474747474525,0
2025-05-06T15:03:58.791736,-11.559690000000083,0.44936868686868475,0
2025-05-06T15:03:58.815136,-19.041689999999925,0.45315656565656365,0
2025-05-06T15:03:58.838227,-10.624440000000048,0.45505050505050315,0
2025-05-06T15:03:58.861271,-11.559690000000083,0.45883838383838205,0
2025-05-06T15:03:58.884639,-9.128039999999991,0.4569444444444426,0
2025-05-06T15:03:58.908861,-11.559690000000083,0.44936868686868475,0
2025-05-06T15:03:58.932522,-13.804290000000169,0.45315656565656365,0
2025-05-06T15:03:58.956120,-10.624440000000048,0.44936868686868475,0
2025-05-06T15:03:58.979841,-15.113640000000219,0.45315656565656365,0
2025-05-06T15:03:59.003474,-15.861839999999804,0.45315656565656365,0
2025-05-06T15:03:59.027003,-10.063290000000027,0.44368686868686635,0
2025-05-06T15:03:59.051228,-16.984139999999847,0.45315656565656365,0
2025-05-06T15:03:59.074521,-9.87624000000002,0.45883838383838205,0
2025-05-06T15:03:59.097691,-23.15679000000008,0.4512626262626242,0
2025-05-06T15:03:59.121101,-7.818689999999942,0.4512626262626242,0
2025-05-06T15:03:59.144867,-12.494940000000119,0.44936868686868475,0
2025-05-06T15:03:59.168101,-10.811490000000056,0.4512626262626242,0
2025-05-06T15:03:59.192369,-48.03444000000014,0.4455808080808058,0
2025-05-06T15:03:59.216005,-46.53804000000008,0.44747474747474525,0
2025-05-06T15:03:59.240090,-10.250340000000035,0.44936868686868475,0
2025-05-06T15:03:59.263368,-16.048889999999812,0.44936868686868475,0
2025-05-06T15:03:59.286511,-4.264739999999807,0.4512626262626242,0
2025-05-06T15:03:59.309951,-14.36544000000019,0.44747474747474525,0
2025-05-06T15:03:59.333081,-8.940989999999985,0.44747474747474525,0
2025-05-06T15:03:59.356922,-12.307890000000112,0.44368686868686635,0
2025-05-06T15:03:59.380175,-12.494940000000119,0.44936868686868475,0
2025-05-06T15:03:59.403220,-8.192789999999956,0.4512626262626242,0
2025-05-06T15:03:59.426384,-10.250340000000035,0.45315656565656365,0
2025-05-06T15:03:59.449435,-11.18559000000007,0.44747474747474525,0
2025-05-06T15:03:59.472502,-8.379839999999964,0.45315656565656365,0
2025-05-06T15:03:59.496562,-15.300690000000225,0.44936868686868475,0
2025-05-06T15:03:59.519721,-11.559690000000083,0.44936868686868475,0
2025-05-06T15:03:59.542873,-8.753939999999977,0.44368686868686635,0
2025-05-06T15:03:59.566732,-14.739540000000204,0.4512626262626242,0
2025-05-06T15:03:59.590369,-6.509339999999892,0.4512626262626242,0
2025-05-06T15:03:59.613404,-9.87624000000002,0.44368686868686635,0
2025-05-06T15:03:59.636466,-10.998540000000062,0.4512626262626242,0
2025-05-06T15:03:59.659509,-7.818689999999942,0.44936868686868475,0
2025-05-06T15:03:59.682556,-10.063290000000027,0.4512626262626242,0
2025-05-06T15:03:59.707814,-9.31509,0.4512626262626242,0
2025-05-06T15:03:59.731911,-50.46608999999979,0.4512626262626242,0
2025-05-06T15:03:59.755464,2.094959999999991,0.44936868686868475,0
2025-05-06T15:03:59.779389,-3.703589999999786,0.44747474747474525,0
2025-05-06T15:03:59.803363,-5.38703999999985,0.44179292929292685,0
2025-05-06T15:03:59.826840,-8.192789999999956,0.4398989898989874,0
2025-05-06T15:03:59.850278,-8.940989999999985,0.44747474747474525,0
2025-05-06T15:03:59.873600,-9.87624000000002,0.44747474747474525,0
2025-05-06T15:03:59.896863,-7.818689999999942,0.4512626262626242,0
2025-05-06T15:03:59.920817,-9.87624000000002,0.44936868686868475,0
2025-05-06T15:03:59.944041,-9.502140000000006,0.45315656565656365,0
2025-05-06T15:03:59.967570,-8.940989999999985,0.45315656565656365,0
2025-05-06T15:03:59.991264,-13.243140000000148,0.44936868686868475,0
2025-05-06T15:04:00.014572,-18.66758999999991,0.44936868686868475,0
2025-05-06T15:04:00.037725,-9.87624000000002,0.44747474747474525,0
2025-05-06T15:04:00.061457,-9.128039999999991,0.4569444444444426,0
2025-05-06T15:04:00.084549,-7.818689999999942,0.44747474747474525,0
2025-05-06T15:04:00.107611,-9.689190000000012,0.45315656565656365,0
2025-05-06T15:04:00.130703,-8.56688999999997,0.45315656565656365,0
2025-05-06T15:04:00.153857,-11.746740000000091,0.4455808080808058,0
2025-05-06T15:04:00.177233,-10.250340000000035,0.44936868686868475,0
2025-05-06T15:04:00.201261,-12.494940000000119,0.4455808080808058,0
2025-05-06T15:04:00.224803,-41.48768999999989,0.45315656565656365,0
2025-05-06T15:04:00.248089,-8.753939999999977,0.45315656565656365,0
2025-05-06T15:04:00.271670,-9.689190000000012,0.4512626262626242,0
2025-05-06T15:04:00.294978,-12.869040000000133,0.45315656565656365,0
2025-05-06T15:04:00.318266,-8.192789999999956,0.44368686868686635,0
2025-05-06T15:04:00.341679,-12.494940000000119,0.44368686868686635,0
2025-05-06T15:04:00.364742,-10.811490000000056,0.44368686868686635,0
2025-05-06T15:04:00.387976,-10.063290000000027,0.4455808080808058,0
2025-05-06T15:04:00.411749,-13.991340000000177,0.44368686868686635,0
2025-05-06T15:04:00.435051,-11.18559000000007,0.44747474747474525,0
2025-05-06T15:04:00.458268,-9.87624000000002,0.43800505050504795,0
2025-05-06T15:04:00.481350,-11.18559000000007,0.4455808080808058,0
2025-05-06T15:04:00.504424,-11.559690000000083,0.44179292929292685,0
2025-05-06T15:04:00.527812,-15.861839999999804,0.4455808080808058,0
2025-05-06T15:04:00.551304,-18.293489999999895,0.44747474747474525,0
2025-05-06T15:04:00.574441,-10.437390000000041,0.4398989898989874,0
2025-05-06T15:04:00.597606,-9.689190000000012,0.4455808080808058,0
2025-05-06T15:04:00.621231,-12.307890000000112,0.44368686868686635,0
2025-05-06T15:04:00.644771,-12.120840000000106,0.44368686868686635,0
2025-05-06T15:04:00.667898,-8.56688999999997,0.4455808080808058,0
2025-05-06T15:04:00.691084,-9.689190000000012,0.43800505050504795,0
2025-05-06T15:04:00.715879,-16.048889999999812,0.4455808080808058,0
2025-05-06T15:04:00.739763,-41.48768999999989,0.44179292929292685,0
2025-05-06T15:04:00.763477,-34.94094000000008,0.44368686868686635,0
2025-05-06T15:04:00.787147,-1.458990000000144,0.44747474747474525,0
2025-05-06T15:04:00.810815,-3.890639999999793,0.44179292929292685,0
2025-05-06T15:04:00.835005,-14.178390000000183,0.4512626262626242,0
2025-05-06T15:04:00.858761,-3.703589999999786,0.4512626262626242,0
2025-05-06T15:04:00.882102,-9.87624000000002,0.44747474747474525,0
2025-05-06T15:04:00.905671,-8.940989999999985,0.44747474747474525,0
2025-05-06T15:04:00.928949,-9.128039999999991,0.4455808080808058,0
2025-05-06T15:04:00.952536,-9.502140000000006,0.4455808080808058,0
2025-05-06T15:04:00.975905,-7.444589999999928,0.4512626262626242,0
2025-05-06T15:04:00.999200,-10.250340000000035,0.44936868686868475,0
2025-05-06T15:04:01.022584,-10.998540000000062,0.44368686868686635,0
2025-05-06T15:04:01.045942,-19.041689999999925,0.43611111111110845,0
2025-05-06T15:04:01.070489,-19.22873999999993,0.43800505050504795,0
2025-05-06T15:04:01.094006,-13.617240000000162,0.44368686868686635,0
2025-05-06T15:04:01.117253,-10.624440000000048,0.44179292929292685,0
2025-05-06T15:04:01.140604,-8.192789999999956,0.44368686868686635,0
2025-05-06T15:04:01.163923,-7.631639999999935,0.4398989898989874,0
2025-05-06T15:04:01.187217,-10.624440000000048,0.43800505050504795,0
2025-05-06T15:04:01.211062,-8.192789999999956,0.44368686868686635,0
2025-05-06T15:04:01.234380,-10.624440000000048,0.44179292929292685,0
2025-05-06T15:04:01.259310,-13.243140000000148,0.44179292929292685,0
2025-05-06T15:04:01.283300,-9.31509,0.44368686868686635,0
2025-05-06T15:04:01.306815,-12.681990000000127,0.4398989898989874,0
2025-05-06T15:04:01.330121,-18.10643999999989,0.44368686868686635,0
2025-05-06T15:04:01.353403,-9.128039999999991,0.44368686868686635,0
2025-05-06T15:04:01.376954,-14.926590000000212,0.4398989898989874,0
2025-05-06T15:04:01.400236,-8.379839999999964,0.43800505050504795,0
2025-05-06T15:04:01.423530,-9.502140000000006,0.43232323232322956,0
2025-05-06T15:04:01.446951,-9.87624000000002,0.44179292929292685,0
2025-05-06T15:04:01.470862,-13.617240000000162,0.4455808080808058,0
2025-05-06T15:04:01.494329,-13.617240000000162,0.44179292929292685,0
2025-05-06T15:04:01.517679,-10.250340000000035,0.44368686868686635,0
2025-05-06T15:04:01.541033,-11.933790000000098,0.44179292929292685,0
2025-05-06T15:04:01.564994,-26.149590000000195,0.44368686868686635,0
2025-05-06T15:04:01.588446,-8.192789999999956,0.4398989898989874,0
2025-05-06T15:04:01.611729,-9.128039999999991,0.44747474747474525,0
2025-05-06T15:04:01.635026,-6.6963899999999,0.44368686868686635,0
2025-05-06T15:04:01.659006,-9.502140000000006,0.44368686868686635,0
2025-05-06T15:04:01.682990,-14.178390000000183,0.434217171717169,0
2025-05-06T15:04:01.706407,-8.753939999999977,0.44179292929292685,0
2025-05-06T15:04:01.729606,-9.689190000000012,0.4398989898989874,0
2025-05-06T15:04:01.752730,-8.192789999999956,0.434217171717169,0
2025-05-06T15:04:01.776400,-16.422989999999825,0.43800505050504795,0
2025-05-06T15:04:01.799842,-13.617240000000162,0.43611111111110845,0
2025-05-06T15:04:01.823418,-6.6963899999999,0.43611111111110845,0
2025-05-06T15:04:01.846692,-13.056090000000141,0.43800505050504795,0
2025-05-06T15:04:01.870062,-7.257539999999921,0.434217171717169,0
2025-05-06T15:04:01.893599,-13.243140000000148,0.4398989898989874,0
2025-05-06T15:04:01.917214,-17.732339999999876,0.4398989898989874,0
2025-05-06T15:04:01.940796,-6.135239999999878,0.44747474747474525,0
2025-05-06T15:04:01.963989,-17.171189999999854,0.4512626262626242,0
2025-05-06T15:04:01.987151,-17.35823999999986,0.4455808080808058,0
2025-05-06T15:04:02.013761,-12.681990000000127,0.44747474747474525,0
2025-05-06T15:04:02.040281,2.282009999999998,0.44747474747474525,0
2025-05-06T15:04:02.067143,0.411509999999927,0.44936868686868475,0
2025-05-06T15:04:02.094942,-14.926590000000212,0.44747474747474525,0
2025-05-06T15:04:02.123339,-7.070489999999913,0.45315656565656365,0
2025-05-06T15:04:02.152349,-5.761139999999864,0.44936868686868475,0
2025-05-06T15:04:02.181318,-1.646040000000151,0.4512626262626242,0
2025-05-06T15:04:02.209346,-6.509339999999892,0.44936868686868475,0
2025-05-06T15:04:02.235970,-6.322289999999885,0.44747474747474525,0
2025-05-06T15:04:02.262520,-7.070489999999913,0.44747474747474525,0
2025-05-06T15:04:02.289081,-6.6963899999999,0.44747474747474525,0
2025-05-06T15:04:02.317923,-13.056090000000141,0.4455808080808058,0
2025-05-06T15:04:02.346260,-5.38703999999985,0.4512626262626242,0
2025-05-06T15:04:02.375229,-5.761139999999864,0.44936868686868475,0
2025-05-06T15:04:02.404133,-5.761139999999864,0.44747474747474525,0
2025-05-06T15:04:02.432918,-5.1999899999998425,0.45315656565656365,0
2025-05-06T15:04:02.461865,-5.1999899999998425,0.4512626262626242,0
2025-05-06T15:04:02.490696,-4.825889999999829,0.4398989898989874,0
2025-05-06T15:04:02.518029,-6.509339999999892,0.43800505050504795,0
2025-05-06T15:04:02.546239,-8.56688999999997,0.434217171717169,0
2025-05-06T15:04:02.574040,-14.36544000000019,0.43611111111110845,0
2025-05-06T15:04:02.600881,-3.890639999999793,0.44368686868686635,0
2025-05-06T15:04:02.630055,-4.6388399999998216,0.44368686868686635,0
2025-05-06T15:04:02.658055,-2.5812900000001866,0.4398989898989874,0
2025-05-06T15:04:02.686954,-6.322289999999885,0.4455808080808058,0
2025-05-06T15:04:02.713766,-4.825889999999829,0.44179292929292685,0
2025-05-06T15:04:02.740343,-6.883439999999907,0.4455808080808058,0
2025-05-06T15:04:02.768266,-12.307890000000112,0.43611111111110845,0
2025-05-06T15:04:02.795531,-10.063290000000027,0.44179292929292685,0
2025-05-06T15:04:02.824368,-5.761139999999864,0.4398989898989874,0
2025-05-06T15:04:02.854640,-4.264739999999807,0.4455808080808058,0
2025-05-06T15:04:02.884117,-4.825889999999829,0.44179292929292685,0
2025-05-06T15:04:02.912786,-4.077689999999801,0.44368686868686635,0
2025-05-06T15:04:02.941110,-6.6963899999999,0.4455808080808058,0
2025-05-06T15:04:02.970032,-4.077689999999801,0.4398989898989874,0
2025-05-06T15:04:03.000137,-5.1999899999998425,0.44368686868686635,0
2025-05-06T15:04:03.027521,-8.56688999999997,0.44179292929292685,0
2025-05-06T15:04:03.054217,-6.6963899999999,0.44179292929292685,0
2025-05-06T15:04:03.081262,-5.574089999999857,0.4455808080808058,0
2025-05-06T15:04:03.108894,-7.818689999999942,0.44179292929292685,0
2025-05-06T15:04:03.138104,-4.077689999999801,0.4398989898989874,0
2025-05-06T15:04:03.167033,-5.012939999999836,0.44179292929292685,0
2025-05-06T15:04:03.195882,-11.372640000000077,0.43800505050504795,0
2025-05-06T15:04:03.224217,-9.502140000000006,0.4455808080808058,0
2025-05-06T15:04:03.251827,-8.192789999999956,0.43611111111110845,0
2025-05-06T15:04:03.279544,-5.1999899999998425,0.44368686868686635,0
2025-05-06T15:04:03.306597,-4.825889999999829,0.44179292929292685,0
2025-05-06T15:04:03.335693,-9.128039999999991,0.4398989898989874,0
2025-05-06T15:04:03.365034,-5.1999899999998425,0.43800505050504795,0
2025-05-06T15:04:03.394025,-5.574089999999857,0.43800505050504795,0
2025-05-06T15:04:03.421464,-14.739540000000204,0.43800505050504795,0
2025-05-06T15:04:03.448840,-9.502140000000006,0.434217171717169,0
2025-05-06T15:04:03.475492,-6.135239999999878,0.44179292929292685,0
2025-05-06T15:04:03.502131,-3.3294900000002148,0.44179292929292685,0
2025-05-06T15:04:03.528887,-19.415789999999937,0.44179292929292685,0
2025-05-06T15:04:03.556411,-1.646040000000151,0.4398989898989874,0
2025-05-06T15:04:03.583837,-4.451789999999814,0.43611111111110845,0
2025-05-06T15:04:03.611669,-8.192789999999956,0.44179292929292685,0
2025-05-06T15:04:03.643117,-400.81074000000024,0.7334595959595956,0
2025-05-06T15:04:03.672699,-374.0625900000001,-1.5297979797979806,0
2025-05-06T15:04:03.702328,41.37546000000015,-0.8744949494949524,0
2025-05-06T15:04:03.729433,369.8352600000002,2.744823232323232,0
2025-05-06T15:04:03.756373,-302.23539000000005,-0.8290404040404052,0
2025-05-06T15:04:03.783265,54.281910000000195,0.07815656565656293,0
2025-05-06T15:04:03.810423,152.48315999999994,2.1103535353535334,0
2025-05-06T15:04:03.839251,-367.14173999999986,-1.8119949494949519,0
2025-05-06T15:04:03.870722,131.34651000000002,-1.9161616161616182,0
2025-05-06T15:04:03.900931,274.62681000000015,0.6311868686868689,0
2025-05-06T15:04:03.928011,288.4685100000002,2.7467171717171714,0
2025-05-06T15:04:03.954659,-376.49424000000016,-1.834722222222221,0
2025-05-06T15:04:03.981216,304.92891,1.90580808080808,0
2025-05-06T15:04:04.008048,-143.99109000000024,0.3243686868686845,0
2025-05-06T15:04:04.037016,-144.1781399999998,-1.647222222222223,0
2025-05-06T15:04:04.065973,350.3820599999999,1.786489898989898,0
2025-05-06T15:04:04.094193,57.83585999999989,2.12171717171717,0
2025-05-06T15:04:04.121770,-389.5877400000002,-1.8726010101010104,0
2025-05-06T15:04:04.148398,272.38221000000004,1.5989898989899,0
2025-05-06T15:04:04.175400,-79.64589000000001,0.7808080808080777,0
2025-05-06T15:04:04.202089,-195.80393999999998,-1.4104797979797987,0
2025-05-06T15:04:04.230679,339.72020999999995,2.8092171717171692,0
2025-05-06T15:04:04.259580,-210.95499000000012,0.6785353535353511,0
2025-05-06T15:04:04.288475,-298.3073399999999,-1.9445707070707101,0
2025-05-06T15:04:04.318064,248.25276000000002,-0.01275252525252693,0
2025-05-06T15:04:04.346661,311.66271000000023,2.830050505050503,0
2025-05-06T15:04:04.375087,-279.9764400000001,-0.4029040404040434,0
2025-05-06T15:04:04.403953,-161.94789000000003,-1.651010101010102,0
2025-05-06T15:04:04.430762,346.0799100000002,2.33762626262626,0
2025-05-06T15:04:04.457364,-225.73194000000024,-0.23244949494949596,0
2025-05-06T15:04:04.484001,-1.458990000000144,-0.2589646464646485,0
2025-05-06T15:04:04.510829,199.43270999999993,2.3584595959595944,0
2025-05-06T15:04:04.540197,-374.8107900000001,-1.7135101010100997,0
2025-05-06T15:04:04.568826,26.598510000000033,-0.9123737373737372,0
2025-05-06T15:04:04.597945,344.5835100000001,2.7069444444444426,0
2025-05-06T15:04:04.625788,-146.6097899999999,0.909595959595957,0
2025-05-06T15:04:04.652455,-216.00533999999985,-1.4976010101010098,0
2025-05-06T15:04:04.679082,350.1950099999999,2.8470959595959586,0
2025-05-06T15:04:04.705839,-359.65974,-1.5297979797979806,0
2025-05-06T15:04:04.732451,211.21685999999994,1.1766414141414125,0
2025-05-06T15:04:04.760213,-22.221540000000044,1.7164141414141423,0
2025-05-06T15:04:04.788141,-342.26409000000024,-1.9104797979797996,0
2025-05-06T15:04:04.815572,319.14471000000003,1.9133838383838377,0
2025-05-06T15:04:04.844568,-27.084839999999787,1.8357323232323242,0
2025-05-06T15:04:04.872912,-372.94029000000006,-1.6036616161616153,0
2025-05-06T15:04:04.902210,155.28891000000004,-0.14532828282828503,0
2025-05-06T15:04:04.930229,338.2238099999999,2.845202020202019,0
2025-05-06T15:04:04.956912,-302.98359000000005,-0.8063131313131316,0
2025-05-06T15:04:04.984091,82.90055999999996,0.35845959595959487,0
2025-05-06T15:04:05.011701,204.48306000000014,2.4380050505050472,0
2025-05-06T15:04:05.041065,-372.75324000000006,-1.15479797979798,0
2025-05-06T15:04:05.070282,-42.422939999999926,-1.3044191919191932,0
2025-05-06T15:04:05.098543,363.84966,2.1842171717171723,0
2025-05-06T15:04:05.125766,-106.95519000000016,0.9683080808080804,0
2025-05-06T15:04:05.152461,-191.3147399999998,-1.3858585858585857,0
2025-05-06T15:04:05.179079,342.15186000000006,2.8357323232323215,0
2025-05-06T15:04:05.207235,-380.04818999999986,-1.4256313131313145,0
2025-05-06T15:04:05.234582,50.35386000000005,-0.19078282828282772,0
2025-05-06T15:04:05.261218,229.5477600000002,2.4758838383838366,0
2025-05-06T15:04:05.287959,-365.6453400000002,-1.9351010101010129,0
2025-05-06T15:04:05.315023,340.84251,2.305429292929294,0
2025-05-06T15:04:05.344013,-139.50189000000006,1.1804292929292917,0
2025-05-06T15:04:05.374712,-347.68854,-0.5676767676767679,0
2025-05-06T15:04:05.403675,-58.8833400000001,-1.3138888888888904,0
2025-05-06T15:04:05.430716,358.0511100000002,2.684217171717169,0
2025-05-06T15:04:05.457909,-265.19948999999997,-0.5449494949494943,0
2025-05-06T15:04:05.485538,-22.408590000000054,-0.5203282828282858,0
2025-05-06T15:04:05.512317,315.96485999999993,2.7845959595959604,0
2025-05-06T15:04:05.541310,-369.5733899999999,-1.147222222222222,0
2025-05-06T15:04:05.570405,-47.47329000000012,-1.2741161616161616,0
2025-05-06T15:04:05.598648,368.1518100000001,2.237247474747473,0
2025-05-06T15:04:05.627007,-123.22853999999988,0.7561868686868692,0
2025-05-06T15:04:05.655594,-325.24254,-1.919949494949497,0
2025-05-06T15:04:05.685185,254.2383599999998,0.3830808080808079,0
2025-05-06T15:04:05.714301,296.13756000000006,2.845202020202019,0
2025-05-06T15:04:05.743277,-247.24269000000015,0.4171717171717183,0
2025-05-06T15:04:05.772074,-276.98364,-1.9369949494949523,0
2025-05-06T15:04:05.800992,290.52605999999986,1.0137626262626231,0
2025-05-06T15:04:05.827850,198.3104099999999,2.328156565656563,0
2025-05-06T15:04:05.854491,-356.8539899999999,-1.9426767676767707,0
2025-05-06T15:04:05.881923,341.77776,2.129292929292928,0
2025-05-06T15:04:05.909391,-141.93354000000016,0.3092171717171688,0
2025-05-06T15:04:05.936317,-197.11329000000003,-1.4862373737373729,0
2025-05-06T15:04:05.963062,353.93601000000007,2.8508838383838375,0
2025-05-06T15:04:05.989798,-360.03384,-1.4635101010101037,0
2025-05-06T15:04:06.016749,210.6557099999999,1.0611111111111098,0
2025-05-06T15:04:06.045928,95.05880999999997,2.386868686868686,0
2025-05-06T15:04:06.074914,-369.3863399999999,-1.0847222222222241,0
2025-05-06T15:04:06.102965,-61.87614000000022,-0.9824494949494974,0
2025-05-06T15:04:06.130494,352.81371,2.8357323232323215,0
2025-05-06T15:04:06.157226,-318.3216900000002,-0.9786616161616185,0
2025-05-06T15:04:06.184015,111.70626000000016,0.3906565656565658,0
2025-05-06T15:04:06.210786,119.18826,1.9834595959595935,0
2025-05-06T15:04:06.237405,-322.9979399999999,-1.8688131313131315,0
2025-05-06T15:04:06.264053,366.6554100000001,2.695580808080806,0
2025-05-06T15:04:06.290655,-304.6670400000001,-0.8877525252525241,0
2025-05-06T15:04:06.318128,113.38970999999978,0.5781565656565639,0
2025-05-06T15:04:06.347779,262.65561000000014,2.6520202020202026,0
2025-05-06T15:04:06.375299,-343.94753999999983,-0.2968434343434333,0
2025-05-06T15:04:06.404376,-95.91924000000019,-1.4805555555555545,0
2025-05-06T15:04:06.431219,361.60505999999987,2.5364898989898994,0
2025-05-06T15:04:06.457896,-254.53763999999998,-0.4919191919191938,0
2025-05-06T15:04:06.484583,33.14525999999984,-0.060101010101009086,0
2025-05-06T15:04:06.511305,187.27445999999992,2.208838383838381,0
2025-05-06T15:04:06.538632,-437.47253999999987,-1.9407828282828312,0
2025-05-06T15:04:06.566770,315.0296099999999,1.9777777777777752,0
2025-05-06T15:04:06.593689,55.59125999999981,1.566792929292929,0
2025-05-06T15:04:06.621156,-272.6814900000002,-1.7229797979797972,0
2025-05-06T15:04:06.650708,422.58335999999997,2.038383838383838,0
2025-05-06T15:04:06.679787,154.91481000000002,1.6728535353535348,0
2025-05-06T15:04:06.709002,-439.7171399999999,-0.9881313131313159,0
2025-05-06T15:04:06.736409,-108.45159000000021,-0.44835858585858607,0
2025-05-06T15:04:06.763708,314.0943599999999,1.6236111111111087,0
2025-05-06T15:04:06.791499,-349.55904000000004,-0.7210858585858602,0
2025-05-06T15:04:06.818626,28.84311000000012,-0.9957070707070736,0
2025-05-06T15:04:06.847719,278.18075999999985,2.839520202020201,0
2025-05-06T15:04:06.876762,-265.57358999999997,0.22020202020201837,0
2025-05-06T15:04:06.905365,-266.69589,-1.7722222222222233,0
2025-05-06T15:04:06.933027,316.71306,1.4133838383838369,0
2025-05-06T15:04:06.959836,-38.49489000000022,1.017550505050502,0
2025-05-06T15:04:06.986800,-214.3218899999998,-1.4767676767676756,0
2025-05-06T15:04:07.014296,351.69140999999996,2.748611111111111,0
2025-05-06T15:04:07.041080,-294.00519000000014,-0.7930555555555554,0
2025-05-06T15:04:07.067982,128.54075999999992,0.09141414141413919,0
2025-05-06T15:04:07.094691,112.82856000000021,2.203156565656563,0
2025-05-06T15:04:07.122173,-343.94753999999983,-1.9388888888888918,0
2025-05-06T15:04:07.150590,317.64831,1.2164141414141414,0
2025-05-06T15:04:07.179756,105.15950999999991,2.3982323232323233,0
2025-05-06T15:04:07.208855,-368.8251899999999,-1.2021464646464666,0
2025-05-06T15:04:07.236269,-123.78968999999991,-1.1282828282828272,0
2025-05-06T15:04:07.263466,350.9432099999999,2.795959595959593,0
2025-05-06T15:04:07.290578,-356.4798899999999,-1.4919191919191912,0
2025-05-06T15:04:07.317380,153.60545999999997,0.5648989898989877,0
2025-05-06T15:04:07.344223,96.36816000000002,1.7505050505050483,0
2025-05-06T15:04:07.370935,-306.3504900000002,-1.8650252525252526,0
2025-05-06T15:04:07.399770,368.5259100000001,2.3395202020201995,0
2025-05-06T15:04:07.428886,-12.494940000000119,1.786489898989898,0
2025-05-06T15:04:07.457518,-375.55899000000016,-1.5127525252525253,0
2025-05-06T15:04:07.485843,86.08041000000007,0.17474747474747568,0
2025-05-06T15:04:07.514247,295.20231,2.7902777777777747,0
2025-05-06T15:04:07.542165,-308.78213999999986,-0.5373737373737365,0
2025-05-06T15:04:07.568946,-68.42289000000002,-0.7154040404040417,0
2025-05-06T15:04:07.595676,270.69876,2.5611111111111082,0
2025-05-06T15:04:07.622765,-375.37194000000017,-1.9578282828282818,0
2025-05-06T15:04:07.651307,262.46856000000014,0.7580808080808087,0
2025-05-06T15:04:07.681103,188.95791,2.7372474747474738,0
2025-05-06T15:04:07.710313,-277.91889,0.049747474747475436,0
2025-05-06T15:04:07.737251,-259.21389000000016,-1.7210858585858577,0
2025-05-06T15:04:07.764050,363.84966,2.733459595959595,0
2025-05-06T15:04:07.790779,-334.2209399999999,-1.2570707070707066,0
2025-05-06T15:04:07.817474,142.19540999999998,0.5724747474747455,0
2025-05-06T15:04:07.844334,86.08041000000007,1.6917929292929292,0
2025-05-06T15:04:07.871937,-314.01954,-1.9938131313131318,0
2025-05-06T15:04:07.901389,327.93605999999994,2.0914141414141385,0
2025-05-06T15:04:07.928989,247.50456,2.473989898989897,0
2025-05-06T15:04:07.955865,-376.8683400000002,-1.9767676767676765,0
2025-05-06T15:04:07.982556,315.2166599999999,1.9398989898989905,0
2025-05-06T15:04:08.012923,-157.83278999999987,1.3338383838383838,0
2025-05-06T15:04:08.041260,-311.96198999999996,-0.952146464646466,0
2025-05-06T15:04:08.072081,-463.47248999999994,-1.8385101010101,0
2025-05-06T15:04:08.108415,-435.9761400000002,-1.9881313131313134,0
2025-05-06T15:04:08.138755,-452.0624399999999,-1.9976010101010107,0
2025-05-06T15:04:08.170950,248.06571000000002,1.9664141414141383,0
2025-05-06T15:04:08.196146,296.13756000000006,2.5933080808080793,0
2025-05-06T15:04:08.219821,-336.65259000000003,-2.0146464646464657,0
2025-05-06T15:04:08.243388,283.04406,2.2542929292929283,0
2025-05-06T15:04:08.266834,-104.52354000000007,-0.4464646464646466,0
2025-05-06T15:04:08.290340,-119.4875400000002,-0.285479797979801,0
2025-05-06T15:04:08.313945,271.63401000000005,2.0289141414141407,0
2025-05-06T15:04:08.337527,-376.8683400000002,-1.9294191919191943,0
2025-05-06T15:04:08.361212,338.5979099999999,2.7069444444444426,0
2025-05-06T15:04:08.384591,-251.73188999999988,-1.2949494949494957,0
2025-05-06T15:04:08.407899,21.548159999999843,0.6008838383838375,0
2025-05-06T15:04:08.431229,191.38956000000007,1.5686868686868685,0
2025-05-06T15:04:08.454763,-393.3287399999999,-1.779797979797981,0
2025-05-06T15:04:08.478157,363.84966,2.7372474747474738,0
2025-05-06T15:04:08.502431,-273.9908399999998,-1.6983585858585886,0
2025-05-06T15:04:08.526262,182.7852600000002,1.7845959595959586,0
2025-05-06T15:04:08.549810,-56.07759,0.20315656565656318,0
2025-05-06T15:04:08.573340,-155.21409000000023,-0.4957070707070727,0
2025-05-06T15:04:08.597092,298.0080600000001,2.2315656565656545,0
2025-05-06T15:04:08.620687,-378.3647399999998,-2.0146464646464657,0
2025-05-06T15:04:08.644270,332.6123100000001,2.6236111111111104,0
2025-05-06T15:04:08.668447,-244.81104000000008,-1.3044191919191932,0
2025-05-06T15:04:08.692280,142.75656,1.4569444444444446,0
2025-05-06T15:04:08.716045,62.512110000000064,0.7012626262626247,0
2025-05-06T15:04:08.739839,-229.65998999999994,-0.7305555555555575,0
2025-05-06T15:04:08.767131,233.6628599999999,2.0819444444444413,0
2025-05-06T15:04:08.800151,187.83560999999995,1.629292929292927,0
2025-05-06T15:04:08.842476,-131.8328400000002,-1.4047979797979804,0
2025-05-06T15:04:08.886725,-442.70994,0.93421717171717,0
2025-05-06T15:04:08.915235,232.54055999999986,2.572474747474745,0
2025-05-06T15:04:08.949590,76.72791000000016,0.3963383838383842,0
2025-05-06T15:04:08.973407,-173.91909000000004,-0.8044191919191922,0
2025-05-06T15:04:08.997126,328.31015999999994,2.2353535353535334,0
2025-05-06T15:04:09.020546,-366.20649000000026,-1.974873737373737,0
2025-05-06T15:04:09.043932,313.5332099999998,2.4986111111111104,0
2025-05-06T15:04:09.067313,-153.34359000000015,-0.6529040404040394,0
2025-05-06T15:04:09.090706,-78.33653999999996,0.0023989898989887934,0
2025-05-06T15:04:09.114192,259.28871,1.99671717171717,0
2025-05-06T15:04:09.137790,-373.12734000000006,-1.9616161616161607,0
2025-05-06T15:04:09.161906,339.72020999999995,2.8054292929292903,0
2025-05-06T15:04:09.185540,-306.3504900000002,-1.4729797979798012,0
2025-05-06T15:04:09.208977,143.31771000000003,1.290277777777776,0
2025-05-06T15:04:09.232679,28.84311000000012,0.5478535353535324,0
2025-05-06T15:04:09.256134,-268.56639000000007,-0.9161616161616162,0
2025-05-06T15:04:09.279506,361.9791599999999,2.7845959595959604,0
2025-05-06T15:04:09.302910,-353.8611900000002,-1.78358585858586,0
2025-05-06T15:04:09.326300,215.3319600000001,1.8963383838383827,0
2025-05-06T15:04:09.350540,-38.49489000000022,-0.07714646464646428,0
2025-05-06T15:04:09.374362,-147.54503999999991,0.14255050505050476,0
2025-05-06T15:04:09.398013,221.8787099999999,1.7561868686868667,0
2025-05-06T15:04:09.421368,-352.36479000000014,-1.7570707070707074,0
2025-05-06T15:04:09.444788,355.2453600000001,2.8054292929292903,0
2025-05-06T15:04:09.468449,-252.2930399999999,-1.1642676767676772,0
2025-05-06T15:04:09.492062,93.56240999999991,1.2088383838383836,0
2025-05-06T15:04:09.520414,62.69916000000008,-1.2987373737373749,0
2025-05-06T15:04:09.560462,-452.24949,-1.8934343434343446,0
2025-05-06T15:04:09.590575,-395.94744000000003,-1.4123737373737382,0
2025-05-06T15:04:09.623966,-422.50854000000015,-1.3517676767676798,0
2025-05-06T15:04:09.665885,-333.8468399999999,-1.9256313131313154,0
2025-05-06T15:04:09.691557,-21.286290000000008,0.7334595959595956,0
2025-05-06T15:04:09.715751,216.45426000000015,1.3830808080808055,0
2025-05-06T15:04:09.739512,-239.19953999999984,-0.9710858585858606,0
2025-05-06T15:04:09.762997,359.9216099999998,2.667171717171718,0
2025-05-06T15:04:09.786609,-427.5588899999999,-1.8555555555555552,0
2025-05-06T15:04:09.810466,245.63405999999992,2.225883838383836,0
2025-05-06T15:04:09.833918,-116.30769000000006,-0.36881313131313304,0
2025-05-06T15:04:09.857898,-108.45159000000021,-0.10176767676767733,0
2025-05-06T15:04:09.881290,223.56215999999998,1.8092171717171717,0
2025-05-06T15:04:09.904835,-366.9546899999998,-1.7021464646464675,0
2025-05-06T15:04:09.928299,347.0151600000002,2.8092171717171692,0
2025-05-06T15:04:09.951770,-276.2354399999999,-1.2494949494949485,0
2025-05-06T15:04:09.975103,59.14520999999994,0.9171717171717148,0
2025-05-06T15:04:09.998858,167.82126000000008,1.4531565656565657,0
2025-05-06T15:04:10.022580,-304.85409000000016,-1.2305555555555585,0
2025-05-06T15:04:10.046675,341.96481000000006,2.68042929292929,0
2025-05-06T15:04:10.070226,-377.4294900000002,-1.9180555555555576,0
2025-05-06T15:04:10.093696,269.76350999999994,2.3186868686868656,0
2025-05-06T15:04:10.117109,-103.40124000000002,-0.22297979797979864,0
2025-05-06T15:04:10.140563,-131.6457900000002,-0.22487373737373811,0
2025-05-06T15:04:10.164129,280.98650999999995,2.2277777777777756,0
2025-05-06T15:04:10.187571,-380.23523999999986,-1.9180555555555576,0
2025-05-06T15:04:10.211053,325.69145999999984,2.6330808080808077,0
2025-05-06T15:04:10.234723,-211.70319000000015,-0.7703282828282818,0
2025-05-06T15:04:10.258922,98.79981000000011,1.1387626262626234,0
2025-05-06T15:04:10.282375,120.68466000000005,1.0345959595959573,0
2025-05-06T15:04:10.305821,-339.0842400000001,-1.2760101010101013,0
2025-05-06T15:04:10.329183,293.51885999999996,2.5080808080808077,0
2025-05-06T15:04:10.352654,-394.26399,-1.6907828282828308,0
2025-05-06T15:04:10.376132,178.48311000000004,1.6842171717171714,0
2025-05-06T15:04:10.399578,42.310710000000185,0.6065656565656559,0
2025-05-06T15:04:10.423373,-241.81823999999995,-0.984343434343437,0
2025-05-06T15:04:10.448068,325.13030999999984,2.15770202020202,0
2025-05-06T15:04:10.471950,-345.8180399999999,-1.6832070707070728,0
2025-05-06T15:04:10.495401,362.3532599999999,2.839520202020201,0
2025-05-06T15:04:10.519108,-317.38644000000016,-1.5941919191919178,0
2025-05-06T15:04:10.542569,129.47600999999995,1.4455808080808077,0
2025-05-06T15:04:10.566110,59.89340999999997,0.7751262626262594,0
2025-05-06T15:04:10.589468,-266.32179,-1.0771464646464661,0
2025-05-06T15:04:10.612888,353.18781,2.80732323232323,0
2025-05-06T15:04:10.636279,-355.91873999999984,-1.766540404040405,0
2025-05-06T15:04:10.659959,194.5694100000002,2.0516414141414145,0
2025-05-06T15:04:10.683922,-70.2933900000001,-0.17752525252525148,0
2025-05-06T15:04:10.707444,-124.35083999999993,-0.13775252525252718,0
2025-05-06T15:04:10.730912,278.74190999999985,2.252398989898989,0
2025-05-06T15:04:10.755049,-383.60214,-1.834722222222221,0
2025-05-06T15:04:10.778519,342.90006000000005,2.848989898989898,0
2025-05-06T15:04:10.802004,-272.8685399999998,-1.3006313131313143,0
2025-05-06T15:04:10.825424,70.55525999999993,0.9834595959595961,0
2025-05-06T15:04:10.849123,106.09475999999995,1.0762626262626254,0
2025-05-06T15:04:10.873110,-366.9546899999998,-1.1415404040404036,0
2025-05-06T15:04:10.896680,336.54035999999985,2.68042929292929,0
2025-05-06T15:04:10.920238,-365.0841900000002,-1.8820707070707077,0
2025-05-06T15:04:10.943720,264.9002100000002,2.182323232323233,0
2025-05-06T15:04:10.967220,-100.59548999999991,0.09141414141413919,0
2025-05-06T15:04:10.990691,-174.10614000000004,-0.24949494949495116,0
2025-05-06T15:04:11.014599,244.8858599999999,2.3887626262626256,0
2025-05-06T15:04:11.038129,-349.55904000000004,-1.8176767676767704,0
2025-05-06T15:04:11.061886,362.5403099999999,2.788383838383835,0
2025-05-06T15:04:11.085853,-281.47284000000013,-1.427525252525254,0
2025-05-06T15:04:11.109537,160.15220999999977,1.6633838383838373,0
2025-05-06T15:04:11.133015,22.109309999999862,0.5592171717171692,0
2025-05-06T15:04:11.156544,-240.88298999999992,-0.8877525252525241,0
2025-05-06T15:04:11.180614,308.85696000000013,2.451262626262624,0
2025-05-06T15:04:11.204196,-381.73163999999997,-1.9029040404040418,0
2025-05-06T15:04:11.227695,314.8425599999999,2.5914141414141394,0
2025-05-06T15:04:11.251171,-173.17089,-0.6661616161616156,0
2025-05-06T15:04:11.275073,-59.81859000000014,0.5023989898989898,0
2025-05-06T15:04:11.299838,156.22416000000007,1.235353535353536,0
2025-05-06T15:04:11.323354,-224.60964000000018,-0.7892676767676764,0
2025-05-06T15:04:11.346878,335.9792099999998,2.6633838383838393,0
2025-05-06T15:04:11.370462,-381.1704899999999,-1.9010101010101024,0
2025-05-06T15:04:11.394031,278.55485999999985,2.4001262626262627,0
2025-05-06T15:04:11.417587,-130.71054000000018,-0.4029040404040434,0
2025-05-06T15:04:11.441598,-90.49478999999998,0.07247474747474454,0
2025-05-06T15:04:11.465062,198.4974599999999,1.7202020202020214,0
2025-05-06T15:04:11.489529,-351.42954000000015,-1.6661616161616175,0
2025-05-06T15:04:11.514052,324.0080099999998,2.5933080808080793,0
2025-05-06T15:04:11.538272,-376.12014000000016,-1.8536616161616157,0
2025-05-06T15:04:11.561986,357.86406000000017,2.862247474747474,0
2025-05-06T15:04:11.585671,-297.55913999999984,-1.3650252525252515,0
2025-05-06T15:04:11.609891,149.67740999999984,1.881186868686867,0
2025-05-06T15:04:11.633340,-42.23588999999992,0.43232323232322956,0
2025-05-06T15:04:11.656840,-257.9045400000001,-0.7816919191919186,0
2025-05-06T15:04:11.680321,228.42546000000016,2.585732323232321,0
2025-05-06T15:04:11.704166,-326.55189000000007,-1.791161616161618,0
2025-05-06T15:04:11.728416,320.82816000000014,2.708838383838382,0
2025-05-06T15:04:11.752081,-254.53763999999998,-1.3271464646464668,0
2025-05-06T15:04:11.775564,84.02286,1.0781565656565648,0
2025-05-06T15:04:11.799249,120.87171000000006,1.2997474747474733,0
2025-05-06T15:04:11.822817,-288.20663999999994,-1.2494949494949485,0
2025-05-06T15:04:11.846444,356.74176000000017,2.775126262626263,0
2025-05-06T15:04:11.869952,-360.78204000000005,-1.8214646464646493,0
2025-05-06T15:04:11.893404,295.95051000000007,1.7239898989898959,0
2025-05-06T15:04:11.916929,-111.07028999999987,0.019444444444443983,0
2025-05-06T15:04:11.941008,-161.01264,-0.2987373737373728,0
2025-05-06T15:04:11.964746,253.3031100000002,1.94179292929293,0
2025-05-06T15:04:11.988282,-363.96189000000015,-1.808207070707073,0
2025-05-06T15:04:12.011777,352.06550999999996,2.782702020202021,0
2025-05-06T15:04:12.035282,-258.65274000000016,-1.2116161616161638,0
2025-05-06T15:04:12.059189,51.47616000000009,0.9815656565656566,0
2025-05-06T15:04:12.082718,84.20991000000001,0.9436868686868674,0
2025-05-06T15:04:12.106281,-281.47284000000013,-1.1604797979797983,0
2025-05-06T15:04:12.129760,355.9935600000001,2.7845959595959604,0
2025-05-06T15:04:12.153852,-368.6381399999999,-1.8555555555555552,0
2025-05-06T15:04:12.177461,272.00811000000004,2.451262626262624,0
2025-05-06T15:04:12.201113,-143.61699000000021,-0.5335858585858575,0
2025-05-06T15:04:12.224724,-56.07759,0.3186868686868661,0
2025-05-06T15:04:12.248309,218.6988599999998,1.8186868686868691,0
2025-05-06T15:04:12.271831,-359.09858999999994,-1.7476010101010102,0
2025-05-06T15:04:12.295374,356.92881000000017,2.8281565656565637,0
2025-05-06T15:04:12.319609,-286.8972899999999,-1.49570707070707,0
2025-05-06T15:04:12.344100,168.5694600000001,2.2580808080808072,0
2025-05-06T15:04:12.367771,-149.97669000000002,-0.5998737373737388,0
2025-05-06T15:04:12.391603,-68.98404000000005,0.18611111111110798,0
2025-05-06T15:04:12.415357,180.91476000000011,1.513762626262624,0
2025-05-06T15:04:12.438839,-338.8971900000001,-1.6074494949494942,0
2025-05-06T15:04:12.463021,359.9216099999998,2.852777777777777,0
2025-05-06T15:04:12.486503,-357.97628999999995,-1.7949494949494968,0
2025-05-06T15:04:12.510009,203.5478100000001,1.9152777777777772,0
2025-05-06T15:04:12.533435,-23.34384000000009,0.2978535353535365,0
2025-05-06T15:04:12.557025,-197.67444000000006,-0.6661616161616156,0
2025-05-06T15:04:12.580923,302.12315999999987,2.3849747474747467,0
2025-05-06T15:04:12.604449,-167.9334899999998,0.46073232323232155,0
2025-05-06T15:04:12.628595,-10.624440000000048,0.46073232323232155,0
2025-05-06T15:04:12.652108,-7.070489999999913,0.462626262626261,0
2025-05-06T15:04:12.675625,-0.5237400000001085,0.462626262626261,0
2025-05-06T15:04:12.699120,-7.444589999999928,0.46073232323232155,0
2025-05-06T15:04:12.722622,-9.502140000000006,0.4569444444444426,0
2025-05-06T15:04:12.746676,-8.00573999999995,0.45883838383838205,0
2025-05-06T15:04:12.770542,-10.811490000000056,0.46452020202020045,0
2025-05-06T15:04:12.794693,-11.559690000000083,0.4683080808080794,0
2025-05-06T15:04:12.818394,-10.063290000000027,0.4683080808080794,0
2025-05-06T15:04:12.842725,-16.79708999999984,0.462626262626261,0
2025-05-06T15:04:12.866324,-7.444589999999928,0.46452020202020045,0
2025-05-06T15:04:12.890375,-9.689190000000012,0.46452020202020045,0
2025-05-06T15:04:12.914025,-10.063290000000027,0.46641414141413995,0
2025-05-06T15:04:12.937590,-9.502140000000006,0.462626262626261,0
2025-05-06T15:04:12.961063,-9.31509,0.45883838383838205,0
2025-05-06T15:04:12.985009,-8.00573999999995,0.45883838383838205,0
2025-05-06T15:04:13.008807,-12.120840000000106,0.462626262626261,0
2025-05-06T15:04:13.036878,-59.81859000000014,0.45505050505050315,0
2025-05-06T15:04:13.067192,-2.9553900000002007,0.46641414141413995,0
2025-05-06T15:04:13.097198,-3.703589999999786,0.462626262626261,0
2025-05-06T15:04:13.127031,0.7856099999999412,0.462626262626261,0
2025-05-06T15:04:13.154084,-0.8978400000001227,0.462626262626261,0
2025-05-06T15:04:13.181123,-4.6388399999998216,0.4683080808080794,0
2025-05-06T15:04:13.208884,-12.681990000000127,0.46641414141413995,0
2025-05-06T15:04:13.238061,-7.070489999999913,0.46641414141413995,0
2025-05-06T15:04:13.268223,-7.070489999999913,0.47020202020201884,0
2025-05-06T15:04:13.298381,-5.1999899999998425,0.46641414141413995,0
2025-05-06T15:04:13.328295,-5.38703999999985,0.46641414141413995,0
2025-05-06T15:04:13.356635,-7.444589999999928,0.46452020202020045,0
2025-05-06T15:04:13.384024,-14.739540000000204,0.462626262626261,0
2025-05-06T15:04:13.411136,-11.372640000000077,0.46641414141413995,0
2025-05-06T15:04:13.440233,-5.012939999999836,0.4683080808080794,0
2025-05-06T15:04:13.467831,-10.624440000000048,0.46641414141413995,0
2025-05-06T15:04:13.494857,-5.38703999999985,0.46452020202020045,0
2025-05-06T15:04:13.521930,-3.516540000000222,0.4683080808080794,0
2025-05-06T15:04:13.551097,-6.6963899999999,0.462626262626261,0
2025-05-06T15:04:13.580483,-2.9553900000002007,0.47777777777777675,0
2025-05-06T15:04:13.609949,-6.883439999999907,0.47777777777777675,0
2025-05-06T15:04:13.637947,-20.351039999999973,0.47588383838383724,0
2025-05-06T15:04:13.665496,-10.624440000000048,0.47777777777777675,0
2025-05-06T15:04:13.692636,-3.703589999999786,0.47209595959595835,0
2025-05-06T15:04:13.719659,-5.012939999999836,0.4739898989898978,0
2025-05-06T15:04:13.747060,-5.761139999999864,0.47209595959595835,0
2025-05-06T15:04:13.774154,-14.36544000000019,0.47588383838383724,0
2025-05-06T15:04:13.801259,-4.451789999999814,0.47209595959595835,0
2025-05-06T15:04:13.828342,-4.077689999999801,0.4796717171717162,0
2025-05-06T15:04:13.857834,-6.322289999999885,0.47777777777777675,0
2025-05-06T15:04:13.886199,-16.79708999999984,0.47209595959595835,0
2025-05-06T15:04:13.913905,-13.430190000000154,0.4739898989898978,0
2025-05-06T15:04:13.940965,-3.890639999999793,0.4796717171717162,0
2025-05-06T15:04:13.968186,-9.689190000000012,0.4739898989898978,0
2025-05-06T15:04:13.995314,-3.703589999999786,0.47209595959595835,0
2025-05-06T15:04:14.022343,-8.00573999999995,0.4739898989898978,0
2025-05-06T15:04:14.049377,-2.7683400000001934,0.47777777777777675,0
2025-05-06T15:04:14.077436,-8.56688999999997,0.48156565656565564,0
2025-05-06T15:04:14.105068,-7.070489999999913,0.47020202020201884,0
2025-05-06T15:04:14.133349,-4.264739999999807,0.4739898989898978,0
2025-05-06T15:04:14.163200,-3.703589999999786,0.47588383838383724,0
2025-05-06T15:04:14.192768,-5.1999899999998425,0.48156565656565564,0
2025-05-06T15:04:14.222297,-5.1999899999998425,0.47777777777777675,0
2025-05-06T15:04:14.249975,-4.825889999999829,0.47588383838383724,0
2025-05-06T15:04:14.276968,-7.070489999999913,0.47777777777777675,0
2025-05-06T15:04:14.304779,-10.437390000000041,0.4739898989898978,0
2025-05-06T15:04:14.333164,-15.300690000000225,0.4739898989898978,0
2025-05-06T15:04:14.362654,-3.3294900000002148,0.47588383838383724,0
2025-05-06T15:04:14.392005,-13.430190000000154,0.47209595959595835,0
2025-05-06T15:04:14.421512,-2.0201400000001652,0.48156565656565564,0
2025-05-06T15:04:14.449312,-7.631639999999935,0.4853535353535346,0
2025-05-06T15:04:14.476378,-3.516540000000222,0.4796717171717162,0
2025-05-06T15:04:14.503437,-5.574089999999857,0.48345959595959515,0
2025-05-06T15:04:14.531264,-19.22873999999993,0.4796717171717162,0
2025-05-06T15:04:14.560830,-10.250340000000035,0.48156565656565564,0
2025-05-06T15:04:14.590288,-3.142440000000208,0.4796717171717162,0
2025-05-06T15:04:14.618705,-8.940989999999985,0.47777777777777675,0
2025-05-06T15:04:14.646169,-5.9481899999998715,0.47588383838383724,0
2025-05-06T15:04:14.673216,-5.38703999999985,0.48156565656565564,0
2025-05-06T15:04:14.700708,-12.307890000000112,0.47209595959595835,0
2025-05-06T15:04:14.728294,-7.257539999999921,0.47588383838383724,0
2025-05-06T15:04:14.756094,-19.415789999999937,0.47588383838383724,0
2025-05-06T15:04:14.784903,-4.451789999999814,0.47588383838383724,0
2025-05-06T15:04:14.813160,-9.31509,0.46641414141413995,0
2025-05-06T15:04:14.841180,-8.00573999999995,0.47209595959595835,0
2025-05-06T15:04:14.868983,-9.689190000000012,0.47588383838383724,0
2025-05-06T15:04:14.896784,-1.2719400000001369,0.47588383838383724,0
2025-05-06T15:04:14.924621,-13.056090000000141,0.4796717171717162,0
2025-05-06T15:04:14.951726,-1.8330900000001582,0.47588383838383724,0
2025-05-06T15:04:14.978940,-16.61003999999983,0.47209595959595835,0
2025-05-06T15:04:15.006574,-15.861839999999804,0.47209595959595835,0
2025-05-06T15:04:15.033525,-4.264739999999807,0.47588383838383724,0
2025-05-06T15:04:15.060721,-8.379839999999964,0.4739898989898978,0
2025-05-06T15:04:15.087775,-4.825889999999829,0.47209595959595835,0
2025-05-06T15:04:15.114837,-5.38703999999985,0.4739898989898978,0
2025-05-06T15:04:15.142389,-4.451789999999814,0.47020202020201884,0
2025-05-06T15:04:15.171169,-5.012939999999836,0.47020202020201884,0
2025-05-06T15:04:15.199252,-7.070489999999913,0.46641414141413995,0
2025-05-06T15:04:15.229101,-7.631639999999935,0.47209595959595835,0
2025-05-06T15:04:15.257929,-6.322289999999885,0.47209595959595835,0
2025-05-06T15:04:15.285068,-5.761139999999864,0.47020202020201884,0
2025-05-06T15:04:15.312572,-4.264739999999807,0.47588383838383724,0
2025-05-06T15:04:15.339952,-6.135239999999878,0.4683080808080794,0
2025-05-06T15:04:15.369255,-3.516540000000222,0.46641414141413995,0
2025-05-06T15:04:15.398097,-11.746740000000091,0.47209595959595835,0
2025-05-06T15:04:15.427680,-14.36544000000019,0.47209595959595835,0
2025-05-06T15:04:15.455838,-7.818689999999942,0.4683080808080794,0
2025-05-06T15:04:15.483414,-10.250340000000035,0.46452020202020045,0
2025-05-06T15:04:15.510449,-5.38703999999985,0.4683080808080794,0
2025-05-06T15:04:15.538323,-7.631639999999935,0.47588383838383724,0
2025-05-06T15:04:15.565448,-3.516540000000222,0.47209595959595835,0
2025-05-06T15:04:15.592517,-6.509339999999892,0.47209595959595835,0
2025-05-06T15:04:15.619745,-3.516540000000222,0.462626262626261,0
2025-05-06T15:04:15.647967,-7.257539999999921,0.462626262626261,0
2025-05-06T15:04:15.675526,-3.142440000000208,0.46452020202020045,0
2025-05-06T15:04:15.703201,-6.883439999999907,0.46641414141413995,0
2025-05-06T15:04:15.730649,-3.3294900000002148,0.45505050505050315,0
2025-05-06T15:04:15.757785,-6.883439999999907,0.462626262626261,0
2025-05-06T15:04:15.785144,-4.6388399999998216,0.46073232323232155,0
2025-05-06T15:04:15.813079,-13.243140000000148,0.46073232323232155,0
2025-05-06T15:04:15.840157,-12.307890000000112,0.462626262626261,0
2025-05-06T15:04:15.868575,-10.437390000000041,0.46641414141413995,0
2025-05-06T15:04:15.896483,-11.933790000000098,0.46073232323232155,0
2025-05-06T15:04:15.923729,-4.6388399999998216,0.4569444444444426,0
2025-05-06T15:04:15.950809,-3.516540000000222,0.4569444444444426,0
2025-05-06T15:04:15.977979,-4.6388399999998216,0.46073232323232155,0
2025-05-06T15:04:16.004977,-6.322289999999885,0.45883838383838205,0
2025-05-06T15:04:16.032029,-3.142440000000208,0.4569444444444426,0
2025-05-06T15:04:16.059094,-6.883439999999907,0.46641414141413995,0
2025-05-06T15:04:16.087430,-7.257539999999921,0.4683080808080794,0
2025-05-06T15:04:16.115206,-11.559690000000083,0.4683080808080794,0
2025-05-06T15:04:16.142861,-7.818689999999942,0.462626262626261,0
2025-05-06T15:04:16.170028,-3.516540000000222,0.4683080808080794,0
2025-05-06T15:04:16.197228,-5.9481899999998715,0.4683080808080794,0
2025-05-06T15:04:16.224339,-4.264739999999807,0.46452020202020045,0
2025-05-06T15:04:16.251420,-5.012939999999836,0.462626262626261,0
2025-05-06T15:04:16.280304,-21.473340000000018,0.46641414141413995,0
