1746870817.5291915,2.915625,2.7084375,360.85685999999987,2.017550505050504,0
1746870817.552524,2.2985625,2.2610625,-254.72469,-2.5013888888888904,0
1746870817.575107,2.5235625,2.6368125,-30.264689999999906,1.294065656565655,0
1746870817.5981557,2.822625,2.6203125000000003,268.0800599999999,1.127398989898991,0
1746870817.6205654,2.21925,2.2771875,-333.8468399999999,-2.338510101010101,0
1746870817.6437104,2.7676875,2.74425,213.27441000000002,2.3792929292929283,0
1746870817.6667867,2.5764375,2.334,22.48340999999988,-1.7646464646464652,0
1746870817.690315,2.35725,2.5531875,-196.17804,0.44936868686868475,0
1746870817.7138157,2.887125,2.6353125,332.4252600000001,1.2789141414141392,0
1746870817.7371364,2.21175,2.2676250000000002,-341.3288400000002,-2.4351010101010093,0
1746870817.7603931,2.7864375,2.742,231.97940999999986,2.356565656565655,0
1746870817.783333,2.602125,2.378625,48.10925999999996,-1.3138888888888904,0
1746870817.8064952,2.30475,2.4075,-248.5520400000002,-1.0222222222222217,0
1746870817.8291173,2.9115,2.7260625000000003,356.74176000000017,2.195580808080809,0
1746870817.852195,2.3281875,2.265375,-225.1707900000002,-2.4578282828282827,0
1746870817.874968,2.527125,2.6398125,-26.710740000000214,1.3243686868686864,0
1746870817.898074,2.814375,2.5438125,259.84986000000004,0.3546717171717159,0
1746870817.9209678,2.212125,2.3055,-340.9547400000002,-2.052525252525255,0
1746870817.9441273,2.827875,2.75325,273.3174600000001,2.4702020202020183,0
1746870817.9673367,2.493375,2.3233125,-60.37974000000016,-1.8726010101010104,0
1746870817.990297,2.3773125,2.530125,-176.16369000000012,0.21641414141413945,0
1746870818.0130959,2.90625,2.6746875,351.50435999999996,1.6766414141414137,0
1746870818.0362267,2.2539375,2.26275,-299.2425899999999,-2.4843434343434354,0
1746870818.0594168,2.695125,2.7268125,140.88605999999993,2.203156565656563,0
1746870818.082635,2.66025,2.413125,106.09475999999995,-0.9654040404040423,0
1746870818.105801,2.2719375,2.427375,-281.28579000000013,-0.8214646464646473,0
1746870818.128902,2.9113125,2.7241875,356.5547100000001,2.1766414141414145,0
1746870818.1520464,2.3175,2.263875,-235.83264000000017,-2.4729797979797987,0
1746870818.175175,2.5816875,2.673375,27.720810000000075,1.6633838383838373,0
1746870818.1982918,2.7718125000000002,2.5078125,217.38951000000017,-0.008964646464648,0
1746870818.2213712,2.2183125,2.3413125,-334.7820899999999,-1.6907828282828308,0
1746870818.2445707,2.8771875000000002,2.7508125,322.5116100000002,2.445580808080805,0
1746870818.267707,2.425875,2.2899375,-127.71774000000006,-2.2097222222222217,0
1746870818.2908158,2.4538125,2.5906875,-99.84728999999989,0.8281565656565644,0
1746870818.3139226,2.8603125,2.5708125,305.67710999999997,0.62739898989899,0
1746870818.3374045,2.2104375,2.30475,-342.63819000000024,-2.060101010101013,0
1746870818.3605127,2.826375,2.7530625,271.82106000000005,2.468308080808079,0
1746870818.3874922,2.1982500000000003,2.3098125,-354.7964399999998,-2.0089646464646473,0
1746870818.410829,2.8498125,2.7485625000000002,295.20231,2.422853535353536,0
1746870818.4348166,2.3600625,2.2633125,-193.37228999999988,-2.478661616161617,0
1746870882.2062206,2.9176875,2.6656875,362.9144099999999,1.5857323232323237,1
1746870882.229415,2.2485,2.2711875,-304.6670400000001,-2.399116161616164,1
1746870882.2532187,2.716125,2.6941875,161.83565999999985,1.8736111111111091,1
1746870882.2750018,2.8065,2.617125,251.99376000000015,1.09520202020202,1
1746870882.2965517,2.2486875,2.260125,-304.4799900000001,-2.5108585858585877,1
1746870882.3182793,2.5005,2.6416875,-53.27183999999989,1.343308080808081,1
1746870882.3413768,2.82075,2.551125,266.20955999999984,0.4285353535353506,1
1746870882.3645072,2.2119375,2.311125,-341.1417900000002,-1.9957070707070712,1
1746870882.3875961,2.8374375,2.7568125,282.85701,2.5061868686868682,1
1746870882.410701,2.499,2.311125,-54.76823999999995,-1.9957070707070712,1
1746870882.433734,2.3900625,2.555625,-163.44429000000008,0.4739898989898978,1
1746870882.4572647,2.87025,2.6120625,315.59075999999993,1.0440656565656545,1
1746870882.4804225,2.21775,2.2816875,-335.34324,-2.2930555555555583,1
1746870882.5036561,2.78775,2.7519375,233.28875999999988,2.456944444444442,1
1746870882.5265908,2.598375,2.36775,44.36825999999982,-1.423737373737375,1
1746870882.549793,2.309625,2.4675000000000002,-243.68874000000002,-0.4161616161616152,1
1746870882.5733747,2.8985625,2.624625,343.8353100000001,1.1709595959595942,1
1746870882.5974388,2.2231875,2.3083125,-329.9187900000002,-2.0241161616161634,1
1746870882.6209383,2.8415625,2.7579375,286.97211000000016,2.517550505050505,1
1746870882.6442199,2.4568125,2.52,-96.85449000000021,0.11414141414141278,1
1746870882.667374,2.401875,2.5089375,-151.66014000000007,0.0023989898989887934,1
1746870882.6904588,2.8914375,2.5085625,336.72740999999985,-0.0013888888888901377,1
1746870882.7135706,2.2245,2.50875,-328.6094400000001,0.0005050505050493279,1
1746870882.7366967,2.7541875,2.7635625,199.80680999999996,2.5743686868686844,1
1746870882.7598352,2.6060625,2.3791875,52.03731000000011,-1.308207070707072,1
1746870882.782721,2.283375,2.439,-269.8757400000001,-0.704040404040405,1
1746870882.8058438,2.91375,2.7245625,358.98635999999976,2.1804292929292934,1
1746870882.8289738,2.30625,2.2580625,-247.05564000000015,-2.531691919191922,1
1746870882.8520875,2.595,2.6810625,41.00136000000014,1.7410353535353509,1
1746870882.8751736,2.769,2.5051875,214.58376000000007,-0.03547979797980052,1
1746870882.8982446,2.218875,2.3381250000000002,-334.2209399999999,-1.7229797979797972,1
1746870882.9213824,2.8693125,2.7560625,314.6555099999999,2.4986111111111104,1
1746870882.9445202,2.4283125,2.2895625,-125.28608999999997,-2.2135101010101006,1
1746870882.9675963,2.439,2.583375,-114.62424,0.7542929292929297,1
1746870882.9907296,2.8674375,2.6098125,312.78500999999983,1.021338383838381,1
1746870883.0138738,2.21625,2.281125,-336.83964000000003,-2.2987373737373766,1
1746870883.037006,2.786625,2.752125,232.16645999999986,2.4588383838383816,1
1746870883.0598593,2.6004375,2.3191875,46.4258099999999,-1.9142676767676787,1
1746870883.0837848,2.3835,2.508375,-169.99103999999988,-0.0032828282828296033,1
1746870883.1068923,2.9004375000000002,2.5081875,345.70581000000016,-0.005176767676769069,1
1746870883.130072,2.2314375,2.289375,-321.68858999999986,-2.21540404040404,1
1746870883.153213,2.72325,2.7586875,168.9435600000001,2.5251262626262627,1
1746870883.1762655,2.6521875,2.4024375,98.05161000000008,-1.0733585858585872,1
1746870883.1993613,2.271,2.4200625000000002,-282.22104000000013,-0.895328282828282,1
1746870883.2224317,2.911125,2.697,356.3676600000001,1.902020202020201,1
1746870883.246134,2.2676250000000002,2.2573125,-285.58793999999983,-2.53926767676768,1
1746870883.2692173,2.64975,2.7091875,95.61995999999999,2.025126262626262,1
1746870883.292276,2.724,2.4590625,169.69176000000013,-0.5013888888888911,1
1746870883.3154168,2.2363125,2.3926875,-316.82529000000017,-1.171843434343435,1
1746870883.3392565,2.91075,2.727375,355.9935600000001,2.208838383838381,1
1746870883.3623102,2.2944375,2.260875,-258.83979000000016,-2.50328282828283,1
1746870883.3853598,2.5693125,2.67075,15.375510000000052,1.6368686868686848,1
1746870883.4084709,2.7886875,2.50875,234.22400999999994,0.0005050505050493279,1
1746870883.431718,2.231625,2.3394375,-321.50153999999986,-1.7097222222222253,1
1746870883.4549396,2.8839375,2.7350625,329.24541,2.286489898989899,1
1746870883.4780536,2.41425,2.276625,-139.31484000000006,-2.3441919191919194,1
1746870883.5011146,2.4609375,2.602125,-92.73939000000006,0.9436868686868674,1
1746870883.5242066,2.8610625,2.658,306.42531,1.5080808080808057,1
1746870883.5472934,2.1973125000000002,2.5078125,-355.73168999999984,-0.008964646464648,1
1746870883.5703897,2.7898125,2.5081875,235.34631,-0.005176767676769069,1
1746870883.6053202,2.90475,2.7515625,350.0079599999999,2.4531565656565633,1
1746870883.6287043,2.339625,2.265,-213.76074000000023,-2.4616161616161616,1
1746870883.6520755,2.570625,2.6754375,16.6848600000001,1.6842171717171714,1
1746870883.6756246,2.7367500000000002,2.4699375,182.4111600000002,-0.3915404040404066,1
1746870883.698823,2.2310625,2.3671875,-322.0626899999999,-1.4294191919191934,1
1746870883.721587,2.8798125,2.7579375,325.13030999999984,2.517550505050505,1
1746870883.7440398,2.496375,2.31375,-57.38694000000005,-1.9691919191919187,1
1746870883.767259,2.3960625,2.5501875000000003,-157.45868999999985,0.41906565656565775,1
1746870883.790386,2.8899375000000003,2.6394375,335.2310100000002,1.3205808080808075,1
1746870883.8143778,2.2089375,2.3236875,-344.13458999999983,-1.8688131313131315,1
1746870883.8383954,2.88825,2.7525,333.54756000000015,2.4626262626262605,1
1746870883.8622334,2.30925,2.2687500000000003,-244.06284000000005,-2.4237373737373726,1
1746870883.8850968,2.5363125,2.508,-17.545289999999866,-0.007070707070708534,1
1746870883.9082162,2.8164375,2.6655,261.9074100000001,1.5838383838383843,1
1746870883.9314618,2.189625,2.3497500000000002,-363.40074000000016,-1.6055555555555547,1
1746870883.9547913,2.8700625,2.7684375,315.40370999999993,2.6236111111111104,1
1746870883.9779177,2.4403125,2.283375,-113.31488999999995,-2.2760101010101033,1
1746870884.0011446,2.4504375,2.5888125,-103.21419000000002,0.8092171717171698,1
1746870884.0243247,2.860125,2.5948125,305.49005999999997,0.8698232323232327,1
1746870884.0476284,2.2051875,2.5078125,-347.87559,-0.008964646464648,1
1746870884.0710218,2.8393125,2.507625,284.72751000000005,-0.010858585858587465,1
1746870884.0943751,2.4675000000000002,2.476125,-86.19263999999981,-0.32904040404040424,1
1746870884.1173875,2.3960625,2.5723125000000002,-157.45868999999985,0.6425505050505057,1
1746870884.1408393,2.865,2.6206875,310.3533600000002,1.1311868686868654,1
1746870884.163938,2.216625,2.27625,-336.46554,-2.3479797979797983,1
1746870884.1870487,2.780625,2.7530625,226.18086000000008,2.468308080808079,1
1746870884.2101157,2.58075,2.3416875,26.78556000000004,-1.6869949494949517,1
1746870884.2337372,2.3761875,2.5561875,-177.28599000000017,0.4796717171717162,1
1746870884.2575026,2.8603125,2.638125,305.67710999999997,1.3073232323232313,1
1746870884.2812896,2.1871875,2.3446875,-365.8323900000002,-1.6566919191919203,1
1746870884.3050642,2.8861875,2.7605625000000003,331.4900100000001,2.5440656565656576,1
1746870884.3290772,2.2933125,2.25525,-259.9620900000002,-2.5601010101010093,1
1746870884.3524609,2.6214375,2.6975625,67.3754099999998,1.9077020202020194,1
1746870884.3755624,2.7491250000000003,2.485125,194.7564600000002,-0.23813131313131436,1
1746870884.3984475,2.2194375,2.3195625,-333.6597899999999,-1.9104797979797996,1
1746870884.4216082,2.872125,2.5085625,317.46126,-0.0013888888888901377,1
1746870884.4455163,2.3266875000000002,2.5078125,-226.66718999999983,-0.008964646464648,1
1746870884.4686115,2.5625625,2.6844375,8.641709999999795,1.7751262626262614,1
1746870884.49169,2.7965625,2.536875,242.0801099999998,0.2845959595959602,1
1746870884.514766,2.21325,2.3184375,-339.83244000000013,-1.9218434343434365,1
1746870884.5379074,2.85675,2.7609375000000003,302.12315999999987,2.5478535353535365,1
1746870884.560981,2.4733125,2.3030625000000002,-80.39409000000003,-2.077146464646464,1
1746870884.5841286,2.411625,2.562,-141.93354000000016,0.5383838383838352,1
1746870884.6072404,2.88375,2.6325,329.05836,1.2505050505050472,1
1746870884.6303718,2.21475,2.2861875,-338.3360400000001,-2.247601010101011,1
1746870884.653986,2.80575,2.7525,251.24556000000013,2.4626262626262605,1
1746870884.6781564,2.4095625,2.2815,-143.99109000000024,-2.2949494949494977,1
1746870884.7012112,2.4624375,2.5978125,-91.24299,0.9001262626262596,1
1746870884.7249315,2.7830625,2.523,228.61251000000016,0.14444444444444424,1
1746870884.7488778,2.22975,2.4691875,-323.37203999999997,-0.3991161616161645,1
1746870884.7732503,2.9559375,2.5074375,401.07261000000005,-0.01275252525252693,1
1746870884.7978916,2.195625,2.507625,-357.4151399999999,-0.010858585858587465,1
1746870884.8213346,2.8614375,2.508,306.79941,-0.007070707070708534,1
1746870884.844323,2.489625,2.4230625,-64.12073999999986,-0.8650252525252551,1
1746870884.8650057,2.2033125,2.2726875,-349.74609000000004,-2.3839646464646482,1
1746870884.885095,2.4575625,2.482125,-96.10629000000019,-0.2684343434343458,1
1746870884.905229,2.8741875,2.73825,319.5188100000001,2.3186868686868656,1
1746870884.9250429,2.8423125000000002,2.712375,287.7203100000002,2.057323232323233,1
1746870884.9448001,2.470875,2.436375,-82.82574000000012,-0.7305555555555575,1
1746870884.964555,2.18175,2.2563750000000002,-371.25684,-2.5487373737373726,1
1746870884.9851704,2.4804375,2.478,-73.2861900000002,-0.3101010101010096,1
1746870885.0052145,2.8661250000000003,2.736,311.4756600000002,2.2959595959595966,1
1746870885.025485,2.7984375,2.6790000000000003,243.95060999999987,1.7202020202020214,1
1746870885.0452352,2.418,2.39625,-135.5738399999999,-1.1358585858585852,1
1746870885.0650012,2.2269375,2.257125,-326.1777900000001,-2.5411616161616193,1
1746870885.084925,2.441625,2.4256875,-112.00553999999991,-0.8385101010101026,1
1746870885.1046515,2.793375,2.69925,238.90026000000012,1.9247474747474747,1
1746870885.1243746,2.8816875,2.7410625,327.0008099999999,2.3470959595959577,1
1746870885.1439981,2.577375,2.52075,23.418659999999914,0.12171717171717064,1
1746870885.1637006,2.2430625,2.274375,-310.0914899999999,-2.366919191919193,1
1746870885.183655,2.3850000000000002,2.5078125,-168.49463999999983,-0.008964646464648,1
1746870885.2035873,2.68575,2.5081875,131.53356000000002,-0.005176767676769069,1
1746870885.2233481,2.914875,2.5074375,360.1086599999998,-0.01275252525252693,1
1746870885.2431216,2.6945625,2.508,140.3249099999999,-0.007070707070708534,1
1746870885.2632973,2.2696875,2.2798125000000002,-283.5303900000002,-2.3119949494949483,1
1746870885.283016,2.2516875,2.283,-301.48719,-2.279797979797982,1
1746870885.3027334,2.590875,2.54775,36.88625999999998,0.3944444444444447,1
1746870885.3224537,2.8910625,2.7553125,336.3533099999998,2.491035353535352,1
1746870885.3423667,2.7785625,2.6683125,224.12331,1.6122474747474718,1
1746870885.3621416,2.391,2.3780625,-162.50904000000006,-1.3195707070707088,1
1746870885.3818738,2.203125,2.5078125,-349.9331400000001,-0.008964646464648,1
1746870885.4014914,2.4256875,2.507625,-127.90479000000006,-0.010858585858587465,1
1746870885.4211893,2.80425,2.5085625,249.74916000000007,-0.0013888888888901377,1
1746870885.4409409,2.892,2.7376875000000003,337.28855999999985,2.3130050505050517,1
1746870885.4606543,2.58075,2.5348125,26.78556000000004,0.2637626262626261,1
1746870885.4803512,2.2486875,2.282625,-304.4799900000001,-2.283585858585861,1
1746870885.5000813,2.27775,2.33025,-275.48723999999993,-1.8025252525252546,1
1746870885.5202,2.6904375000000003,2.6128125,136.2098100000002,1.0516414141414123,1
1746870885.539931,2.9101875,2.7603750000000002,355.4324100000001,2.542171717171718,1
1746870885.55963,2.7121875,2.5959375000000002,157.90761000000015,0.8811868686868695,1
1746870885.5796258,2.31225,2.5078125,-241.07003999999992,-0.008964646464648,1
1746870885.5993986,2.2269375,2.5081875,-326.1777900000001,-0.005176767676769069,1
1746870885.6191084,2.5460625,2.508,-7.818689999999942,-0.007070707070708534,1
1746870885.6387837,2.8777500000000003,2.782125,323.0727600000002,2.761868686868687,1
1746870885.6585016,2.8291875,2.7255000000000003,274.62681000000015,2.1898989898989907,1
1746870885.6782038,2.462625,2.434125,-91.05593999999999,-0.7532828282828311,1
1746870885.6979287,2.2051875,2.2546875,-347.87559,-2.565782828282828,1
1746870885.71762,2.35725,2.363625,-196.17804,-1.4654040404040432,1
1746870885.7373157,2.7365625000000002,2.6786250000000003,182.22411000000017,1.7164141414141423,1
1746870885.7574317,2.893875,2.750625,339.1590599999999,2.4436868686868656,1
1746870885.7826853,2.20575,2.5078125,-347.31444,-0.008964646464648,1
1746870885.8025913,2.5674375,2.507625,13.50500999999998,-0.010858585858587465,1
1746870885.822318,2.8905,2.660625,335.7921599999998,1.5345959595959582,1
1746870885.8421116,2.8051875,2.6979375,250.68441000000013,1.9114898989898983,1
1746870885.8621523,2.3893125,2.3780625,-164.1924900000001,-1.3195707070707088,1
1746870885.882145,2.2108125,2.2681875000000002,-342.26409000000024,-2.429419191919191,1
1746870885.9024248,2.5468125,2.5006875,-7.070489999999913,-0.0809343434343432,1
1746870885.922166,2.8760625,2.738625,321.38931000000014,2.3224747474747445,1
1746870885.9419131,2.8250625,2.722875,270.51171,2.1633838383838384,1
1746870885.9616365,2.4562500000000003,2.5074375,-97.4156399999998,-0.01275252525252693,1
1746870885.981348,2.1928125,2.5078125,-360.22089,-0.008964646464648,1
1746870886.0014067,2.40525,2.50725,-148.29323999999994,-0.014646464646466397,1
1746870886.0215483,2.8254375,2.74575,270.88581,2.3944444444444444,1
1746870886.041514,2.8576875,2.7564375,303.05840999999987,2.5023989898989893,1
1746870886.0612319,2.5100625,2.460375,-43.73228999999998,-0.48813131313131486,1
1746870886.081041,2.215125,2.2567500000000003,-337.9619400000001,-2.5449494949494937,1
1746870886.1007829,2.343,2.3503125000000002,-210.3938400000001,-1.5998737373737364,1
1746870886.1205177,2.7174375,2.64975,163.1450099999999,1.4247474747474735,1
1746870886.1405065,2.8921875,2.5078125,337.47560999999985,-0.008964646464648,1
1746870886.1604965,2.592,2.507625,38.008560000000024,-0.010858585858587465,1
1746870886.1802242,2.2419375,2.3953125,-311.2137899999999,-1.1453282828282825,1
1746870886.1999977,2.265375,2.2944375,-287.83253999999994,-2.164267676767679,1
1746870886.2197425,2.6300625,2.5876875,75.97971000000014,0.797853535353533,1
1746870886.2395656,2.9049375,2.7585,350.1950099999999,2.5232323232323233,1
1746870886.2592578,2.7609375000000003,2.6559375,206.5406100000002,1.4872474747474715,1
1746870886.2789726,2.378625,2.36925,-174.85434000000006,-1.4085858585858593,1
1746870886.2987387,2.2093125000000002,2.2468125,-343.76048999999983,-2.6453282828282854,1
1746870886.318741,2.4845625,2.4954375,-69.17109000000005,-0.13396464646464826,1
1746870886.3387291,2.8696875,2.7421875,315.0296099999999,2.3584595959595944,1
1746870886.3584406,2.8370625,2.718,282.48291,2.1141414141414123,1
1746870886.378125,2.4825,2.4465,-71.22864000000013,-0.6282828282828309,1
1746870886.39784,2.2134375,2.2591875,-339.64539000000013,-2.5203282828282854,1
1746870886.417566,2.351625,2.3611875,-201.78954000000022,-1.4900252525252518,1
1746870886.437331,2.7399375,2.647125,185.59100999999987,1.398232323232321,1
1746870886.4570613,2.9060625,2.7571875,351.31730999999996,2.509974747474747,1
1746870886.4767709,2.6581875,2.581125,104.03720999999987,0.7315656565656562,1
1746870886.4965062,2.289,2.3083125,-264.2642399999999,-2.0241161616161634,1
1746870886.5162022,2.235,2.277,-318.1346400000002,-2.3404040404040405,1
1746870886.5359232,2.5625625,2.512875,8.641709999999795,0.042171717171717575,1
1746870886.555614,2.8801875,2.74125,325.50440999999984,2.348989898989897,1
1746870886.5755332,2.79975,2.6825625,245.25995999999992,1.7561868686868667,1
1746870886.5952735,2.423625,2.4028125,-129.96234000000015,-1.0695707070707083,1
1746870886.6148763,2.206125,2.2565625000000002,-346.94033999999994,-2.546843434343433,1
1746870886.6346252,2.39625,2.3908125,-157.27163999999985,-1.1907828282828297,1
1746870886.6543355,2.77575,2.6641875,221.31755999999987,1.570580808080808,1
1746870886.6740468,2.9101875,2.7219375,355.4324100000001,2.153914141414141,1
1746870886.6937535,2.6049375,2.54025,50.91501000000007,0.3186868686868661,1
1746870886.7134554,2.2689375,2.2824375,-284.27859000000024,-2.2854797979798005,1
1746870886.7336125,2.2940625,2.3105625,-259.21389000000016,-2.0013888888888896,1
1746870886.7533147,2.6563125,2.581875,102.1667099999998,0.739141414141414,1
1746870886.7730343,2.906625,2.75625,351.87845999999996,2.50050505050505,1
1746870886.7927608,2.7436875,2.6420625,189.33201,1.34709595959596,1
1746870886.812492,2.3611875,2.355,-192.24998999999985,-1.5525252525252542,1
1746870886.832257,2.214,2.2606875,-339.0842400000001,-2.5051767676767693,1
1746870886.852422,2.539875,2.4950625,-13.991340000000177,-0.13775252525252718,1
1746870886.8721292,2.8704375,2.73525,315.77780999999993,2.2883838383838384,1
1746870886.8918467,2.832375,2.7045,277.8066599999998,1.9777777777777752,1
1746870886.911621,2.4650625,2.4313125,-88.6242899999999,-0.7816919191919186,1
1746870886.9313672,2.2091250000000002,2.25825,-343.94753999999983,-2.5297979797979826,1
1746870886.9510896,2.3709375,2.371875,-182.52338999999992,-1.3820707070707068,1
1746870886.9712167,2.7969375,2.687625,242.4542099999998,1.8073232323232322,1
1746870886.990954,2.8893750000000002,2.74575,334.6698600000002,2.3944444444444444,1
1746870887.010689,2.5876875,2.522625,33.70640999999986,0.14065656565656529,1
1746870887.0304694,2.24625,2.2794375000000002,-306.9116400000002,-2.315782828282827,1
1746870887.0501986,2.2824375,2.3075625,-270.8109900000002,-2.031691919191921,1
1746870887.0699136,2.6443125,2.5755,90.19550999999979,0.6747474747474722,1
1746870887.0900385,2.908875,2.7575625,354.12306000000007,2.513762626262626,1
1746870887.109757,2.7075,2.6154375,153.23135999999997,1.0781565656565648,1
1746870887.1294577,2.32875,2.3334375,-224.60964000000018,-1.7703282828282838,1
1746870887.1491992,2.2211250000000002,2.2651875,-331.9763399999998,-2.459722222222222,1
1746870887.1688993,2.5115625,2.4751875,-42.23588999999992,-0.33851010101010154,1
1746870887.1886284,2.8805625,2.7268125,325.87850999999984,2.203156565656563,1
1746870887.2087154,2.8209375,2.6945625,266.39660999999984,1.877398989898988,1
1746870887.2284963,2.41725,2.4144375,-136.32203999999993,-0.952146464646466,1
1746870887.24822,2.205,2.2567500000000003,-348.06264,-2.5449494949494937,1
1746870887.2679465,2.3923125,2.3859375000000003,-161.19969,-1.2400252525252513,1
1746870887.2876515,2.794875,2.6671875000000003,240.39666000000017,1.6008838383838395,1
1746870887.3073912,2.892375,2.744625,337.66265999999985,2.3830808080808072,1
1746870887.327225,2.5993125,2.5351875,45.303509999999854,0.267550505050505,1
1746870887.3470035,2.2560000000000002,2.284875,-297.18503999999984,-2.2608585858585872,1
1746870887.3667002,2.269875,2.2993125,-283.3433400000002,-2.115025252525253,1
1746870887.3864334,2.6248125,2.558625,70.74230999999993,0.5042929292929292,1
1746870887.4061391,2.9004375000000002,2.7530625,345.70581000000016,2.468308080808079,1
1746870887.4258735,2.7691875,2.659875,214.77081000000007,1.5270202020202004,1
1746870887.4456434,2.3818125,2.3799375,-171.67448999999996,-1.3006313131313143,1
1746870887.4652898,2.2074375,2.2576875,-345.6309899999999,-2.535479797979801,1
1746870887.485043,2.441625,2.4230625,-112.00553999999991,-0.8650252525252551,1
1746870887.5047305,2.81175,2.696625,257.23115999999993,1.8982323232323222,1
1746870887.5244646,2.8831875,2.7425625,328.49720999999994,2.3622474747474733,1
1746870887.544154,2.5723125000000002,2.5164375,18.368310000000164,0.07815656565656293,1
1746870887.5638373,2.2423125,2.2800000000000002,-310.8396899999999,-2.310101010101009,1
1746870887.5835412,2.2820625,2.3064375,-271.1850900000002,-2.043055555555558,1
1746870887.6032364,2.6405625,2.5745625,86.45451000000008,0.6652777777777749,1
1746870887.6229625,2.9034375,2.7555,348.69860999999986,2.492929292929292,1
1746870887.6427174,2.7511875,2.6510625,196.81400999999985,1.43800505050505,1
1746870887.662424,2.3611875,2.47725,-192.24998999999985,-0.31767676767676745,1
1746870887.6821458,2.1898125,2.275875,-363.2136900000001,-2.351767676767677,1
1746870887.7022922,2.523375,2.4798750000000003,-30.451739999999916,-0.2911616161616149,1
1746870887.7219927,2.8659375000000002,2.731125,311.2886100000002,2.24671717171717,1
1746870887.7417228,2.8505625,2.7185625,295.95051000000007,2.1198232323232307,1
1746870887.7669814,2.2985625,2.3265000000000002,-254.72469,-1.8404040404040394,1
1746870887.786912,2.6851875,2.6060625,130.97241,0.9834595959595961,1
1746870887.8066566,2.909625,2.7575625,354.87126000000006,2.513762626262626,1
1746870887.8264427,2.704875,2.6109375,150.61265999999986,1.0327020202020176,1
1746870887.8465838,2.283375,2.5078125,-269.8757400000001,-0.008964646464648,1
1746870887.8667018,2.2715625,2.5078125,-281.65989000000013,-0.008964646464648,1
1746870887.8871431,2.71575,2.50725,161.46155999999982,-0.014646464646466397,1
1746870887.9069118,2.9064375,2.7961875000000003,351.69140999999996,2.9039141414141425,1
1746870887.926695,2.6739375,2.599125,119.74941000000003,0.9133838383838359,1
1746870887.9464679,2.296875,2.3026875,-256.40814000000006,-2.080934343434343,1
1746870887.9671803,2.3064375,2.3244375,-246.86859000000015,-1.8612373737373735,1
1746870887.987037,2.705625,2.6465625,151.3608599999999,1.3925505050505027,1
1746870888.0074892,2.89425,2.7470625,339.53315999999995,2.4077020202020205,1
1746870888.027417,2.581875,2.51925,27.907860000000085,0.10656565656565492,1
1746870888.0471797,2.2456875,2.2786875,-307.4727900000002,-2.3233585858585855,1
1746870888.066915,2.2835625,2.30625,-269.6886900000001,-2.0449494949494973,1
1746870888.0865908,2.6428125000000002,2.5732500000000003,88.69911000000018,0.652020202020203,1
1746870888.10629,2.90325,2.7556875,348.51155999999986,2.4948232323232316,1
1746870888.126316,2.7223125,2.625375,168.00831000000008,1.178535353535352,1
1746870888.1460335,2.34225,2.3439375,-211.14204000000012,-1.664267676767678,1
1746870888.1657398,2.217,2.26125,-336.09144,-2.499494949494951,1
1746870888.1854296,2.488125,2.4504375,-65.61713999999992,-0.588510101010102,1
1746870888.205051,2.8385625,2.7121875,283.97931000000005,2.0554292929292934,1
1746870888.2247212,2.8696875,2.730375,315.0296099999999,2.2391414141414123,1
1746870888.2444856,2.5288125,2.4793125000000003,-25.02729000000015,-0.2968434343434333,1
1746870888.2642515,2.2280625,2.2663125,-325.05549,-2.4483585858585855,1
1746870888.283987,2.3176875,2.3341875,-235.64559000000017,-1.7627525252525258,1
1746870888.3037138,2.6915625,2.60925,137.3321099999998,1.0156565656565626,1
1746870888.3233814,2.909625,2.7583125,354.87126000000006,2.521338383838384,1
1746870888.3432298,2.695125,2.605125,140.88605999999993,0.9739898989898987,1
1746870888.3629358,2.319,2.3266875000000002,-234.33624000000012,-1.8385101010101,1
1746870888.3826566,2.225625,2.2676250000000002,-327.4871400000001,-2.4351010101010093,1
1746870888.402357,2.5235625,2.483625,-30.264689999999906,-0.2532828282828301,1
1746870888.4220471,2.8625625,2.6364375,307.9217100000001,1.290277777777776,1
1746870888.442238,2.779125,2.50725,224.68446,-0.014646464646466397,1
1746870888.46191,2.4253125,2.5070625,-128.27889000000008,-0.016540404040405864,1
1746870888.4816215,2.1995625,2.4916875,-353.4870900000002,-0.17184343434343755,1
1746870888.501299,2.3840625,2.376,-169.42988999999986,-1.340404040404043,1
1746870888.5209963,2.766,2.69625,211.59095999999997,1.8944444444444433,1
1746870888.5406702,2.9045625,2.7515625,349.8209099999999,2.4531565656565633,1
1746870888.5607274,2.5876875,2.522625,33.70640999999986,0.14065656565656529,1
1746870888.580482,2.2486875,2.2798125000000002,-304.4799900000001,-2.3119949494949483,1
1746870888.6001685,2.2771875,2.3028750000000002,-276.0483899999999,-2.0790404040404034,1
1746870888.619862,2.6323125,2.5666875,78.22430999999978,0.5857323232323218,1
1746870888.6395662,2.9006250000000002,2.7568125,345.89286000000016,2.5061868686868682,1
1746870888.6594002,2.7525,2.649375,198.1233599999999,1.4209595959595946,1
1746870888.6789963,2.38425,2.3737500000000002,-169.24283999999986,-1.363131313131312,1
1746870888.698677,2.2074375,2.255625,-345.6309899999999,-2.5563131313131304,1
1746870888.718334,2.4328125000000003,2.415,-120.79688999999979,-0.9464646464646476,1
1746870888.7379937,2.80275,2.6904375000000003,248.25276000000002,1.8357323232323242,1
1746870888.7577202,2.8876875,2.7451875,332.98641000000015,2.3887626262626256,1
1746870888.7774262,2.5845000000000002,2.5243125,30.52656000000018,0.15770202020202048,1
1746870888.7975593,2.224875,2.2676250000000002,-328.2353400000001,-2.4351010101010093,1
1746870888.817231,2.310375,2.327625,-242.94054,-1.8290404040404071,1
1746870888.836938,2.682375,2.602875,128.1666599999999,0.9512626262626251,1
1746870888.8566346,2.9079375,2.7568125,353.18781,2.5061868686868682,1
1746870888.8763266,2.7247500000000002,2.627625,170.43996000000018,1.2012626262626256,1
1746870888.8960426,2.3439375,2.346,-209.45859000000004,-1.6434343434343441,1
1746870888.9161775,2.23425,2.2738125,-318.8828400000002,-2.3726010101010115,1
1746870888.9358997,2.547,2.5023750000000002,-6.883439999999907,-0.06388888888888802,1
1746870888.9555974,2.8741875,2.7365625000000002,319.5188100000001,2.301641414141415,1
1746870888.9755576,2.7995625,2.6848125,245.0729099999999,1.7789141414141403,1
1746870888.995314,2.4283125,2.4054375,-125.28608999999997,-1.0430555555555558,1
1746870889.0150273,2.2066875,2.2561875000000002,-346.37918999999994,-2.550631313131312,1
1746870889.0346901,2.39625,2.391375,-157.27163999999985,-1.1851010101010113,1
1746870889.054424,2.776875,2.6705625,222.43985999999992,1.6349747474747454,1
1746870889.0741186,2.8985625,2.7515625,343.8353100000001,2.4531565656565633,1
1746870889.0937989,2.6259375,2.5558125,71.86460999999998,0.47588383838383724,1
1746870889.113485,2.2715625,2.297625,-281.65989000000013,-2.1320707070707083,1
1746870889.1331952,2.2520625,2.2865625,-301.11309,-2.243813131313132,1
1746870889.153261,2.63775,2.5708125,83.64875999999998,0.62739898989899,1
1746870889.1729634,2.9025,2.754,347.7633599999998,2.477777777777776,1
1746870889.1926324,2.767125,2.661,212.71326,1.538383838383837,1
1746870889.2123075,2.3915625,2.5606875000000002,-161.94789000000003,0.5251262626262634,1
1746870889.2319956,2.2029375,2.5066875,-350.1201900000001,-0.020328282828284795,1
1746870889.2516828,2.430375,2.50725,-123.22853999999988,-0.014646464646466397,1
1746870889.2718043,2.8445625,2.7376875000000003,289.9649099999998,2.3130050505050517,1
1746870889.2915182,2.864625,2.7523125,309.9792600000001,2.460732323232321,1
1746870889.311221,2.527875,2.4879375,-25.962540000000185,-0.2097222222222224,1
1746870889.331024,2.2209375000000002,2.26125,-332.1633899999998,-2.499494949494951,1
1746870889.3507507,2.3255625,2.33475,-227.78948999999986,-1.7570707070707074,1
1746870889.3704383,2.6985,2.6150625,144.25296000000006,1.074368686868686,1
1746870889.39014,2.9075625,2.7586875,352.81371,2.5251262626262627,1
1746870889.4098315,2.7076875,2.6165625,153.41840999999997,1.0895202020202017,1
1746870889.4295483,2.328,2.3355,-225.3578400000002,-1.7494949494949497,1
1746870889.4492407,2.2201875,2.50725,-332.9115899999999,-0.014646464646466397,1
1746870889.468921,2.5023750000000002,2.5070625,-51.40133999999982,-0.016540404040405864,1
1746870889.488602,2.8541250000000002,2.506875,299.50446000000017,-0.01843434343434533,1
1746870889.508305,2.8588125,2.508,304.1807099999999,-0.007070707070708534,1
1746870889.5284116,2.45925,2.3475,-94.42284000000012,-1.6282828282828283,1
1746870889.5480907,2.2108125,2.259375,-342.26409000000024,-2.518434343434346,1
1746870889.567785,2.3634375,2.3780625,-190.0053900000002,-1.3195707070707088,1
1746870889.5874968,2.743125,2.6491875,188.77085999999997,1.4190656565656552,1
1746870889.6071644,2.905875,2.7628125,351.1302599999999,2.5667929292929266,1
1746870889.6268275,2.6668125000000003,2.5961250000000002,112.6415100000002,0.8830808080808089,1
1746870889.6464417,2.307375,2.322375,-245.9333400000001,-1.8820707070707077,1
1746870889.6661255,2.2280625,2.2685625000000003,-325.05549,-2.425631313131312,1
1746870889.6857908,2.5273125,2.4853125,-26.523690000000208,-0.2362373737373749,1
1746870889.7054543,2.863125,2.7298125,308.4828600000001,2.233459595959594,1
1746870889.7251234,2.8475625,2.719125,292.95770999999996,2.125505050505049,1
1746870889.7509735,2.353875,2.3656875,-199.5449400000001,-1.444570707070709,1
1746870889.770864,2.7470625,2.650875,192.69891000000013,1.4361111111111104,1
1746870889.7905684,2.90625,2.75625,351.50435999999996,2.50050505050505,1
1746870889.8102775,2.6559375,2.5775625,101.79260999999978,0.6955808080808062,1
1746870889.8303394,2.2550625,2.2560000000000002,-298.1202899999999,-2.5525252525252515,1
1746870889.8534408,2.7247500000000002,2.7470625,170.43996000000018,2.4077020202020205,1
1746870889.877663,2.47575,2.26425,-77.96243999999994,-2.46919191919192,1
1746870889.9024363,2.6015625,2.7500625,47.548109999999944,2.4380050505050472,1
1746870889.9276164,2.4894375,2.3064375,-64.30778999999987,-2.043055555555558,1
1746870889.950455,2.3120625,2.4091875000000003,-241.25708999999992,-1.0051767676767664,1
1746870889.972606,2.891625,2.750625,336.91445999999985,2.4436868686868656,1
1746870889.995072,2.4346875,2.2875,-118.92639000000017,-2.234343434343435,1
1746870890.0181806,2.42925,2.5496250000000003,-124.35083999999993,0.41338383838383935,1
1746870890.0405757,2.88675,2.508,332.0511600000001,-0.007070707070708534,1
1746870890.06067,2.6064375,2.5081875,52.411410000000124,-0.005176767676769069,1
1746870890.0805306,2.2479375,2.5078125,-305.22819000000015,-0.008964646464648,1
1746870890.1006494,2.3115,2.3428125,-241.81823999999995,-1.675631313131315,1
1746870890.1220105,2.8305000000000002,2.7585,275.9361600000002,2.5232323232323233,1
1746870890.1426983,2.758125,2.6169375,203.7348600000001,1.0933080808080806,1
1746870890.1629019,2.3345625,2.3304375,-218.81108999999998,-1.8006313131313152,1
1746870890.182735,2.2276875,2.270625,-325.42959,-2.404797979797982,1
1746870890.2024505,2.522625,2.484,-31.19993999999994,-0.24949494949495116,1
1746870890.2221797,2.8621875,2.726625,307.5476100000001,2.2012626262626234,1
1746870890.241907,2.841,2.70675,286.41096000000016,2.0005050505050486,1
1746870890.261691,2.476875,2.4442500000000003,-76.8401399999999,-0.6510101010100999,1
1746870890.2814183,2.2126875,2.2635,-340.39359000000013,-2.4767676767676776,1
1746870890.3011577,2.3613750000000002,2.367,-192.06293999999983,-1.4313131313131329,1
1746870890.3208857,2.7373125000000003,2.6679375,182.9723100000002,1.6084595959595929,1
1746870890.340926,2.8918125,2.7440625,337.10150999999985,2.377398989898989,1
1746870890.3607678,2.5970625000000003,2.5351875,43.05891000000022,0.267550505050505,1
1746870890.380498,2.253,2.289,-300.17783999999995,-2.219191919191919,1
1746870890.4002137,2.271,2.3026875,-282.22104000000013,-2.080934343434343,1
1746870890.4199467,2.6285625,2.563125,74.48331000000007,0.5497474747474719,1
1746870890.439692,2.9026875,2.7495000000000003,347.9504099999998,2.4323232323232333,1
1746870890.4594085,2.764125,2.6199375000000003,209.7204599999999,1.123611111111112,1
1746870890.4795592,2.3355,2.344125,-217.87583999999993,-1.6623737373737386,1
1746870890.4992604,2.217,2.2676250000000002,-336.09144,-2.4351010101010093,1
1746870890.5190306,2.4898125,2.5190625,-63.93368999999986,0.10467171717171544,1
1746870890.5391665,2.8875,2.740125,332.79936000000015,2.33762626262626,1
1746870890.558974,2.8115625,2.683125,257.04410999999993,1.761868686868685,1
1746870890.5787516,2.43075,2.3685,-122.85443999999987,-1.416161616161617,1
1746870890.598976,2.211375,2.2635,-341.7029400000002,-2.4767676767676776,1
1746870890.61868,2.4609375,2.441625,-92.73939000000006,-0.6775252525252524,1
1746870890.6388705,2.8665000000000003,2.7279375,311.84976000000023,2.2145202020201995,1
1746870890.658653,2.8385625,2.706375,283.97931000000005,1.99671717171717,1
1746870890.678373,2.4785625000000002,2.4444375000000003,-75.15668999999984,-0.6491161616161605,1
1746870890.6981206,2.21175,2.2644375,-341.3288400000002,-2.4672979797979804,1
1746870890.7177713,2.3733750000000002,2.3615625000000002,-180.09173999999982,-1.4862373737373729,1
1746870890.7374856,2.7331875,2.63775,178.85721000000004,1.3035353535353524,1
1746870890.757185,2.886,2.75325,331.30296000000004,2.4702020202020183,1
1746870890.7768996,2.6694375,2.5869375,115.26020999999986,0.7902777777777751,1
1746870890.7966497,2.2965,2.3158125,-256.78224000000006,-1.948358585858589,1
1746870890.8163989,2.2381875,2.2803750000000003,-314.95479000000006,-2.30631313131313,1
1746870890.8360403,2.55225,2.508,-1.646040000000151,-0.007070707070708534,1
1746870890.8558037,2.87925,2.736,324.56915999999984,2.2959595959595966,1
1746870890.8755352,2.8209375,2.694375,266.39660999999984,1.8755050505050486,1
1746870890.8952744,2.4485625,2.4234375,-105.08469000000008,-0.8612373737373761,1
1746870890.9150066,2.2078125,2.2618125,-345.2568899999999,-2.4938131313131326,1
1746870890.9347215,2.3806875,2.3825625,-172.79679,-1.2741161616161616,1
1746870890.954408,2.7613125,2.658,206.9147099999998,1.5080808080808057,1
1746870890.9741287,2.9025,2.7491250000000003,347.7633599999998,2.4285353535353544,1
1746870890.9938521,2.636625,2.5614375000000003,82.52645999999994,0.5327020202020212,1
1746870891.0135818,2.2741875,2.3032500000000002,-279.04119000000003,-2.0752525252525245,1
1746870891.0333104,2.2505625,2.2895625,-302.60949000000005,-2.2135101010101006,1
1746870891.0530407,2.590875,2.533875,36.88625999999998,0.25429292929292874,1
1746870891.0732071,2.9053125,2.75025,350.5691099999999,2.4398989898989867,1
1746870891.0929058,2.7534375,2.6450625,199.05860999999993,1.377398989898987,1
1746870891.1126065,2.3735625000000002,2.369625,-179.90468999999982,-1.4047979797979804,1
1746870891.1323047,2.2096875000000002,2.262375,-343.38638999999984,-2.4881313131313143,1
1746870891.1521924,2.48025,2.454,-73.47324000000022,-0.5525252525252522,1
1746870891.171953,2.8389375,2.711625,284.35341000000005,2.0497474747474747,1
1746870891.191596,2.867625,2.7268125,312.97205999999983,2.203156565656563,1
1746870891.2112973,2.535375,2.489625,-18.480539999999902,-0.1926767676767672,1
1746870891.2310085,2.222625,2.27325,-330.4799400000002,-2.37828282828283,1
1746870891.2507617,2.3079375,2.3334375,-245.3721900000001,-1.7703282828282838,1
1746870891.2704756,2.682375,2.6038125,128.1666599999999,0.9607323232323225,1
1746870891.2901797,2.90475,2.752875,350.0079599999999,2.4664141414141394,1
1746870891.310336,2.665125,2.579625,110.95806000000013,0.7164141414141404,1
1746870891.330233,2.2786875,2.3053125,-274.5519899999999,-2.0544191919191945,1
1746870891.3499937,2.2516875,2.2899375,-301.48719,-2.2097222222222217,1
1746870891.3697228,2.5888125,2.5318125,34.8287099999999,0.23345959595959462,1
1746870891.389437,2.8901250000000003,2.7421875,335.41806000000025,2.3584595959595944,1
1746870891.4091728,2.7975,2.676375,243.01535999999982,1.6936868686868687,1
1746870891.4289086,2.4286875,2.4091875000000003,-124.91198999999995,-1.0051767676767664,1
1746870891.448575,2.205,2.26125,-348.06264,-2.499494949494951,1
1746870891.468326,2.407875,2.40225,-145.67453999999987,-1.0752525252525267,1
1746870891.4880466,2.786625,2.67525,232.16645999999986,1.682323232323232,1
1746870891.5077636,2.895,2.744625,340.28135999999995,2.3830808080808072,1
1746870891.527462,2.6077500000000002,2.542125,53.720760000000176,0.3376262626262608,1
1746870891.5471523,2.2591875,2.2786875,-294.00519000000014,-2.3233585858585855,1
1746870891.56728,2.296875,2.32425,-256.40814000000006,-1.863131313131313,1
1746870891.5870433,2.670375,2.5929375,116.19545999999988,0.850883838383838,1
1746870891.6067574,2.9079375,2.7525,353.18781,2.4626262626262605,1
1746870891.6264625,2.7324375,2.62875,178.10901,1.2126262626262625,1
1746870891.6462147,2.3473125,2.3514375,-206.09168999999994,-1.588510101010104,1
1746870891.6659403,2.213625,2.2644375,-339.45834000000013,-2.4672979797979804,1
1746870891.6855843,2.4791250000000002,2.4515625,-74.59553999999981,-0.5771464646464652,1
1746870891.7052944,2.8395,2.7095625,284.9145600000001,2.0289141414141407,1
1746870891.725035,2.8651875,2.7245625,310.5404100000002,2.1804292929292934,1
1746870891.744754,2.5267500000000003,2.4819375,-27.084839999999787,-0.2703282828282853,1
1746870891.7700543,2.63775,2.5779375,83.64875999999998,0.6993686868686853,1
1746870891.7899518,2.9071875,2.75175,352.43960999999996,2.4550505050505027,1
1746870891.8097043,2.7444375,2.6390625,190.08021000000002,1.3167929292929286,1
1746870891.8294253,2.362875,2.358375,-190.56654000000023,-1.5184343434343437,1
1746870891.849414,2.22,2.269875,-333.0986399999999,-2.41237373737374,1
1746870891.8691936,2.5130625,2.478,-40.73948999999986,-0.3101010101010096,1
1746870891.8889277,2.8618125,2.7245625,307.17351,2.1804292929292934,1
1746870891.9091263,2.79975,2.6634375,245.25995999999992,1.5630050505050501,1
1746870891.9292011,2.3881875,2.383875,-165.31479000000016,-1.2608585858585855,1
1746870891.9488876,2.2091250000000002,2.2618125,-343.94753999999983,-2.4938131313131326,1
1746870891.9686446,2.4305625,2.4455625,-123.04148999999988,-0.6377525252525281,1
1746870891.9887135,2.8430625000000003,2.7258750000000003,288.4685100000002,2.1936868686868696,1
1746870892.0091324,2.805,2.6724375,250.4973600000001,1.65391414141414,1
1746870892.028921,2.426625,2.507625,-126.96954000000002,-0.010858585858587465,1
1746870892.0487518,2.194125,2.508,-358.91153999999995,-0.007070707070708534,1
1746870892.068763,2.4549375,2.508,-98.72498999999985,-0.007070707070708534,1
1746870892.088578,2.838,2.5078125,283.41816,-0.008964646464648,1
1746870892.1087642,2.81025,2.507625,255.73475999999985,-0.010858585858587465,1
1746870892.1311283,2.18775,2.507625,-365.2712400000002,-0.010858585858587465,1
1746870892.1561697,2.8828125,2.507625,328.12310999999994,-0.010858585858587465,1
1746870892.1765192,2.6968125,2.507625,142.56951,-0.010858585858587465,1
1746870892.1973095,2.2291875,2.508,-323.93318999999997,-0.007070707070708534,1
1746870892.217616,2.31375,2.5081875,-239.57363999999987,-0.005176767676769069,1
1746870892.2380242,2.778,2.5081875,223.56215999999998,-0.005176767676769069,1
1746870892.2583904,2.8541250000000002,2.5074375,299.50446000000017,-0.01275252525252693,1
1746870892.278796,2.4208125000000003,2.507625,-132.7680899999998,-0.010858585858587465,1
1746870892.299204,2.195625,2.5074375,-357.4151399999999,-0.01275252525252693,1
1746870892.3197103,2.5820625,2.5078125,28.09491000000009,-0.008964646464648,1
1746870892.3409119,2.8873125,2.5078125,332.6123100000001,-0.008964646464648,1
1746870892.3614974,2.486625,2.50725,-67.11353999999997,-0.014646464646466397,1
1746870892.3820028,2.1909375,2.508,-362.0913900000001,-0.007070707070708534,1
1746870892.4021444,2.4791250000000002,2.507625,-74.59553999999981,-0.010858585858587465,1
1746870892.4219382,2.8455,2.507625,290.90015999999986,-0.010858585858587465,1
1746870892.4417222,2.8768125,2.5078125,322.1375100000002,-0.008964646464648,1
1746870892.4614305,2.5348125,2.5070625,-19.041689999999925,-0.016540404040405864,1
1746870892.4812117,2.223,2.507625,-330.1058400000002,-0.010858585858587465,1
1746870892.5008976,2.31375,2.5078125,-239.57363999999987,-0.008964646464648,1
1746870892.5206206,2.6930625,2.5376250000000002,138.82850999999985,0.2921717171717181,1
1746870892.5403242,2.906625,2.748,351.87845999999996,2.4171717171717177,1
1746870892.5600061,2.7174375,2.6135625,163.1450099999999,1.0592171717171703,1
1746870892.5797477,2.3326875,2.3244375,-220.68159000000003,-1.8612373737373735,1
1746870892.5998945,2.238,2.2505625,-315.14184000000006,-2.607449494949496,1
1746870892.6195705,2.5545,2.494125,0.5985599999999341,-0.1472222222222245,1
1746870892.6392756,2.8786875,2.740125,324.0080099999998,2.33762626262626,1
1746870892.6589806,2.82525,2.7031875,270.69876,1.9645202020201988,1
1746870892.6786711,2.46225,2.4346875,-91.43004,-0.7476010101010127,1
1746870892.6983602,2.2108125,2.257125,-342.26409000000024,-2.5411616161616193,1
1746870892.7184813,2.41275,2.4024375,-140.8112400000001,-1.0733585858585872,1
1746870892.7381606,2.787,2.6784375000000002,232.54055999999986,1.7145202020202028,1
1746870892.7578764,2.89425,2.7481875000000002,339.53315999999995,2.419065656565657,1
1746870892.777579,2.6056875,2.54175,51.6632100000001,0.3338383838383818,1
1746870892.7972603,2.2700625,2.2933125,-283.1562900000002,-2.175631313131316,1
1746870892.8169384,2.2618125,2.2940625,-291.38649000000004,-2.168055555555558,1
1746870892.836532,2.57925,2.535,25.289159999999985,0.26565656565656554,1
1746870892.8562334,2.8876875,2.7444375,332.98641000000015,2.381186868686868,1
1746870892.875928,2.802,2.6825625,247.50456,1.7561868686868667,1
1746870892.895618,2.4286875,2.4054375,-124.91198999999995,-1.0430555555555558,1
1746870892.9154053,2.2059375,2.259375,-347.12738999999993,-2.518434343434346,1
1746870892.9351346,2.410875,2.4054375,-142.6817400000002,-1.0430555555555558,1
1746870892.9548163,2.78625,2.6750625,231.79235999999983,1.6804292929292926,1
1746870892.974509,2.8965,2.7478125,341.77776,2.4152777777777783,1
1746870892.994196,2.6145,2.5479375,60.45455999999999,0.3963383838383842,1
1746870893.0138986,2.26275,2.29575,-290.45124000000004,-2.151010101010103,1
1746870893.0336251,2.2605,2.2963125,-292.6958400000001,-2.1453282828282845,1
1746870893.0533323,2.607,2.5460625,52.97256000000015,0.3773989898989895,1
1746870893.0734785,2.9086875,2.7541875,353.93601000000007,2.4796717171717155,1
1746870893.0931902,2.740125,2.639625,185.77805999999987,1.322474747474747,1
1746870893.1128743,2.3608125,2.361,-192.62408999999985,-1.4919191919191912,1
1746870893.1325731,2.211,2.26275,-342.07704000000024,-2.4843434343434354,1
1746870893.1522658,2.4658125,2.4418125,-87.87608999999988,-0.675631313131313,1
1746870893.17195,2.8299375,2.7035625,275.37501000000015,1.968308080808078,1
1746870893.1920123,2.8524375,2.71725,297.8210100000001,2.1065656565656545,1
1746870893.2117095,2.5048125,2.4678750000000003,-48.96969000000017,-0.4123737373737362,1
1746870893.2314005,2.2179375,2.2681875000000002,-335.1561899999999,-2.429419191919191,1
1746870893.2511268,2.3311875,2.34675,-222.1779900000001,-1.6358585858585861,1
1746870893.2708366,2.7091875,2.6218125,154.91481000000002,1.1425505050505023,1
1746870893.2905312,2.9086875,2.7553125,353.93601000000007,2.491035353535352,1
1746870893.310706,2.637375,2.562375,83.27465999999997,0.5421717171717141,1
1746870893.3307292,2.2501875,2.289,-302.98359000000005,-2.219191919191919,1
1746870893.3504658,2.2719375,2.3038125000000003,-281.28579000000013,-2.0695707070707057,1
1746870893.370164,2.625375,2.5610625000000002,71.30345999999996,0.5289141414141423,1
1746870893.3898892,2.9025,2.75025,347.7633599999998,2.4398989898989867,1
1746870893.4095955,2.7721875000000002,2.66025,217.7636100000002,1.5308080808080793,1
1746870893.429764,2.36325,2.5299375,-190.1924400000002,0.21452020202019997,1
1746870893.4495206,2.202375,2.508,-350.6813400000001,-0.007070707070708534,1
1746870893.469217,2.497875,2.508,-55.890539999999994,-0.007070707070708534,1
1746870893.4888995,2.8528125,2.507625,298.19511000000017,-0.010858585858587465,1
1746870893.508634,2.86125,2.508,306.61236,-0.007070707070708534,1
1746870893.5283267,2.545875,2.508,-8.00573999999995,-0.007070707070708534,1
1746870893.5484385,2.2074375,2.50725,-345.6309899999999,-0.014646464646466397,1
1746870893.5681517,2.3325,2.507625,-220.86864000000006,-0.010858585858587465,1
1746870893.587846,2.7495000000000003,2.507625,195.13056000000023,-0.010858585858587465,1
1746870893.60755,2.9126250000000002,2.50725,357.86406000000017,-0.014646464646466397,1
1746870893.6272445,2.6596875,2.508,105.53360999999992,-0.007070707070708534,1
1746870893.6470003,2.2820625,2.5074375,-271.1850900000002,-0.01275252525252693,1
1746870893.6668522,2.24625,2.50725,-306.9116400000002,-0.014646464646466397,1
1746870893.6864707,2.5755,2.508,21.548159999999843,-0.007070707070708534,1
1746870893.7061503,2.888625,2.571375,333.92166000000014,0.6330808080808085,1
1746870893.7258496,2.8025625,2.68275,248.06571000000002,1.7580808080808061,1
1746870893.7455492,2.4466875,2.4316875000000002,-106.95519000000016,-0.7779040404040396,1
1746870893.7707567,2.703375,2.6188125,149.1162599999998,1.1122474747474753,1
1746870893.7906873,2.9098125,2.743125,355.05831000000006,2.3679292929292917,1
1746870893.8104582,2.6743125,2.5875,120.12351000000004,0.7959595959595935,1
1746870893.8301542,2.2966875,2.508375,-256.59519000000006,-0.0032828282828296033,1
1746870893.8503177,2.2411875,2.50875,-311.96198999999996,0.0005050505050493279,1
1746870893.871229,2.7605625000000003,2.5081875,206.1665100000002,-0.005176767676769069,1
1746870893.8911116,2.905125,2.5775625,350.3820599999999,0.6955808080808062,1
1746870893.9108498,2.5993125,2.366625,45.303509999999854,-1.4351010101010118,1
1746870893.9306319,2.2625625,2.307375,-290.63829000000004,-2.0335858585858606,1
1746870893.9503691,2.2618125,2.2858125,-291.38649000000004,-2.25138888888889,1
1746870893.9706054,2.6724375,2.44725,118.25300999999996,-0.620707070707073,1
1746870893.9907157,2.8981875,2.50875,343.4612100000001,0.0005050505050493279,1
1746870894.0108964,2.6120625,2.5081875,58.0229099999999,-0.005176767676769069,1
1746870894.0307646,2.2479375,2.5085625,-305.22819000000015,-0.0013888888888901377,1
1746870894.0505552,2.26425,2.2756875,-288.95484,-2.3536616161616166,1
1746870894.0703166,2.6401875,2.5695,86.08041000000007,0.6141414141414138,1
1746870894.090022,2.9049375,2.7523125,350.1950099999999,2.460732323232321,1
1746870894.1098661,2.7440625,2.6334375,189.70611000000002,1.2599747474747447,1
1746870894.129763,2.34825,2.355375,-205.1564399999999,-1.5487373737373753,1
1746870894.1494963,2.1826875,2.508375,-370.32158999999996,-0.0032828282828296033,1
1746870894.1692183,2.487375,2.5078125,-66.36533999999995,-0.008964646464648,1
1746870894.1888723,2.8460625,2.508,291.4613099999999,-0.007070707070708534,1
1746870894.2086008,2.8685625,2.7615,313.9073099999998,2.5535353535353504,1
1746870894.2283182,2.522625,2.48325,-31.19993999999994,-0.257070707070709,1
1746870894.2480912,2.2207500000000002,2.2689375,-332.3504399999998,-2.4218434343434376,1
1746870894.2678528,2.3295,2.342625,-223.86144000000016,-1.6775252525252544,1
1746870894.2875745,2.7050625,2.6193750000000002,150.79970999999986,1.1179292929292937,1
1746870894.3072746,2.9443125,2.5074375,389.47551000000004,-0.01275252525252693,1
1746870894.3300903,2.2764375,2.5078125,-276.7965899999999,-0.008964646464648,1
1746870894.350714,2.2912500000000002,2.5081875,-262.0196399999998,-0.005176767676769069,1
1746870894.3705099,2.663625,2.6038125,109.46166000000008,0.9607323232323225,1
1746870894.390235,2.907,2.7733125,352.25255999999996,2.672853535353532,1
1746870894.409953,2.7410625,2.6540625,186.7133099999999,1.4683080808080813,1
1746870894.4296653,2.360625,2.3533125,-192.81113999999988,-1.5695707070707094,1
1746870894.449456,2.214375,2.2595625,-338.7101400000001,-2.5165404040404065,1
1746870894.4691875,2.5224375,2.508,-31.38698999999995,-0.007070707070708534,1
1746870894.4888942,2.8389375,2.5078125,284.35341000000005,-0.008964646464648,1
1746870894.5086186,2.8670625,2.516625,312.4109099999998,0.0800505050505024,1
1746870894.5283353,2.5265625000000003,2.4285,-27.271889999999793,-0.8101010101010105,1
1746870894.5485075,2.211,2.238375,-342.07704000000024,-2.730555555555557,1
1746870894.568231,2.3679375,2.3709375,-185.51619000000002,-1.391540404040404,1
1746870894.5879588,2.7680625,2.6521875,213.64851000000004,1.4493686868686868,1
1746870894.6076708,2.9323125,2.5074375,377.50431000000003,-0.01275252525252693,1
1746870894.6273963,2.6083125000000003,2.5074375,54.281910000000195,-0.01275252525252693,1
1746870894.6471553,2.2738125,2.50725,-279.41529,-0.014646464646466397,1
1746870894.6667788,2.24175,2.2745625,-311.40083999999996,-2.3650252525252533,1
1746870894.6864939,2.5674375,2.5385625,13.50500999999998,0.3016414141414109,1
1746870894.7061949,2.883,2.7369375000000002,328.31015999999994,2.305429292929294,1
1746870894.725893,2.8186875000000002,2.697,264.1520100000002,1.902020202020201,1
1746870894.7455819,2.4511875,2.575125,-102.46598999999999,0.6709595959595932,1
1746870894.7653642,2.2018125,2.50725,-351.2424900000001,-0.014646464646466397,1
1746870894.785515,2.4391875,2.5078125,-114.43719,-0.008964646464648,1
1746870894.8052404,2.8134375,2.71875,258.91461,2.12171717171717,1
1746870894.8249402,2.884875,2.7635625,330.18066000000005,2.5743686868686844,1
1746870894.8446875,2.5681875,2.513625,14.253210000000008,0.049747474747475436,1
1746870894.8644176,2.23875,2.2725,-314.39364000000006,-2.3858585858585877,1
1746870894.8841228,2.2876875,2.311875,-265.57358999999997,-1.9881313131313134,1
1746870894.9042726,2.7084375,2.454,154.16661,-0.5525252525252522,1
1746870894.9239964,2.933625,2.5078125,378.8136600000001,-0.008964646464648,1
1746870894.9436948,2.689125,2.5914375,134.90046000000015,0.8357323232323223,1
1746870894.9634118,2.318625,2.33025,-234.71034000000012,-1.8025252525252546,1
1746870894.9831119,2.224125,2.2640625,-328.9835400000002,-2.4710858585858593,1
1746870895.0028408,2.523375,2.4834375,-30.451739999999916,-0.25517676767676956,1
1746870895.022963,2.8665000000000003,2.7549375,311.84976000000023,2.4872474747474733,1
1746870895.0460718,2.32125,2.50725,-232.09164000000004,-0.014646464646466397,1
1746870895.069904,2.6510625,2.8509375,96.92931000000004,3.456944444444444,1
1746870895.093417,2.6529375,2.3835,98.79981000000011,-1.2646464646464644,1
1746870895.1170416,2.3036250000000003,2.5033125000000003,-249.6743399999998,-0.05441919191919069,1
1746870895.140983,2.84625,2.7105,291.6483599999999,2.038383838383838,1
1746870895.1623445,2.4035625,2.3709375,-149.97669000000002,-1.391540404040404,1
1746870895.182782,2.1695625,2.508,-383.41509,-0.007070707070708534,1
1746870895.2035923,2.62875,2.7444375,74.67036000000009,2.381186868686868,1
1746870895.223947,2.9116875,2.756625,356.92881000000017,2.504292929292929,1
1746870895.2437236,2.698125,2.5993125,143.87886000000006,0.9152777777777753,1
1746870895.2634947,2.296875,2.2929375,-256.40814000000006,-2.179419191919195,1
1746870895.2843242,2.290125,2.362875,-263.14193999999986,-1.4729797979798012,1
1746870895.30464,2.7729375000000003,2.4763125,218.51181000000022,-0.32714646464646474,1
1746870895.3245842,2.8903125,2.5070625,335.6051099999998,-0.016540404040405864,1
1746870895.3443863,2.6124375,2.5831875,58.39700999999991,0.7523989898989902,1
1746870895.364148,2.2575,2.3045625,-295.68864000000025,-2.0619949494949523,1
1746870895.3839166,2.271375,2.2651875,-281.84694000000013,-2.459722222222222,1
1746870895.403628,2.6248125,2.559375,70.74230999999993,0.5118686868686871,1
1746870895.4233968,2.9025,2.7530625,347.7633599999998,2.468308080808079,1
1746870895.44315,2.763,2.6535,208.59815999999984,1.462626262626263,1
1746870895.4628592,2.3945625,2.486625,-158.95508999999993,-0.22297979797979864,1
1746870895.4827359,2.1742500000000002,2.2796250000000002,-378.7388399999998,-2.3138888888888878,1
1746870895.5026224,2.499,2.46375,-54.76823999999995,-0.45404040404040447,1
1746870895.5223625,2.85825,2.722875,303.6195599999999,2.1633838383838384,1
1746870895.5421247,2.862,2.720625,307.36056,2.1406565656565646,1
1746870895.5618672,2.5074375,2.463,-46.350990000000074,-0.46161616161616237,1
1746870895.5815432,2.2211250000000002,2.2674375,-331.9763399999998,-2.4369949494949488,1
1746870895.601254,2.329125,2.3420625,-224.23554000000019,-1.6832070707070728,1
1746870895.6209426,2.7035625,2.61825,149.3033099999998,1.106565656565657,1
1746870895.6406934,2.909625,2.75475,354.87126000000006,2.485353535353534,1
1746870895.660457,2.6953125,2.601,141.07310999999996,0.9323232323232306,1
1746870895.68017,2.31,2.328375,-243.31464,-1.8214646464646493,1
1746870895.7003093,2.245875,2.2884375,-307.2857400000002,-2.2248737373737377,1
1746870895.7200131,2.5861875,2.529,32.210009999999805,0.20505050505050265,1
1746870895.7397065,2.90775,2.632875,353.00076,1.2542929292929261,1
1746870895.7593977,2.753625,2.7076875,199.24565999999993,2.0099747474747462,1
1746870895.7846894,2.3514375,2.3814375,-201.97659000000021,-1.2854797979797985,1
1746870895.8045838,2.7463125,2.64,191.9507100000001,1.3262626262626258,1
1746870895.8243186,2.9105625,2.7525,355.8065100000001,2.4626262626262605,1
1746870895.8441567,2.6439375000000003,2.5635,89.82141000000021,0.5535353535353509,1
1746870895.8641171,2.254875,2.5070625,-298.3073399999999,-0.016540404040405864,1
1746870895.8843381,2.3036250000000003,2.5081875,-249.6743399999998,-0.005176767676769069,1
1746870895.90437,2.717625,2.6604375,163.3320599999999,1.5327020202020187,1
1746870895.9240851,2.907375,2.774625,352.62666,2.6861111111111082,1
1746870895.943824,2.6865,2.6146875,132.28176000000005,1.070580808080807,1
1746870895.9634638,2.3176875,2.329875,-235.64559000000017,-1.8063131313131335,1
1746870895.9831574,2.21325,2.2779375,-339.83244000000013,-2.3309343434343432,1
1746870896.0033445,2.580375,2.568375,26.411460000000027,0.602777777777777,1
1746870896.023603,2.92575,2.5078125,370.9575599999998,-0.008964646464648,1
1746870896.0437138,2.6923125,2.5081875,138.08030999999983,-0.005176767676769069,1
1746870896.0634768,2.3143125,2.5081875,-239.01248999999984,-0.005176767676769069,1
1746870896.0832045,2.2231875,2.2659375,-329.9187900000002,-2.4521464646464644,1
1746870896.1029522,2.53425,2.5040625,-19.602839999999947,-0.04684343434343731,1
1746870896.1226814,2.865,2.744625,310.3533600000002,2.3830808080808072,1
1746870896.1429362,2.7796875,2.6615625,225.24561000000003,1.5440656565656554,1
1746870896.1628768,2.3818125,2.37225,-171.67448999999996,-1.3782828282828279,1
1746870896.1825967,2.2089375,2.2605,-344.13458999999983,-2.507070707070709,1
1746870896.202334,2.4928125,2.508,-60.94089000000018,-0.007070707070708534,1
1746870896.221973,2.8115625,2.5078125,257.04410999999993,-0.008964646464648,1
1746870896.2418125,2.8779375000000003,2.506875,323.2598100000002,-0.01843434343434533,1
1746870896.2616024,2.539125,2.5201875,-14.739540000000204,0.11603535353535224,1
1746870896.2813418,2.228625,2.2816875,-324.49433999999997,-2.2930555555555583,1
1746870896.3011076,2.3148750000000002,2.3338125,-238.45133999999982,-1.766540404040405,1
1746870896.3208385,2.6863125,2.6345625,132.09471000000005,1.2713383838383814,1
1746870896.3408885,2.9075625,2.7564375,352.81371,2.5023989898989893,1
1746870896.3606334,2.6775,2.58675,123.30336000000015,0.7883838383838356,1
1746870896.3803504,2.2918125000000003,2.5074375,-261.4584899999998,-0.01275252525252693,1
1746870896.4000812,2.22825,2.5074375,-324.86844,-0.01275252525252693,1
1746870896.4197874,2.5543125,2.506875,0.411509999999927,-0.01843434343434533,1
1746870896.439593,2.8831875,2.7598125000000002,328.49720999999994,2.5364898989898994,1
1746870896.4592576,2.8205625,2.7133125000000002,266.0225099999998,2.06679292929293,1
1746870896.4789736,2.4523125,2.4249375,-101.34368999999994,-0.8460858585858604,1
1746870896.4986796,2.2089375,2.2535625,-344.13458999999983,-2.577146464646465,1
1746870896.5183854,2.3761875,2.375625,-177.28599000000017,-1.3441919191919218,1
1746870896.5381088,2.7624375,2.50725,208.03700999999984,-0.014646464646466397,1
1746870896.5578058,2.903625,2.5070625,348.88565999999986,-0.016540404040405864,1
1746870896.5777493,2.609625,2.5074375,55.59125999999981,-0.01275252525252693,1
1746870896.5974917,2.2539375,2.507625,-299.2425899999999,-0.010858585858587465,1
1746870896.617207,2.2614375,2.2816875,-291.7605900000001,-2.2930555555555583,1
1746870896.6373637,2.6790000000000003,2.6296875,124.79976000000022,1.2220959595959597,1
1746870896.6572585,2.91,2.7564375,355.2453600000001,2.5023989898989893,1
1746870896.6770284,2.7028125,2.6197500000000002,148.5551099999998,1.1217171717171726,1
1746870896.6966667,2.3319375,2.3381250000000002,-221.42979000000005,-1.7229797979797972,1
1746870896.7163715,2.2764375,2.5070625,-276.7965899999999,-0.016540404040405864,1
1746870896.7360613,2.4905625000000002,2.5070625,-63.185489999999824,-0.016540404040405864,1
1746870896.7557783,2.8513125,2.5070625,296.69871000000006,-0.016540404040405864,1
1746870896.7755096,2.8498125,2.506875,295.20231,-0.01843434343434533,1
1746870896.7953117,2.4885,2.3634375,-65.24303999999991,-1.4672979797979826,1
1746870896.8154922,2.206125,2.2730625,-346.94033999999994,-2.3801767676767693,1
1746870896.8352628,2.404875,2.3855625000000003,-148.66733999999997,-1.2438131313131302,1
1746870896.8550663,2.7924375,2.683125,237.96501000000006,1.761868686868685,1
1746870896.874813,2.893125,2.7495000000000003,338.4108599999999,2.4323232323232333,1
1746870896.8945417,2.5951875,2.5215,41.18841000000015,0.12929292929292852,1
1746870896.9143944,2.2905,2.5108125,-262.76783999999986,0.02133838383838345,1
1746870896.9341557,2.269125,2.5078125,-284.09154000000024,-0.008964646464648,1
1746870896.954006,2.677125,2.5078125,122.92926000000014,-0.008964646464648,1
1746870896.9739292,2.9154375,2.7894375,360.66980999999987,2.8357323232323215,1
1746870896.9936533,2.709,2.6235,154.72776000000002,1.1595959595959575,1
1746870897.0133734,2.3293125,2.3360625,-224.04849000000016,-1.7438131313131313,1
1746870897.0331228,2.2220625,2.269125,-331.0410900000002,-2.419949494949498,1
1746870897.052886,2.5370625,2.4855,-16.79708999999984,-0.23434343434343544,1
1746870897.0726519,2.869125,2.4999375,314.4684599999999,-0.08851010101010107,1
1746870897.0923693,2.8134375,2.5078125,258.91461,-0.008964646464648,1
1746870897.1120653,2.4793125000000003,2.5078125,-74.40848999999982,-0.008964646464648,1
1746870897.1317902,2.208375,2.50875,-344.6957399999999,0.0005050505050493279,1
1746870897.151501,2.3518125,2.3499375000000002,-201.6024900000002,-1.6036616161616153,1
1746870897.171607,2.779875,2.694,225.43266000000006,1.8717171717171697,1
1746870897.1913316,2.8981875,2.7538125,343.4612100000001,2.4758838383838366,1
1746870897.2111363,2.604,2.5395,49.979760000000034,0.31111111111110823,1
1746870897.2308373,2.2575,2.28375,-295.68864000000025,-2.2722222222222244,1
1746870897.250669,2.2588125,2.5078125,-294.3792900000002,-0.008964646464648,1
1746870897.2703962,2.634,2.5081875,79.90775999999984,-0.005176767676769069,1
1746870897.2900405,2.905875,2.508,351.1302599999999,-0.007070707070708534,1
1746870897.3097823,2.7705,2.508375,216.08016000000012,-0.0032828282828296033,1
1746870897.3296645,2.363625,2.297625,-189.8183400000002,-2.1320707070707083,1
1746870897.3494406,2.211375,2.263125,-341.7029400000002,-2.4805555555555565,1
1746870897.3691797,2.4748125,2.4515625,-78.89768999999998,-0.5771464646464652,1
1746870897.3888876,2.8365,2.71725,281.92175999999995,2.1065656565656545,1
1746870897.4090579,2.8363125,2.7159375,281.73470999999995,2.093308080808078,1
1746870897.4287784,2.4575625,2.5070625,-96.10629000000019,-0.016540404040405864,1
1746870897.4486108,2.2029375,2.507625,-350.1201900000001,-0.010858585858587465,1
1746870897.468366,2.3733750000000002,2.508,-180.09173999999982,-0.007070707070708534,1
1746870897.4880815,2.7598125000000002,2.5141875000000002,205.41831000000016,0.055429292929293834,1
1746870897.5077987,2.8993125,2.7950625000000002,344.5835100000001,2.892550505050506,1
1746870897.5275607,2.63475,2.5216875,80.65595999999987,0.13118686868686796,1
1746870897.5477111,2.2441875000000002,2.2753125,-308.96918999999986,-2.3574494949494955,1
1746870897.5675776,2.2965,2.3161875,-256.78224000000006,-1.9445707070707101,1
1746870897.5873148,2.6656875,2.5888125,111.51921000000016,0.8092171717171698,1
1746870897.6070178,2.8921875,2.508,337.47560999999985,-0.007070707070708534,1
1746870897.626732,2.73375,2.507625,179.41836000000006,-0.010858585858587465,1
1746870897.6465578,2.3386875000000003,2.507625,-214.69598999999982,-0.010858585858587465,1
1746870897.6661782,2.2104375,2.50725,-342.63819000000024,-0.014646464646466397,1
1746870897.6858811,2.478375,2.4620625,-75.34373999999984,-0.47108585858585966,1
1746870897.7055843,2.8378125,2.7294375,283.23111,2.229671717171715,1
1746870897.7252846,2.8689375,2.7470625,314.2814099999999,2.4077020202020205,1
1746870897.745017,2.532,2.4855,-21.84744000000003,-0.23434343434343544,1
