2025-05-05T17:50:32.080631,-21.286290000000008,0.0800505050505024,0
2025-05-05T17:50:32.101792,6.958260000000175,0.07815656565656293,0
2025-05-05T17:50:32.123337,4.900710000000097,0.0800505050505024,0
2025-05-05T17:50:32.145269,-42.60998999999993,0.07815656565656293,0
2025-05-05T17:50:32.166903,11.63450999999991,0.08194444444444186,0
2025-05-05T17:50:32.188063,0.411509999999927,0.0800505050505024,0
2025-05-05T17:50:32.208829,3.7784100000000547,0.08194444444444186,0
2025-05-05T17:50:32.230122,-5.1999899999998425,0.07626262626262346,0
2025-05-05T17:50:32.252686,2.8431600000000192,0.07626262626262346,0
2025-05-05T17:50:32.275890,-2.0201400000001652,0.07815656565656293,0
2025-05-05T17:50:32.298855,0.22445999999991992,0.08383838383838133,0
2025-05-05T17:50:32.321979,-22.034490000000037,0.08383838383838133,0
2025-05-05T17:50:32.345551,-2.7683400000001934,0.08194444444444186,0
2025-05-05T17:50:32.368382,2.469060000000005,0.0800505050505024,0
2025-05-05T17:50:32.391094,1.3467599999999624,0.08383838383838133,0
2025-05-05T17:50:32.413764,1.5338099999999695,0.0800505050505024,0
2025-05-05T17:50:32.436317,-7.070489999999913,0.074368686868684,0
2025-05-05T17:50:32.458818,0.7856099999999412,0.074368686868684,0
2025-05-05T17:50:32.481990,0.9726599999999482,0.07247474747474454,0
2025-05-05T17:50:32.504986,-0.14964000000009428,0.074368686868684,0
2025-05-05T17:50:32.527695,-13.617240000000162,0.07247474747474454,0
2025-05-05T17:50:32.550386,-1.0848900000001298,0.074368686868684,0
2025-05-05T17:50:32.572978,-0.33669000000010135,0.07626262626262346,0
2025-05-05T17:50:32.595476,-0.33669000000010135,0.074368686868684,0
2025-05-05T17:50:32.619202,0.5985599999999341,0.07815656565656293,0
2025-05-05T17:50:32.641625,0.9726599999999482,0.07247474747474454,0
2025-05-05T17:50:32.664101,0.9726599999999482,0.07626262626262346,0
2025-05-05T17:50:32.687893,-6.509339999999892,0.07815656565656293,0
2025-05-05T17:50:32.711329,-5.012939999999836,0.0800505050505024,0
2025-05-05T17:50:32.734147,-3.516540000000222,0.07815656565656293,0
2025-05-05T17:50:32.757023,-2.2071900000001725,0.0800505050505024,0
2025-05-05T17:50:32.780165,1.5338099999999695,0.0800505050505024,0
2025-05-05T17:50:32.803041,-4.6388399999998216,0.08194444444444186,0
2025-05-05T17:50:32.825523,1.7208599999999767,0.074368686868684,0
2025-05-05T17:50:32.848012,2.8431600000000192,0.07247474747474454,0
2025-05-05T17:50:32.870422,1.1597099999999554,0.0800505050505024,0
2025-05-05T17:50:32.894168,-0.8978400000001227,0.08194444444444186,0
2025-05-05T17:50:32.917564,-1.2719400000001369,0.07815656565656293,0
2025-05-05T17:50:32.940164,-10.250340000000035,0.08194444444444186,0
2025-05-05T17:50:32.963347,3.2172600000000333,0.08383838383838133,0
2025-05-05T17:50:32.985806,1.9079099999999838,0.0800505050505024,0
2025-05-05T17:50:33.008283,0.03740999999991281,0.074368686868684,0
2025-05-05T17:50:33.033189,-1.2719400000001369,0.08194444444444186,0
2025-05-05T17:50:33.062643,18.55536000000017,0.08952020202019972,0
2025-05-05T17:50:33.091953,14.440260000000016,0.08952020202019972,0
2025-05-05T17:50:33.122905,6.02301000000014,0.08383838383838133,0
2025-05-05T17:50:33.151715,-7.444589999999928,0.08383838383838133,0
2025-05-05T17:50:33.177176,0.5985599999999341,0.0857323232323208,0
2025-05-05T17:50:33.202979,4.152510000000069,0.0857323232323208,0
2025-05-05T17:50:33.228962,-6.509339999999892,0.08383838383838133,0
2025-05-05T17:50:33.254387,4.900710000000097,0.08383838383838133,0
2025-05-05T17:50:33.279713,4.339560000000076,0.08383838383838133,0
2025-05-05T17:50:33.307375,-3.516540000000222,0.08383838383838133,0
2025-05-05T17:50:33.335395,4.900710000000097,0.08383838383838133,0
2025-05-05T17:50:33.361807,4.152510000000069,0.0800505050505024,0
2025-05-05T17:50:33.387718,7.8935100000002105,0.09141414141413919,0
2025-05-05T17:50:33.413096,4.7136600000000906,0.09141414141413919,0
2025-05-05T17:50:33.439658,275.18796000000015,0.08762626262626026,0
2025-05-05T17:50:33.468873,-246.12039000000013,0.08952020202019972,0
2025-05-05T17:50:33.496509,-288.76779,0.08383838383838133,0
2025-05-05T17:50:33.524152,359.9216099999998,0.0857323232323208,0
2025-05-05T17:50:33.551769,-107.51634000000018,0.08383838383838133,1
2025-05-05T17:50:33.579156,-269.3145900000001,0.09141414141413919,0
2025-05-05T17:50:33.606101,373.76330999999993,0.08194444444444186,0
2025-05-05T17:50:33.633778,-266.88294,0.08762626262626026,1
2025-05-05T17:50:33.661480,-80.01999000000002,0.0857323232323208,1
2025-05-05T17:50:33.689057,354.87126000000006,0.0800505050505024,0
2025-05-05T17:50:33.716348,-303.35769000000005,0.09141414141413919,0
2025-05-05T17:50:33.743662,30.339510000000175,0.08762626262626026,1
2025-05-05T17:50:33.771524,262.46856000000014,0.08383838383838133,0
2025-05-05T17:50:33.799086,-332.5374899999999,0.08762626262626026,0
2025-05-05T17:50:33.825954,123.30336000000015,0.08952020202019972,0
2025-05-05T17:50:33.853601,124.42566000000019,0.08952020202019972,0
2025-05-05T17:50:33.881226,-358.53743999999995,0.0800505050505024,0
2025-05-05T17:50:33.908771,283.79226000000006,0.08194444444444186,0
2025-05-05T17:50:33.936450,48.85745999999999,0.0800505050505024,1
2025-05-05T17:50:33.964108,-336.65259000000003,0.08383838383838133,0
2025-05-05T17:50:33.990479,320.6411100000001,0.08194444444444186,0
2025-05-05T17:50:34.018095,-97.97678999999982,0.0800505050505024,1
2025-05-05T17:50:34.045395,-183.27158999999995,0.07247474747474454,0
2025-05-05T17:50:34.073460,370.39641000000023,0.07815656565656293,0
2025-05-05T17:50:34.101675,-169.80398999999989,0.07815656565656293,0
2025-05-05T17:50:34.129806,-247.80384000000018,0.08194444444444186,0
2025-05-05T17:50:34.157989,299.31741000000017,0.07815656565656293,0
2025-05-05T17:50:34.185692,-55.51643999999998,0.08194444444444186,0
2025-05-05T17:50:34.213477,-265.94768999999997,0.08383838383838133,0
2025-05-05T17:50:34.240480,344.3964600000001,0.074368686868684,0
2025-05-05T17:50:34.266631,-215.44418999999985,0.08194444444444186,0
2025-05-05T17:50:34.292032,102.35375999999981,0.08383838383838133,0
2025-05-05T17:50:34.317410,-45.97689000000006,0.08383838383838133,0
2025-05-05T17:50:34.343969,-0.8978400000001227,0.08194444444444186,0
2025-05-05T17:50:34.371612,256.1088599999999,0.08383838383838133,0
2025-05-05T17:50:34.399019,-362.2784400000001,0.0857323232323208,0
2025-05-05T17:50:34.425995,187.83560999999995,0.08194444444444186,0
2025-05-05T17:50:34.454410,190.64136000000005,0.08194444444444186,0
2025-05-05T17:50:34.482948,-357.97628999999995,0.07815656565656293,0
2025-05-05T17:50:34.509905,111.51921000000016,0.08194444444444186,0
2025-05-05T17:50:34.537608,165.95076,0.0857323232323208,0
2025-05-05T17:50:34.565233,-365.8323900000002,0.09520202020201812,0
2025-05-05T17:50:34.592839,249.93621000000007,0.08952020202019972,0
2025-05-05T17:50:34.620409,98.2386600000001,0.08952020202019972,0
2025-05-05T17:50:34.647974,-352.55184000000014,0.08383838383838133,0
2025-05-05T17:50:34.676443,285.1016100000001,0.08194444444444186,0
2025-05-05T17:50:34.704533,189.33201,0.08762626262626026,1
2025-05-05T17:50:34.732277,-366.9546899999998,0.08762626262626026,0
2025-05-05T17:50:34.759326,217.9506600000002,0.08762626262626026,0
2025-05-05T17:50:34.786465,65.13081000000017,0.08383838383838133,0
2025-05-05T17:50:34.814085,-305.41524000000015,0.0800505050505024,0
2025-05-05T17:50:34.841710,352.43960999999996,0.0857323232323208,0
2025-05-05T17:50:34.869360,-78.71063999999997,0.0857323232323208,1
2025-05-05T17:50:34.896056,-294.3792900000002,0.0857323232323208,0
2025-05-05T17:50:34.923700,374.13740999999993,0.0800505050505024,0
2025-05-05T17:50:34.950872,-249.11319000000023,0.08762626262626026,1
2025-05-05T17:50:34.976242,31.648859999999782,0.08383838383838133,0
2025-05-05T17:50:35.001591,28.469010000000104,0.08952020202019972,0
2025-05-05T17:50:35.027544,-66.55238999999996,0.08762626262626026,0
2025-05-05T17:50:35.055027,244.13765999999987,0.0800505050505024,0
2025-05-05T17:50:35.081860,-366.7676399999998,0.08383838383838133,0
2025-05-05T17:50:35.109253,257.97935999999993,0.0857323232323208,0
2025-05-05T17:50:35.137521,90.00845999999979,0.0857323232323208,0
2025-05-05T17:50:35.164428,-358.91153999999995,0.08762626262626026,0
2025-05-05T17:50:35.192194,333.92166000000014,0.08762626262626026,0
2025-05-05T17:50:35.219921,-17.171189999999854,0.0857323232323208,1
2025-05-05T17:50:35.247615,-299.42963999999995,0.0857323232323208,0
2025-05-05T17:50:35.274566,350.7561599999999,0.0857323232323208,0
2025-05-05T17:50:35.302088,-172.79679,0.08762626262626026,1
2025-05-05T17:50:35.330152,-215.63123999999985,0.07815656565656293,0
2025-05-05T17:50:35.358213,374.13740999999993,0.0857323232323208,0
2025-05-05T17:50:35.386854,-10.811490000000056,0.08194444444444186,0
2025-05-05T17:50:35.414955,-342.82524000000024,0.08194444444444186,0
2025-05-05T17:50:35.442676,270.88581,0.0857323232323208,0
2025-05-05T17:50:35.470277,22.670459999999885,0.08383838383838133,0
2025-05-05T17:50:35.497952,-312.71019,0.0800505050505024,0
2025-05-05T17:50:35.526664,252.9290100000002,0.0857323232323208,0
2025-05-05T17:50:35.554347,145.3752600000001,0.0857323232323208,0
2025-05-05T17:50:35.582083,-355.91873999999984,0.0857323232323208,0
2025-05-05T17:50:35.609823,280.98650999999995,0.08194444444444186,0
2025-05-05T17:50:35.637513,80.09480999999985,0.08194444444444186,1
2025-05-05T17:50:35.665135,-345.8180399999999,0.0800505050505024,0
2025-05-05T17:50:35.692722,310.7274600000002,0.0800505050505024,0
2025-05-05T17:50:35.720455,26.598510000000033,0.08194444444444186,1
2025-05-05T17:50:35.748691,-325.61664,0.08194444444444186,0
2025-05-05T17:50:35.777358,267.7059599999999,0.0857323232323208,0
2025-05-05T17:50:35.805271,273.5045100000001,0.08952020202019972,0
2025-05-05T17:50:35.832101,-367.32878999999986,0.08383838383838133,0
2025-05-05T17:50:35.858194,286.59801000000016,0.08952020202019972,1
2025-05-05T17:50:35.883632,-212.26434000000017,0.08383838383838133,1
2025-05-05T17:50:35.909044,170.43996000000018,0.07626262626262346,0
2025-05-05T17:50:35.934488,-107.14224000000016,0.3660353535353527,0
2025-05-05T17:50:35.960997,58.95815999999993,-0.5013888888888911,0
2025-05-05T17:50:35.988146,221.13050999999987,1.1292929292929306,0
2025-05-05T17:50:36.015521,-365.0841900000002,-1.0544191919191928,0
2025-05-05T17:50:36.044125,283.41816,0.2789141414141418,0
2025-05-05T17:50:36.072617,263.59086000000013,1.2751262626262603,0
2025-05-05T17:50:36.100589,-351.2424900000001,-0.6017676767676783,0
2025-05-05T17:50:36.128293,81.96530999999992,-0.45972222222222286,0
2025-05-05T17:50:36.156060,266.58365999999984,1.2751262626262603,0
2025-05-05T17:50:36.183864,-360.78204000000005,-0.6737373737373735,0
2025-05-05T17:50:36.211647,73.73511000000005,-0.6017676767676783,0
2025-05-05T17:50:36.238809,283.04406,1.2220959595959597,0
2025-05-05T17:50:36.266518,-362.6525400000001,-0.8195707070707079,0
2025-05-05T17:50:36.293554,195.5046599999998,-0.08472222222222214,0
2025-05-05T17:50:36.321870,93.1883099999999,1.1728535353535336,0
2025-05-05T17:50:36.349635,-363.77484000000015,-0.9010101010101004,0
2025-05-05T17:50:36.377506,204.85716000000014,-0.07146464646464588,0
2025-05-05T17:50:36.405590,158.84286000000017,1.210732323232323,0
2025-05-05T17:50:36.433144,-359.65974,-0.7229797979797996,0
2025-05-05T17:50:36.459635,196.43990999999983,0.18232323232323355,0
2025-05-05T17:50:36.485097,-51.214289999999814,0.2902777777777786,0
2025-05-05T17:50:36.510832,3.7784100000000547,-0.397222222222225,0
2025-05-05T17:50:36.536231,243.76355999999984,0.7618686868686876,0
2025-05-05T17:50:36.563981,-217.1276399999999,-1.003282828282827,0
2025-05-05T17:50:36.592060,367.4036100000001,0.797853535353533,0
2025-05-05T17:50:36.619993,-62.624339999999805,0.657702020202017,0
2025-05-05T17:50:36.647936,-309.15623999999985,-1.088510101010103,0
2025-05-05T17:50:36.674236,358.6122600000002,1.0630050505050492,0
2025-05-05T17:50:36.700324,-268.56639000000007,-0.45025252525252557,0
2025-05-05T17:50:36.726309,151.5479099999999,0.15959595959595996,0
2025-05-05T17:50:36.753102,-16.048889999999812,0.43232323232322956,0
2025-05-05T17:50:36.781276,-256.78224000000006,-1.0979797979798003,0
2025-05-05T17:50:36.808721,340.28135999999995,0.652020202020203,0
2025-05-05T17:50:36.835526,-85.8185399999998,0.3205808080808056,0
2025-05-05T17:50:36.862192,-172.04858999999996,-0.8309343434343447,0
2025-05-05T17:50:36.889586,363.84966,1.2770202020201997,0
2025-05-05T17:50:36.915466,-359.09858999999994,-0.948358585858587,0
2025-05-05T17:50:36.941013,344.95761000000016,0.9739898989898987,0
2025-05-05T17:50:36.968613,-288.20663999999994,-0.14911616161616398,0
2025-05-05T17:50:36.996434,-60.37974000000016,-0.8328282828282841,0
2025-05-05T17:50:37.024283,357.30291000000017,1.210732323232323,0
2025-05-05T17:50:37.051816,-276.6095399999999,-0.0979797979797984,0
2025-05-05T17:50:37.080689,-70.2933900000001,-0.5354797979797971,0
2025-05-05T17:50:37.108875,340.65546,0.9039141414141385,0
2025-05-05T17:50:37.136543,-130.52349000000015,0.4569444444444426,0
2025-05-05T17:50:37.162957,-223.11324000000013,-0.9824494949494974,0
2025-05-05T17:50:37.188507,314.2814099999999,1.2467171717171728,0
2025-05-05T17:50:37.214082,-341.5158900000002,-1.1036616161616188,0
2025-05-05T17:50:37.239615,368.5259100000001,1.2713383838383814,0
2025-05-05T17:50:37.266662,-363.96189000000015,-0.8214646464646473,0
2025-05-05T17:50:37.293299,199.43270999999993,0.3092171717171688,0
2025-05-05T17:50:37.320338,29.778360000000156,0.657702020202017,0
2025-05-05T17:50:37.348642,-303.35769000000005,-1.1017676767676794,0
2025-05-05T17:50:37.377421,264.7131600000002,0.16148989898989943,0
2025-05-05T17:50:37.406057,221.8787099999999,1.2372474747474755,0
2025-05-05T17:50:37.435738,-250.79663999999985,0.004292929292928259,0
2025-05-05T17:50:37.462644,-217.1276399999999,-0.8801767676767708,0
2025-05-05T17:50:37.489511,299.31741000000017,1.2845959595959577,0
2025-05-05T17:50:37.516084,-362.0913900000001,-0.9578282828282844,0
2025-05-05T17:50:37.541919,311.4756600000002,0.7618686868686876,0
2025-05-05T17:50:37.569346,-240.5088899999999,0.03459595959595971,0
2025-05-05T17:50:37.596555,-130.52349000000015,-0.7684343434343424,0
2025-05-05T17:50:37.624397,350.3820599999999,1.2334595959595966,0
2025-05-05T17:50:37.652287,-282.03399000000013,-0.1415404040404061,0
2025-05-05T17:50:37.680024,-62.99843999999982,-0.836616161616163,0
2025-05-05T17:50:37.710342,354.68421000000006,0.5061868686868687,0
2025-05-05T17:50:37.738075,93.1883099999999,1.0686868686868676,0
2025-05-05T17:50:37.765166,-330.8540400000002,-1.0941919191919214,0
2025-05-05T17:50:37.793132,350.3820599999999,0.6880050505050485,0
2025-05-05T17:50:37.821057,-38.30784000000021,0.7429292929292929,0
2025-05-05T17:50:37.848319,-299.99078999999995,-1.0335858585858586,0
2025-05-05T17:50:37.876152,408.7416599999999,0.09141414141413919,0
2025-05-05T17:50:37.904073,-98.35088999999984,0.09898989898989706,0
2025-05-05T17:50:37.931377,-268.0052400000001,-0.2968434343434333,0
2025-05-05T17:50:37.959954,334.2957600000002,-0.0809343434343432,0
2025-05-05T17:50:37.987051,-25.21434000000016,0.2012626262626237,0
2025-05-05T17:50:38.014972,-311.2137899999999,-1.0752525252525267,0
2025-05-05T17:50:38.042824,370.9575599999998,0.8376262626262617,0
2025-05-05T17:50:38.070637,-93.6746400000001,0.5478535353535324,0
2025-05-05T17:50:38.098675,-250.98368999999985,-1.092297979797982,0
2025-05-05T17:50:38.125887,353.74896,0.6917929292929273,0
2025-05-05T17:50:38.153628,-132.5810399999998,0.2694444444444445,0
2025-05-05T17:50:38.181140,-236.2067400000002,-1.0941919191919214,0
2025-05-05T17:50:38.208200,371.33165999999983,1.1993686868686861,0
2025-05-05T17:50:38.236331,-219.55929,0.14444444444444424,0
2025-05-05T17:50:38.263209,-133.70333999999986,-0.9407828282828292,0
2025-05-05T17:50:38.288813,301.0008599999998,1.2202020202020203,0
2025-05-05T17:50:38.314540,-340.01949000000013,-1.1017676767676794,0
2025-05-05T17:50:38.340161,367.5906600000001,1.269444444444442,0
2025-05-05T17:50:38.366770,-362.8395900000001,-0.9199494949494951,0
2025-05-05T17:50:38.393385,223.93625999999998,0.3906565656565658,0
2025-05-05T17:50:38.420574,-30.264689999999906,0.44936868686868475,0
2025-05-05T17:50:38.447568,-234.71034000000012,-0.9464646464646476,0
2025-05-05T17:50:38.474627,373.3892099999999,1.2467171717171728,0
2025-05-05T17:50:38.503372,-292.6958400000001,-0.18320707070706987,0
2025-05-05T17:50:38.531231,-182.1492899999999,-0.8915404040404031,0
2025-05-05T17:50:38.559102,334.4828100000002,0.9133838383838359,0
2025-05-05T17:50:38.585596,-155.58819000000022,0.04406565656565704,0
2025-05-05T17:50:38.613800,-141.37239000000014,-0.980555555555558,0
2025-05-05T17:50:38.640296,369.4611600000002,1.2164141414141414,0
2025-05-05T17:50:38.667100,-484.98323999999985,0.08383838383838133,0
2025-05-05T17:50:38.692787,274.0656600000001,0.08383838383838133,1
2025-05-05T17:50:38.718467,-183.64568999999997,0.0857323232323208,1
2025-05-05T17:50:38.744055,120.87171000000006,0.0800505050505024,0
2025-05-05T17:50:38.771223,-10.998540000000062,0.08383838383838133,0
2025-05-05T17:50:38.799250,-286.7102399999999,0.0857323232323208,0
2025-05-05T17:50:38.826535,322.6986600000002,0.08383838383838133,0
2025-05-05T17:50:38.854131,-40.36538999999985,0.3622474747474738,0
2025-05-05T17:50:38.881344,-233.5880400000001,-1.092297979797982,0
2025-05-05T17:50:38.908615,288.4685100000002,0.0800505050505024,0
2025-05-05T17:50:38.936527,-248.3649900000002,0.07626262626262346,0
2025-05-05T17:50:38.964474,-126.03429,0.074368686868684,0
2025-05-05T17:50:38.992412,376.75611000000004,0.08194444444444186,0
2025-05-05T17:50:39.020238,-206.65283999999994,0.08194444444444186,0
2025-05-05T17:50:39.048691,-195.24278999999996,0.07815656565656293,0
2025-05-05T17:50:39.075142,359.7345599999998,0.07626262626262346,0
2025-05-05T17:50:39.101013,-300.55193999999995,-0.620707070707073,0
2025-05-05T17:50:39.126669,226.74201000000008,0.43232323232322956,0
2025-05-05T17:50:39.152731,-90.12068999999997,0.07815656565656293,0
2025-05-05T17:50:39.180444,-31.38698999999995,0.0800505050505024,0
2025-05-05T17:50:39.208336,351.69140999999996,0.0800505050505024,0
2025-05-05T17:50:39.236174,-284.27859000000024,0.08383838383838133,0
2025-05-05T17:50:39.264720,-107.8904400000002,0.08194444444444186,1
2025-05-05T17:50:39.292047,373.2021599999999,0.08194444444444186,0
2025-05-05T17:50:39.319903,-255.65994000000003,0.08383838383838133,0
2025-05-05T17:50:39.348061,-130.33644000000015,0.08194444444444186,0
2025-05-05T17:50:39.376093,366.6554100000001,1.042171717171715,0
2025-05-05T17:50:39.403390,-176.91189000000014,0.3205808080808056,0
2025-05-05T17:50:39.430804,-177.8471400000002,0.0857323232323208,0
2025-05-05T17:50:39.458869,356.5547100000001,0.0800505050505024,0
2025-05-05T17:50:39.485560,-219.55929,0.08194444444444186,0
2025-05-05T17:50:39.513653,35.95100999999995,0.0800505050505024,0
2025-05-05T17:50:39.541545,336.1662599999998,0.08194444444444186,0
2025-05-05T17:50:39.568787,-309.53033999999985,0.0800505050505024,0
2025-05-05T17:50:39.595312,103.28900999999983,0.074368686868684,1
2025-05-05T17:50:39.621015,97.67751000000007,0.7864898989898962,0
2025-05-05T17:50:39.646749,-184.39389,-0.8460858585858604,0
2025-05-05T17:50:39.673147,214.20966000000007,0.074368686868684,0
2025-05-05T17:50:39.700919,-372.19209,0.0800505050505024,0
2025-05-05T17:50:39.728384,168.7565100000001,0.0800505050505024,0
2025-05-05T17:50:39.756343,122.18106000000012,0.07815656565656293,0
2025-05-05T17:50:39.784374,-366.20649000000026,0.07815656565656293,0
2025-05-05T17:50:39.812332,204.1089600000001,0.0857323232323208,0
2025-05-05T17:50:39.840243,192.32481000000013,0.07815656565656293,0
2025-05-05T17:50:39.868182,-355.91873999999984,-0.7400252525252549,0
2025-05-05T17:50:39.896285,138.26735999999983,-0.24002525252525383,0
2025-05-05T17:50:39.924149,232.72760999999988,0.0800505050505024,0
2025-05-05T17:50:39.950628,-355.73168999999984,0.0800505050505024,0
2025-05-05T17:50:39.977225,251.43261000000015,0.07058080808080507,0
2025-05-05T17:50:40.002955,-107.32929000000017,0.07626262626262346,0
2025-05-05T17:50:40.029312,13.692059999999987,0.08194444444444186,0
2025-05-05T17:50:40.055092,181.28886000000014,0.074368686868684,0
2025-05-05T17:50:40.082641,-262.0196399999998,0.08194444444444186,0
2025-05-05T17:50:40.109725,354.12306000000007,0.08383838383838133,0
2025-05-05T17:50:40.137084,-150.35079000000002,0.08194444444444186,0
2025-05-05T17:50:40.166648,-297.37208999999984,-1.1093434343434372,0
2025-05-05T17:50:40.194066,316.33895999999993,0.3849747474747474,0
2025-05-05T17:50:40.221107,-107.70339000000018,0.08194444444444186,0
2025-05-05T17:50:40.249094,-226.2930899999998,0.08383838383838133,0
2025-05-05T17:50:40.277116,370.20936000000023,0.0857323232323208,0
2025-05-05T17:50:40.305153,-77.21423999999992,0.0857323232323208,0
2025-05-05T17:50:40.332811,-303.7317900000001,0.0857323232323208,0
2025-05-05T17:50:40.360487,342.15186000000006,0.08762626262626026,0
2025-05-05T17:50:40.389000,-5.574089999999857,0.0857323232323208,1
2025-05-05T17:50:40.417010,-332.5374899999999,0.0857323232323208,0
2025-05-05T17:50:40.444385,294.26706,0.0857323232323208,0
2025-05-05T17:50:40.471120,-5.9481899999998715,0.0857323232323208,0
2025-05-05T17:50:40.496854,-161.19969,0.08383838383838133,0
2025-05-05T17:50:40.522644,267.5189099999999,0.08383838383838133,0
2025-05-05T17:50:40.548994,-318.5087400000002,0.0857323232323208,0
2025-05-05T17:50:40.576188,373.95035999999993,0.08194444444444186,0
2025-05-05T17:50:40.605100,-123.4155899999999,0.09520202020201812,1
2025-05-05T17:50:40.633121,-281.28579000000013,0.09520202020201812,0
2025-05-05T17:50:40.661162,340.84251,0.09520202020201812,0
2025-05-05T17:50:40.689046,0.7856099999999412,0.09709595959595758,0
2025-05-05T17:50:40.716385,-326.3648400000001,0.09709595959595758,0
2025-05-05T17:50:40.744370,350.1950099999999,-0.17184343434343755,0
2025-05-05T17:50:40.771897,-14.178390000000183,0.5061868686868687,1
2025-05-05T17:50:40.798552,-243.87579000000002,0.10277777777777598,0
2025-05-05T17:50:40.825721,362.3532599999999,0.09141414141413919,0
2025-05-05T17:50:40.853734,-270.4368900000002,0.09520202020201812,0
2025-05-05T17:50:40.881765,-106.01994000000012,0.09330808080807866,1
2025-05-05T17:50:40.909926,376.38201,0.09330808080807866,0
2025-05-05T17:50:40.937003,-179.1564899999998,0.08762626262626026,0
2025-05-05T17:50:40.964443,-108.0774900000002,0.09141414141413919,0
2025-05-05T17:50:40.992186,354.68421000000006,0.09709595959595758,0
2025-05-05T17:50:41.020460,-268.37934000000007,0.08952020202019972,0
2025-05-05T17:50:41.049041,-120.60984000000023,-0.9502525252525266,0
2025-05-05T17:50:41.075588,367.5906600000001,1.1425505050505023,0
2025-05-05T17:50:41.101561,-397.81794000000014,0.08762626262626026,0
2025-05-05T17:50:41.127371,241.51896000000022,0.09709595959595758,0
2025-05-05T17:50:41.153164,-143.8040400000002,0.10088383838383652,1
2025-05-05T17:50:41.180239,39.879060000000095,0.09330808080807866,0
2025-05-05T17:50:41.208304,286.97211000000016,0.09141414141413919,0
2025-05-05T17:50:41.237087,-313.83249,0.09520202020201812,0
2025-05-05T17:50:41.265309,-111.6314399999999,0.08952020202019972,0
2025-05-05T17:50:41.293363,375.82086,0.08952020202019972,0
2025-05-05T17:50:41.321345,-184.58094,0.08762626262626026,0
2025-05-05T17:50:41.349404,-214.13484000000022,-1.0563131313131322,0
2025-05-05T17:50:41.377491,367.5906600000001,0.8527777777777774,0
2025-05-05T17:50:41.405541,-157.08458999999985,0.09520202020201812,0
2025-05-05T17:50:41.433955,-310.4655899999999,0.09709595959595758,0
2025-05-05T17:50:41.462202,268.2671099999999,0.0857323232323208,0
2025-05-05T17:50:41.489160,108.52641000000004,0.08952020202019972,0
2025-05-05T17:50:41.517017,-335.1561899999999,0.09520202020201812,0
2025-05-05T17:50:41.544283,327.37490999999994,0.2978535353535365,0
2025-05-05T17:50:41.572476,-56.26464000000001,0.6898989898989879,0
2025-05-05T17:50:41.600459,-329.1705900000002,0.09520202020201812,0
2025-05-05T17:50:41.628473,320.0799600000001,0.08952020202019972,0
2025-05-05T17:50:41.656496,43.05891000000022,0.09709595959595758,1
2025-05-05T17:50:41.684305,-363.2136900000001,0.09141414141413919,0
2025-05-05T17:50:41.710233,335.0439600000002,0.767550505050506,0
2025-05-05T17:50:41.736094,-230.22113999999996,-0.30063131313131225,0
2025-05-05T17:50:41.762395,132.28176000000005,0.045959595959596505,0
2025-05-05T17:50:41.789037,3.7784100000000547,0.09520202020201812,0
2025-05-05T17:50:41.814854,-256.40814000000006,0.09709595959595758,0
2025-05-05T17:50:41.840636,338.5979099999999,0.08952020202019972,0
2025-05-05T17:50:41.867442,-360.59499000000005,0.08952020202019972,0
2025-05-05T17:50:41.894738,301.5620099999998,0.6141414141414138,1
2025-05-05T17:50:41.923778,93.00125999999989,1.0857323232323228,0
2025-05-05T17:50:41.951966,-276.7965899999999,0.09141414141413919,0
2025-05-05T17:50:41.978427,174.18095999999986,0.08952020202019972,0
2025-05-05T17:50:42.004928,-42.422939999999926,0.09141414141413919,0
2025-05-05T17:50:42.031230,-162.50904000000006,0.08952020202019972,0
2025-05-05T17:50:42.057001,308.85696000000013,0.09330808080807866,0
2025-05-05T17:50:42.084838,-348.62379000000004,0.09520202020201812,0
2025-05-05T17:50:42.112098,187.08740999999992,0.09330808080807866,1
2025-05-05T17:50:42.138370,37.63446000000001,0.62739898989899,0
2025-05-05T17:50:42.164197,-158.95508999999993,-0.7760101010101002,0
2025-05-05T17:50:42.190134,225.61971000000005,0.08952020202019972,0
2025-05-05T17:50:42.215918,-339.83244000000013,0.09141414141413919,0
2025-05-05T17:50:42.241745,375.63381,0.09141414141413919,0
2025-05-05T17:50:42.267539,-360.40794,0.09520202020201812,1
2025-05-05T17:50:42.294937,319.5188100000001,0.09709595959595758,1
2025-05-05T17:50:42.322303,0.22445999999991992,0.09520202020201812,1
2025-05-05T17:50:42.348999,-294.19224000000014,0.09520202020201812,0
2025-05-05T17:50:42.377539,365.53311,0.9190656565656543,0
2025-05-05T17:50:42.403392,-179.3435399999998,-0.5241161616161647,0
2025-05-05T17:50:42.429219,55.59125999999981,0.08952020202019972,0
2025-05-05T17:50:42.455137,72.98691000000002,0.09330808080807866,0
2025-05-05T17:50:42.481665,-161.57379,0.09520202020201812,0
2025-05-05T17:50:42.510017,355.6194600000001,0.09520202020201812,0
2025-05-05T17:50:42.536914,-212.07729000000015,0.09141414141413919,0
2025-05-05T17:50:42.564713,-36.06324000000013,0.09141414141413919,0
2025-05-05T17:50:42.591389,335.6051099999998,0.09709595959595758,0
2025-05-05T17:50:42.617480,-368.07698999999985,-0.9994949494949527,0
2025-05-05T17:50:42.643326,344.5835100000001,1.081944444444444,0
2025-05-05T17:50:42.669131,-306.1634400000002,0.09520202020201812,0
2025-05-05T17:50:42.696754,203.9219100000001,0.0857323232323208,0
2025-05-05T17:50:42.724045,211.02980999999994,0.09520202020201812,0
2025-05-05T17:50:42.751829,-368.6381399999999,0.09330808080807866,0
2025-05-05T17:50:42.779941,163.1450099999999,0.08762626262626026,0
2025-05-05T17:50:42.808223,204.67011000000014,0.09141414141413919,0
2025-05-05T17:50:42.836360,-360.03384,0.09330808080807866,0
2025-05-05T17:50:42.864427,70.55525999999993,0.08762626262626026,0
2025-05-05T17:50:42.891409,311.66271000000023,0.08383838383838133,0
2025-05-05T17:50:42.917305,-368.07698999999985,0.09141414141413919,0
2025-05-05T17:50:42.943381,352.62666,0.09141414141413919,1
2025-05-05T17:50:42.970006,-216.37943999999987,0.09141414141413919,1
2025-05-05T17:50:42.998529,-5.38703999999985,0.09520202020201812,0
2025-05-05T17:50:43.027588,376.38201,0.09330808080807866,0
2025-05-05T17:50:43.056602,-71.04159000000013,0.08952020202019972,0
2025-05-05T17:50:43.084697,-358.53743999999995,0.08762626262626026,0
2025-05-05T17:50:43.112058,286.41096000000016,0.09898989898989706,0
2025-05-05T17:50:43.139087,8.080559999999775,0.09330808080807866,1
2025-05-05T17:50:43.167065,-296.6238899999998,0.09330808080807866,0
2025-05-05T17:50:43.194590,341.21661,0.09141414141413919,0
2025-05-05T17:50:43.220684,-126.96954000000002,0.09898989898989706,1
2025-05-05T17:50:43.246631,17.807160000000145,0.08383838383838133,0
2025-05-05T17:50:43.272504,120.12351000000004,0.09141414141413919,0
2025-05-05T17:50:43.299523,-215.44418999999985,0.09141414141413919,0
2025-05-05T17:50:43.327632,377.69136000000003,0.09141414141413919,0
2025-05-05T17:50:43.355789,-145.11338999999984,0.09141414141413919,0
2025-05-05T17:50:43.384465,-254.91174,0.09330808080807866,0
2025-05-05T17:50:43.413464,264.1520100000002,0.08952020202019972,0
2025-05-05T17:50:43.440839,199.24565999999993,0.08383838383838133,0
2025-05-05T17:50:43.469081,-363.96189000000015,0.09330808080807866,0
2025-05-05T17:50:43.496016,161.08745999999982,0.08952020202019972,0
2025-05-05T17:50:43.521918,29.965410000000162,0.08762626262626026,0
2025-05-05T17:50:43.548392,-133.32923999999983,0.08952020202019972,0
2025-05-05T17:50:43.575330,308.6699100000001,0.08762626262626026,0
2025-05-05T17:50:43.605181,-335.1561899999999,0.08383838383838133,0
2025-05-05T17:50:43.636119,-371.81799,0.09330808080807866,1
2025-05-05T17:50:43.665233,-57.19989000000004,0.08383838383838133,0
2025-05-05T17:50:43.692132,376.94316000000003,0.08383838383838133,0
2025-05-05T17:50:43.715054,-331.7892899999998,0.0857323232323208,0
2025-05-05T17:50:43.737958,107.40411,0.48724747474747404,1
2025-05-05T17:50:43.760968,173.61980999999986,0.5611111111111087,0
2025-05-05T17:50:43.783985,-349.37199000000004,-1.014646464646464,0
2025-05-05T17:50:43.806928,339.53315999999995,1.2088383838383836,0
2025-05-05T17:50:43.830265,-143.0558400000002,-0.4748737373737386,0
2025-05-05T17:50:43.853717,-83.01279000000014,-0.0979797979797984,0
2025-05-05T17:50:43.876736,280.98650999999995,0.9304292929292911,0
2025-05-05T17:50:43.899733,-368.4510899999999,-1.1036616161616188,0
2025-05-05T17:50:43.922999,292.3965599999999,1.0762626262626254,0
2025-05-05T17:50:43.945937,-41.67473999999989,-0.1036616161616168,0
2025-05-05T17:50:43.968861,-225.73194000000024,-0.5790404040404047,0
2025-05-05T17:50:43.991903,364.41080999999997,1.2675505050505025,0
2025-05-05T17:50:44.014954,-310.4655899999999,-0.9426767676767687,0
2025-05-05T17:50:44.038111,80.65595999999987,0.4058080808080815,0
2025-05-05T17:50:44.061400,154.72776000000002,0.4247474747474717,0
2025-05-05T17:50:44.084696,-344.8827899999999,-0.9502525252525266,0
2025-05-05T17:50:44.107801,350.7561599999999,1.2827020202020183,0
2025-05-05T17:50:44.131554,-305.60229000000015,-0.9256313131313135,0
2025-05-05T17:50:44.154746,95.80701,0.4683080808080794,0
2025-05-05T17:50:44.178080,160.5263099999998,0.5535353535353509,0
2025-05-05T17:50:44.201242,-320.3792399999998,-0.9123737373737372,0
2025-05-05T17:50:44.224850,356.92881000000017,1.290277777777776,0
2025-05-05T17:50:44.247735,-262.95488999999986,-0.7892676767676764,0
2025-05-05T17:50:44.271566,85.89336000000007,0.5364898989899002,0
2025-05-05T17:50:44.294483,223.74920999999998,0.08762626262626026,0
2025-05-05T17:50:44.317416,-17.732339999999876,0.09520202020201812,0
2025-05-05T17:50:44.340574,4.7136600000000906,0.09141414141413919,0
2025-05-05T17:50:44.364048,-0.14964000000009428,0.09330808080807866,0
2025-05-05T17:50:44.387727,1.5338099999999695,0.09520202020201812,0
2025-05-05T17:50:44.410922,2.282009999999998,0.08952020202019972,0
2025-05-05T17:50:44.434059,1.7208599999999767,0.09709595959595758,0
2025-05-05T17:50:44.457300,0.411509999999927,0.09520202020201812,0
2025-05-05T17:50:44.480836,-8.192789999999956,0.09520202020201812,0
2025-05-05T17:50:44.505540,-1.458990000000144,0.09330808080807866,0
2025-05-05T17:50:44.528862,2.469060000000005,0.10088383838383652,0
2025-05-05T17:50:44.552240,-0.33669000000010135,0.09898989898989706,0
2025-05-05T17:50:44.575519,0.5985599999999341,0.09141414141413919,0
2025-05-05T17:50:44.598903,-7.070489999999913,0.08762626262626026,0
2025-05-05T17:50:44.622181,0.22445999999991992,0.09330808080807866,0
2025-05-05T17:50:44.645386,0.9726599999999482,0.09520202020201812,0
2025-05-05T17:50:44.668702,3.4043100000000406,0.10088383838383652,0
2025-05-05T17:50:44.691989,-5.1999899999998425,0.09520202020201812,0
2025-05-05T17:50:44.715654,1.1597099999999554,0.09330808080807866,0
2025-05-05T17:50:44.738526,2.094959999999991,0.09520202020201812,0
2025-05-05T17:50:44.761519,0.5985599999999341,0.09330808080807866,0
2025-05-05T17:50:44.784573,-0.14964000000009428,0.09330808080807866,0
2025-05-05T17:50:44.807528,1.1597099999999554,0.08952020202019972,0
2025-05-05T17:50:44.830456,-1.646040000000151,0.08952020202019972,0
2025-05-05T17:50:44.853778,1.3467599999999624,0.09330808080807866,0
2025-05-05T17:50:44.876662,1.1597099999999554,0.09898989898989706,0
2025-05-05T17:50:44.899904,-2.0201400000001652,0.09330808080807866,0
2025-05-05T17:50:44.923057,-9.689190000000012,0.09141414141413919,0
2025-05-05T17:50:44.945931,1.9079099999999838,0.09330808080807866,0
2025-05-05T17:50:44.968935,2.094959999999991,0.09709595959595758,0
2025-05-05T17:50:44.991911,0.9726599999999482,0.09520202020201812,0
2025-05-05T17:50:45.015005,0.9726599999999482,0.09330808080807866,0
2025-05-05T17:50:45.038409,-3.890639999999793,0.08952020202019972,0
2025-05-05T17:50:45.061391,1.1597099999999554,0.08952020202019972,0
2025-05-05T17:50:45.084703,0.411509999999927,0.09330808080807866,0
2025-05-05T17:50:45.107897,-22.59564000000006,0.08762626262626026,0
2025-05-05T17:50:45.132388,-21.84744000000003,0.08762626262626026,0
2025-05-05T17:50:45.155441,-2.3942400000001793,0.0857323232323208,0
2025-05-05T17:50:45.178417,2.282009999999998,0.09141414141413919,0
2025-05-05T17:50:45.201343,4.900710000000097,0.09141414141413919,0
2025-05-05T17:50:45.224443,3.2172600000000333,0.09330808080807866,0
2025-05-05T17:50:45.247483,1.5338099999999695,0.09898989898989706,0
2025-05-05T17:50:45.270975,1.5338099999999695,0.08952020202019972,0
2025-05-05T17:50:45.296413,-33.07044000000001,0.09330808080807866,0
2025-05-05T17:51:17.669777,-16.79708999999984,0.09330808080807866,0
2025-05-05T17:51:17.691196,-5.012939999999836,0.09709595959595758,0
2025-05-05T17:51:17.712364,-4.825889999999829,0.08762626262626026,0
2025-05-05T17:51:17.733546,0.9726599999999482,0.08194444444444186,0
2025-05-05T17:51:17.754763,0.411509999999927,0.08383838383838133,0
2025-05-05T17:51:17.776570,-1.0848900000001298,0.08952020202019972,0
2025-05-05T17:51:17.797467,-0.14964000000009428,0.0857323232323208,0
2025-05-05T17:51:17.818148,-1.2719400000001369,0.08952020202019972,0
2025-05-05T17:51:17.840713,0.03740999999991281,0.09330808080807866,0
2025-05-05T17:51:17.863305,-8.00573999999995,0.0857323232323208,0
2025-05-05T17:51:17.886900,-6.6963899999999,0.0857323232323208,0
2025-05-05T17:51:17.910875,-8.753939999999977,0.08383838383838133,0
2025-05-05T17:51:17.933340,1.7208599999999767,0.08952020202019972,0
2025-05-05T17:51:17.956513,0.7856099999999412,0.09141414141413919,0
2025-05-05T17:51:17.979559,-5.1999899999998425,0.08952020202019972,0
2025-05-05T17:51:18.002785,-4.451789999999814,0.08762626262626026,0
2025-05-05T17:51:18.025723,-2.5812900000001866,0.08383838383838133,0
2025-05-05T17:51:18.050223,-3.890639999999793,0.08762626262626026,0
2025-05-05T17:51:18.073916,-2.2071900000001725,0.09141414141413919,0
2025-05-05T17:51:18.097242,-4.6388399999998216,0.0857323232323208,0
2025-05-05T17:51:18.119890,-12.869040000000133,0.08383838383838133,0
2025-05-05T17:51:18.142364,4.339560000000076,0.07626262626262346,0
2025-05-05T17:51:18.165040,2.469060000000005,0.08762626262626026,0
2025-05-05T17:51:18.187587,-11.746740000000091,0.08762626262626026,0
2025-05-05T17:51:18.210551,2.656110000000012,0.0857323232323208,0
2025-05-05T17:51:18.233414,-5.574089999999857,0.08194444444444186,0
2025-05-05T17:51:18.256308,-11.746740000000091,0.07815656565656293,0
2025-05-05T17:51:18.279892,-9.87624000000002,0.08952020202019972,0
2025-05-05T17:51:18.302858,-0.33669000000010135,0.08762626262626026,0
2025-05-05T17:51:18.325827,-19.415789999999937,0.0857323232323208,0
2025-05-05T17:51:18.348379,-3.142440000000208,0.08383838383838133,0
2025-05-05T17:51:18.370885,-3.3294900000002148,0.08383838383838133,0
2025-05-05T17:51:18.393548,-6.135239999999878,0.0800505050505024,0
2025-05-05T17:51:18.416057,3.5913600000000474,0.0857323232323208,0
2025-05-05T17:51:18.438534,1.7208599999999767,0.09520202020201812,0
2025-05-05T17:51:18.460991,1.1597099999999554,0.09141414141413919,0
2025-05-05T17:51:18.484058,1.5338099999999695,0.09709595959595758,0
2025-05-05T17:51:18.508782,-33.63159000000004,0.09330808080807866,0
2025-05-05T17:51:18.531298,-5.012939999999836,0.09330808080807866,0
2025-05-05T17:51:18.553945,4.900710000000097,0.09898989898989706,0
2025-05-05T17:51:18.576518,4.7136600000000906,0.09520202020201812,0
2025-05-05T17:51:18.598935,2.094959999999991,0.09330808080807866,0
2025-05-05T17:51:18.621394,2.469060000000005,0.09330808080807866,0
2025-05-05T17:51:18.643933,0.7856099999999412,0.09141414141413919,0
2025-05-05T17:51:18.666329,-0.5237400000001085,0.09520202020201812,0
2025-05-05T17:51:18.688744,0.9726599999999482,0.09330808080807866,0
2025-05-05T17:51:18.712974,0.7856099999999412,0.08762626262626026,0
2025-05-05T17:51:18.735701,-12.307890000000112,0.0857323232323208,0
2025-05-05T17:51:18.758897,-0.7107900000001156,0.09330808080807866,0
2025-05-05T17:51:18.781376,-5.9481899999998715,0.09330808080807866,0
2025-05-05T17:51:18.804399,1.5338099999999695,0.08952020202019972,0
2025-05-05T17:51:18.827030,-10.811490000000056,0.0857323232323208,0
2025-05-05T17:51:18.849638,1.7208599999999767,0.10088383838383652,0
2025-05-05T17:51:18.872143,2.282009999999998,0.09520202020201812,0
2025-05-05T17:51:18.895708,0.03740999999991281,0.09520202020201812,0
2025-05-05T17:51:18.918558,-0.7107900000001156,0.09330808080807866,0
2025-05-05T17:51:18.941443,-5.761139999999864,0.09330808080807866,0
2025-05-05T17:51:18.963929,0.22445999999991992,0.09520202020201812,0
2025-05-05T17:51:18.986326,2.282009999999998,0.09141414141413919,0
2025-05-05T17:51:19.008739,-0.14964000000009428,0.09330808080807866,0
2025-05-05T17:51:19.031838,-0.33669000000010135,0.09520202020201812,0
2025-05-05T17:51:19.054953,2.469060000000005,0.09709595959595758,0
2025-05-05T17:51:19.077351,0.5985599999999341,0.09141414141413919,0
2025-05-05T17:51:19.100544,0.5985599999999341,0.09520202020201812,0
2025-05-05T17:51:19.123719,-2.7683400000001934,0.09520202020201812,0
2025-05-05T17:51:19.146211,-10.063290000000027,0.09709595959595758,0
2025-05-05T17:51:19.169258,2.282009999999998,0.09520202020201812,0
2025-05-05T17:51:19.191710,1.3467599999999624,0.09141414141413919,0
2025-05-05T17:51:19.214191,-0.5237400000001085,0.09141414141413919,0
2025-05-05T17:51:19.236611,1.5338099999999695,0.08952020202019972,0
2025-05-05T17:51:19.259036,1.1597099999999554,0.09330808080807866,0
2025-05-05T17:51:19.281765,-7.257539999999921,0.09141414141413919,0
2025-05-05T17:51:19.305787,-8.940989999999985,0.08952020202019972,0
2025-05-05T17:51:19.328927,-1.458990000000144,0.09141414141413919,0
2025-05-05T17:51:19.351662,1.5338099999999695,0.08762626262626026,0
2025-05-05T17:51:19.374655,0.411509999999927,0.08762626262626026,0
2025-05-05T17:51:19.397118,1.1597099999999554,0.09141414141413919,0
2025-05-05T17:51:19.419573,1.1597099999999554,0.08762626262626026,0
2025-05-05T17:51:19.442507,-0.14964000000009428,0.08762626262626026,0
2025-05-05T17:51:19.464930,1.3467599999999624,0.08762626262626026,0
2025-05-05T17:51:19.487346,0.03740999999991281,0.08383838383838133,0
2025-05-05T17:51:19.510336,0.22445999999991992,0.0857323232323208,0
2025-05-05T17:51:19.533737,0.411509999999927,0.0800505050505024,0
2025-05-05T17:51:19.556523,-13.243140000000148,0.08952020202019972,0
2025-05-05T17:51:19.579633,0.9726599999999482,0.08952020202019972,0
2025-05-05T17:51:19.602041,1.9079099999999838,0.08952020202019972,0
2025-05-05T17:51:19.624512,0.9726599999999482,0.09141414141413919,0
2025-05-05T17:51:19.646979,-0.14964000000009428,0.09709595959595758,0
2025-05-05T17:51:19.669388,-0.33669000000010135,0.08762626262626026,0
2025-05-05T17:51:19.691831,0.7856099999999412,0.09330808080807866,0
2025-05-05T17:51:19.716931,0.5985599999999341,0.08952020202019972,0
2025-05-05T17:51:19.739861,-3.3294900000002148,0.0857323232323208,0
2025-05-05T17:51:19.762861,-8.940989999999985,0.08194444444444186,0
2025-05-05T17:51:19.786084,-6.135239999999878,0.0857323232323208,0
2025-05-05T17:51:19.808642,2.656110000000012,0.08762626262626026,0
2025-05-05T17:51:19.831137,1.9079099999999838,0.08383838383838133,0
2025-05-05T17:51:19.854194,1.7208599999999767,0.08952020202019972,0
2025-05-05T17:51:19.876680,1.5338099999999695,0.09141414141413919,0
2025-05-05T17:51:19.899103,0.7856099999999412,0.08762626262626026,0
2025-05-05T17:51:19.922187,0.9726599999999482,0.08383838383838133,0
2025-05-05T17:51:19.945245,0.9726599999999482,0.08383838383838133,0
2025-05-05T17:51:19.967639,-11.933790000000098,0.09141414141413919,0
2025-05-05T17:51:19.990764,1.1597099999999554,0.08952020202019972,0
2025-05-05T17:51:20.013229,0.7856099999999412,0.08762626262626026,0
2025-05-05T17:51:20.036085,-5.574089999999857,0.08952020202019972,0
2025-05-05T17:51:20.058592,2.094959999999991,0.09330808080807866,0
2025-05-05T17:51:20.081130,0.5985599999999341,0.08952020202019972,0
2025-05-05T17:51:20.103595,1.1597099999999554,0.09330808080807866,0
2025-05-05T17:51:20.126890,2.656110000000012,0.09141414141413919,0
2025-05-05T17:51:20.151055,-0.33669000000010135,0.09141414141413919,0
2025-05-05T17:51:20.173889,-8.00573999999995,0.09141414141413919,0
2025-05-05T17:51:20.196444,2.8431600000000192,-0.9616161616161634,0
2025-05-05T17:51:20.219484,-33.07044000000001,0.13876262626262584,0
2025-05-05T17:51:20.241989,267.5189099999999,0.8982323232323202,0
2025-05-05T17:51:20.265088,-362.4654900000001,-1.0960858585858608,0
2025-05-05T17:51:20.287908,230.6700599999998,1.0061868686868698,0
2025-05-05T17:51:20.310745,40.0661100000001,0.0857323232323208,0
2025-05-05T17:51:20.333844,-303.9188400000001,-0.8574494949494972,0
2025-05-05T17:51:20.356809,367.9647600000001,1.2921717171717155,0
2025-05-05T17:51:20.379650,-249.11319000000023,-0.7457070707070732,0
2025-05-05T17:51:20.402767,34.45460999999989,0.2637626262626261,0
2025-05-05T17:51:20.425257,283.04406,0.9645202020202014,0
2025-05-05T17:51:20.447817,-362.0913900000001,-1.0790404040404058,0
2025-05-05T17:51:20.470219,142.94361,0.5970959595959586,0
2025-05-05T17:51:20.492667,201.11616,0.7050505050505036,0
2025-05-05T17:51:20.515111,-368.26403999999985,-1.0960858585858608,0
2025-05-05T17:51:20.538849,270.32466,1.0061868686868698,0
2025-05-05T17:51:20.562299,-135.94793999999993,-0.5279040404040436,0
2025-05-05T17:51:20.584753,-157.83278999999987,-0.3820707070707093,0
2025-05-05T17:51:20.607426,362.7273599999999,1.2561868686868658,0
2025-05-05T17:51:20.629865,-280.3505400000001,-0.8347222222222236,0
2025-05-05T17:51:20.652553,-11.933790000000098,0.10656565656565492,0
2025-05-05T17:51:20.675909,256.4829599999999,0.87929292929293,0
2025-05-05T17:51:20.698414,-367.88993999999985,-1.092297979797982,0
2025-05-05T17:51:20.721054,214.9578600000001,0.850883838383838,0
2025-05-05T17:51:20.743930,110.02281000000009,0.40391414141414206,0
2025-05-05T17:51:20.767152,-294.19224000000014,-0.7779040404040396,0
2025-05-05T17:51:20.790252,350.3820599999999,1.2883838383838366,0
2025-05-05T17:51:20.813471,-285.77498999999983,-0.8574494949494972,0
2025-05-05T17:51:20.836083,-10.811490000000056,0.10656565656565492,0
2025-05-05T17:51:20.858629,298.38216000000017,1.0345959595959573,0
2025-05-05T17:51:20.881114,-352.36479000000014,-1.0411616161616164,0
2025-05-05T17:51:20.903663,113.20266000000022,0.5175505050505055,0
2025-05-05T17:51:20.926095,222.81395999999995,0.7770202020201988,0
2025-05-05T17:51:20.949912,-362.8395900000001,-1.0695707070707083,0
2025-05-05T17:51:20.973017,351.31730999999996,1.2618686868686841,0
2025-05-05T17:51:20.996352,-153.90474000000017,-0.5657828282828284,0
2025-05-05T17:51:21.018973,-81.32934000000007,-0.1036616161616168,0
2025-05-05T17:51:21.041843,337.28855999999985,1.1690656565656548,0
2025-05-05T17:51:21.064533,-350.8683900000001,-1.0411616161616164,0
2025-05-05T17:51:21.087667,179.9795100000001,0.7486111111111113,0
2025-05-05T17:51:21.110357,147.05871000000016,0.5516414141414114,0
2025-05-05T17:51:21.132921,-358.91153999999995,-1.0203282828282823,0
2025-05-05T17:51:21.155756,296.69871000000006,1.1084595959595964,0
2025-05-05T17:51:21.178838,-82.45164000000011,-0.2987373737373728,0
2025-05-05T17:51:21.201276,-222.1779900000001,-0.5771464646464652,0
2025-05-05T17:51:21.224490,359.5475099999998,1.2561868686868658,0
2025-05-05T17:51:21.247106,-285.21383999999983,-0.8612373737373761,0
2025-05-05T17:51:21.269633,-8.940989999999985,0.1179292929292917,0
2025-05-05T17:51:21.292043,295.76346000000007,1.0876262626262623,0
2025-05-05T17:51:21.315285,-361.71729000000005,-1.0904040404040425,0
2025-05-05T17:51:21.337777,182.9723100000002,0.7372474747474745,0
2025-05-05T17:51:21.361609,62.13801000000005,0.23345959595959462,0
2025-05-05T17:51:21.384223,-268.19229000000007,-0.7854797979797975,0
2025-05-05T17:51:21.407207,365.9072100000001,1.290277777777776,0
2025-05-05T17:51:21.429696,-205.1564399999999,-0.6188131313131335,0
2025-05-05T17:51:21.452393,-104.14944000000006,-0.18510101010100932,0
2025-05-05T17:51:21.474901,346.6410600000002,1.1993686868686861,0
2025-05-05T17:51:21.497951,-341.7029400000002,-1.0241161616161611,0
2025-05-05T17:51:21.520501,87.01566000000011,0.4171717171717183,0
2025-05-05T17:51:21.542997,240.02256000000014,0.8395202020202012,0
2025-05-05T17:51:21.566213,-366.9546899999998,-1.0904040404040425,0
2025-05-05T17:51:21.589703,322.1375100000002,1.18611111111111,0
2025-05-05T17:51:21.612536,-111.44438999999988,-0.2362373737373749,0
2025-05-05T17:51:21.636013,-108.63864000000022,-0.13775252525252718,0
2025-05-05T17:51:21.658563,340.28135999999995,1.174747474747473,0
2025-05-05T17:51:21.681106,-323.37203999999997,-0.9672979797979817,0
2025-05-05T17:51:21.703682,50.72796000000006,0.30542929292928983,0
2025-05-05T17:51:21.726264,262.84266000000014,0.8982323232323202,0
2025-05-05T17:51:21.748795,-364.14894000000015,-1.0904040404040425,0
2025-05-05T17:51:21.772585,235.34631,0.9058080808080781,0
2025-05-05T17:51:21.795629,-41.113589999999874,-0.18510101010100932,0
2025-05-05T17:51:21.818852,-252.85418999999993,-0.5676767676767679,0
2025-05-05T17:51:21.841419,363.47556,1.2523989898989867,0
2025-05-05T17:51:21.864041,-273.9908399999998,-0.8309343434343447,0
2025-05-05T17:51:21.886358,-33.444540000000025,-0.060101010101009086,0
2025-05-05T17:51:21.908923,326.8137599999999,1.1311868686868654,0
2025-05-05T17:51:21.931511,-338.1489900000001,-1.0184343434343428,0
2025-05-05T17:51:21.954021,72.42576,0.3679292929292922,0
2025-05-05T17:51:21.977094,249.00096000000005,0.8433080808080802,0
2025-05-05T17:51:22.000401,-348.81084000000004,-1.0070707070707061,0
2025-05-05T17:51:22.022854,312.03681000000023,1.1084595959595964,0
2025-05-05T17:51:22.045455,-21.660390000000024,-0.04684343434343731,0
2025-05-05T17:51:22.068415,-273.9908399999998,-0.6339646464646492,0
2025-05-05T17:51:22.090977,369.0870600000002,1.2770202020201997,0
2025-05-05T17:51:22.113662,-205.71758999999992,-0.6282828282828309,0
2025-05-05T17:51:22.136252,-93.48759000000008,-0.16616161616161917,0
2025-05-05T17:51:22.158901,340.65546,1.1690656565656548,0
2025-05-05T17:51:22.182068,-322.0626899999999,-1.052525252525253,0
2025-05-05T17:51:22.205431,198.3104099999999,0.8470959595959591,0
2025-05-05T17:51:22.228252,46.612859999999905,0.24292929292929197,0
2025-05-05T17:51:22.250874,-326.55189000000007,-0.9369949494949503,0
2025-05-05T17:51:22.273402,339.1590599999999,1.189898989898989,0
2025-05-05T17:51:22.295848,-86.0055899999998,-0.15101010101010343,0
2025-05-05T17:51:22.318632,-243.68874000000002,-0.6093434343434362,0
2025-05-05T17:51:22.341241,368.7129600000002,1.2827020202020183,0
2025-05-05T17:51:22.363880,-228.35063999999988,-0.7021464646464655,0
2025-05-05T17:51:22.388519,-98.91203999999985,-0.1869949494949488,0
2025-05-05T17:51:22.411671,121.43286000000009,0.3016414141414109,0
2025-05-05T17:51:22.435025,-330.1058400000002,-0.8101010101010105,0
2025-05-05T17:51:22.457648,361.41800999999987,1.2808080808080788,0
2025-05-05T17:51:22.480241,-183.45863999999995,-0.5582070707070707,0
2025-05-05T17:51:22.502891,-140.0630400000001,-0.2930555555555544,0
2025-05-05T17:51:22.525491,354.12306000000007,1.2277777777777783,0
2025-05-05T17:51:22.548156,-305.04114000000015,-0.927525252525253,0
2025-05-05T17:51:22.571458,110.58396000000012,0.5194444444444449,0
2025-05-05T17:51:22.594407,206.9147099999998,0.6974747474747458,0
2025-05-05T17:51:22.617354,-358.53743999999995,-1.0297979797979795,0
2025-05-05T17:51:22.640053,309.2310600000001,1.1179292929292937,0
2025-05-05T17:51:22.665763,-47.28624000000011,-0.8006313131313132,0
2025-05-05T17:51:22.694864,374.69855999999993,0.9323232323232306,0
2025-05-05T17:51:22.723700,-0.14964000000009428,0.8395202020202012,0
2025-05-05T17:51:22.752706,-360.78204000000005,-0.9085858585858583,0
2025-05-05T17:51:22.780602,223.74920999999998,0.02133838383838345,0
2025-05-05T17:51:22.807686,163.89320999999993,1.174747474747473,0
2025-05-05T17:51:22.835891,-369.1992899999999,-1.0184343434343428,0
2025-05-05T17:51:22.864644,23.60570999999992,-0.28358585858586155,0
2025-05-05T17:51:22.892972,277.4325599999998,1.2978535353535339,0
2025-05-05T17:51:22.921220,-311.77493999999996,-0.3025252525252517,0
2025-05-05T17:51:22.949590,-66.36533999999995,-0.8290404040404052,0
2025-05-05T17:51:22.977360,356.74176000000017,1.2164141414141414,0
2025-05-05T17:51:23.005143,-274.5519899999999,-0.1036616161616168,0
2025-05-05T17:51:23.032655,-82.63869000000012,-0.6680555555555551,0
2025-05-05T17:51:23.060592,353.37486,1.1046717171717173,0
2025-05-05T17:51:23.088321,-258.2786400000001,-0.18510101010100932,0
2025-05-05T17:51:23.116214,-42.79703999999994,-0.7854797979797975,0
2025-05-05T17:51:23.144063,353.37486,1.2258838383838386,0
2025-05-05T17:51:23.171962,-260.5232400000002,-0.03358585858586105,0
2025-05-05T17:51:23.200133,-135.3867899999999,-0.9426767676767687,0
2025-05-05T17:51:23.228320,372.0798599999998,1.021338383838381,0
2025-05-05T17:51:23.256048,-118.73934000000015,0.3906565656565658,0
2025-05-05T17:51:23.284078,-186.63849000000008,-1.0241161616161611,0
2025-05-05T17:51:23.311721,362.9144099999999,1.1027777777777779,0
2025-05-05T17:51:23.339061,-187.1996400000001,0.027020202020201847,0
2025-05-05T17:51:23.365406,-115.93359000000005,-0.7551767676767706,0
2025-05-05T17:51:23.391228,253.1160600000002,1.1709595959595942,0
2025-05-05T17:51:23.416762,-307.65984000000026,-1.0430555555555558,0
2025-05-05T17:51:23.442360,350.0079599999999,1.2883838383838366,0
2025-05-05T17:51:23.469784,-358.91153999999995,-0.9654040404040423,0
2025-05-05T17:51:23.497030,221.31755999999987,0.3773989898989895,0
2025-05-05T17:51:23.525933,175.1162099999999,1.2239898989898992,0
2025-05-05T17:51:23.553757,-362.2784400000001,-0.7968434343434343,0
2025-05-05T17:51:23.581080,153.97956,-0.20593434343434344,0
2025-05-05T17:51:23.609009,156.7853100000001,1.182323232323231,0
2025-05-05T17:51:23.637074,-363.77484000000015,-0.8517676767676788,0
2025-05-05T17:51:23.665074,166.51191000000003,-0.19457070707070667,0
2025-05-05T17:51:23.693836,308.6699100000001,1.2959595959595944,0
2025-05-05T17:51:23.721482,-320.94038999999987,-0.1642676767676797,0
2025-05-05T17:51:23.750435,-75.90488999999987,-0.840404040404042,0
2025-05-05T17:51:23.778966,373.2021599999999,0.9777777777777777,0
2025-05-05T17:51:23.807228,-90.49478999999998,0.5952020202020191,0
2025-05-05T17:51:23.835974,-300.73899,-1.092297979797982,0
2025-05-05T17:51:23.863315,153.04430999999997,0.2637626262626261,0
2025-05-05T17:51:23.888979,-89.93363999999995,0.21452020202019997,0
2025-05-05T17:51:23.915402,-21.84744000000003,-0.5904040404040415,0
2025-05-05T17:51:23.941768,210.46865999999991,1.0895202020202017,0
2025-05-05T17:51:23.969155,-319.0698900000002,-1.0904040404040425,0
2025-05-05T17:51:23.996359,323.0727600000002,0.4853535353535346,0
2025-05-05T17:51:24.024712,-2.5812900000001866,0.8281565656565644,0
2025-05-05T17:51:24.052209,-339.64539000000013,-1.0619949494949505,0
2025-05-05T17:51:24.081008,164.64140999999995,0.2012626262626237,0
2025-05-05T17:51:24.110001,184.84280999999984,1.2410353535353544,0
2025-05-05T17:51:24.138693,-339.45834000000013,-0.427525252525252,0
2025-05-05T17:51:24.166503,-115.37244000000004,-0.8101010101010105,0
2025-05-05T17:51:24.192297,300.8138099999998,1.2315656565656572,0
2025-05-05T17:51:24.217902,-337.58784,-1.0960858585858608,0
2025-05-05T17:51:24.243897,372.0798599999998,1.2448232323232333,0
2025-05-05T17:51:24.269537,-354.9834899999998,-0.9294191919191924,0
2025-05-05T17:51:24.295294,331.8641100000001,0.9304292929292911,0
2025-05-05T17:51:24.320908,-277.17069,-0.4919191919191938,0
2025-05-05T17:51:24.346700,220.75640999999987,0.4455808080808058,0
2025-05-05T17:51:24.374916,50.54091000000005,0.6880050505050485,0
2025-05-05T17:51:24.405219,-322.0626899999999,-0.5222222222222253,0
2025-05-05T17:51:24.433166,46.23875999999989,-0.539267676767676,0
2025-05-05T17:51:24.459895,321.20226000000014,1.2675505050505025,0
2025-05-05T17:51:24.485475,-363.0266400000001,-1.0695707070707083,0
2025-05-05T17:51:24.511944,368.3388600000001,0.9702020202020198,0
2025-05-05T17:51:24.537546,-295.1274900000002,-0.563888888888889,0
2025-05-05T17:51:24.564317,242.82830999999982,0.3073232323232293,0
2025-05-05T17:51:24.591995,99.36096000000013,1.070580808080807,0
2025-05-05T17:51:24.619979,-331.6022399999998,-1.0582070707070717,0
2025-05-05T17:51:24.647179,379.18776000000014,0.6539141414141425,0
2025-05-05T17:51:24.673722,-24.653190000000137,0.5895202020202007,0
2025-05-05T17:51:24.699419,-81.8904900000001,-0.5941919191919205,0
2025-05-05T17:51:24.725023,205.41831000000016,0.7808080808080777,0
2025-05-05T17:51:24.750684,-308.78213999999986,0.10088383838383652,0
2025-05-05T17:51:24.777691,332.2382100000001,0.09709595959595758,0
2025-05-05T17:51:24.805466,-328.7964900000002,0.09520202020201812,1
